{
    "meanAvailabilityFromY": {
        "T10": {
            "st": [
                0.001029132372618033,
                0.0008735821896834608,
                0.0009016076491830345,
                1.0025451099933418
            ],
            "conf": [
                0.00015681584555412946,
                0.00012414536696751428,
                0.00013778273144349665,
                0.09529242989948135
            ]
        }
    },
    "loadFromY": {
        "T10": {
            "st": [
                0.6947935385841029,
                0.0003936889911823904,
                0.0004364554881828704,
                0.32125270554518937
            ],
            "conf": [
                0.07233709622446081,
                6.379031001453734e-05,
                6.783230115138769e-05,
                0.04190274076434701
            ]
        }
    },
    "meanResponseP1Availability": {
        "T10": {
            "st": [
                0.0036129400483521797,
                0.003476175271042479,
                0.00327888796645503,
                0.9975123639198528
            ],
            "conf": [
                0.000588294477546576,
                0.0005865824538856578,
                0.0005547470869876575,
                0.08727933958827315
            ]
        }
    },
    "meanResponseP2Availability": {
        "T10": {
            "st": [
                0.0031284008340564475,
                0.0030010013545033382,
                0.003214697385463351,
                1.001861802664625
            ],
            "conf": [
                0.0004661960996088901,
                0.0005488598199433768,
                0.0005193112101806274,
                0.0931585008639501
            ]
        }
    },
    "meanResponseP3Availability": {
        "T10": {
            "st": [
                0.003440505144409212,
                0.0032588174002312308,
                0.003313085981764035,
                1.0073392472114562
            ],
            "conf": [
                0.0005624995217061048,
                0.0004928736054698716,
                0.0005715726089127142,
                0.0922507400942948
            ]
        }
    }
}