{
    "meanLatencyFromY": {
        "T10": {
            "st": [
                1.0183772269728295,
                0.0,
                0.0,
                0.013924782337388097
            ],
            "conf": [
                0.10173300498026809,
                0.0,
                0.0,
                0.0037333215203996678
            ]
        }
    },
    "meanAvailabilityFromY": {
        "T10": {
            "st": [
                0.001090082496491981,
                7.218282673295932e-08,
                0.00782375292987862,
                0.9958645876564254
            ],
            "conf": [
                0.00019793069594595822,
                5.950680614836663e-08,
                0.0012808715251160507,
                0.08776239345237741
            ]
        }
    },
    "meanResponseGFastLatency": {
        "T10": {
            "st": [
                1.0210578845052818,
                0.0,
                1.1205151423368033e-05,
                0.06285670774574256
            ],
            "conf": [
                0.09696061894348655,
                0.0,
                4.505988724626252e-06,
                0.014952491651892729
            ]
        }
    },
    "meanResponseGMediumLatency": {
        "T10": {
            "st": [
                1.0091499011571472,
                0.0,
                1.2498728441016814e-05,
                0.0613579614122268
            ],
            "conf": [
                0.09541799421763039,
                0.0,
                2.4012308009753846e-06,
                0.01645005580161183
            ]
        }
    },
    "meanResponseGSlowLatency": {
        "T10": {
            "st": [
                1.0135224223532937,
                0.0,
                3.640479514087629e-05,
                0.06322514126994808
            ],
            "conf": [
                0.07762651987312909,
                0.0,
                1.1726161296129465e-05,
                0.01666348020686628
            ]
        }
    },
    "meanResponseGFastAvailability": {
        "T10": {
            "st": [
                0.0020950941831985067,
                2.0794182846473448e-07,
                0.0037278794948122328,
                0.9999902064260368
            ],
            "conf": [
                0.0002918990497369793,
                1.9270915569007207e-07,
                0.0007381442451291116,
                0.08128837285167734
            ]
        }
    },
    "meanResponseGMediumAvailability": {
        "T10": {
            "st": [
                0.0031315907052152144,
                0.0,
                0.007142504638077838,
                0.9978520202268788
            ],
            "conf": [
                0.0005027288845647694,
                0.0,
                0.0014259636466193411,
                0.08914379258232141
            ]
        }
    },
    "meanResponseGSlowAvailability": {
        "T10": {
            "st": [
                0.00374684910514063,
                5.384909033922559e-07,
                0.021528082725554554,
                0.9746979497088442
            ],
            "conf": [
                0.0008239864030926315,
                5.918230268821252e-07,
                0.004375673376943861,
                0.08569377479543276
            ]
        }
    }
}