{
    "meanAvailabilityFromY": {
        "T10": {
            "st": [
                0.8638680506879582,
                0.8709040794405607,
                0.7193218184182952,
                0.8487709330498644
            ],
            "conf": [
                0.11866707800399236,
                0.10864526589013265,
                0.09839510535389268,
                0.11594031294446978
            ]
        }
    },
    "loadFromY": {
        "T10": {
            "st": [
                0.040081873136866425,
                0.9418711412977927,
                0.00015114461420847607,
                0.1544322661182003
            ],
            "conf": [
                0.017109958561013636,
                0.12561427478428852,
                6.542914522937696e-05,
                0.05806163156922962
            ]
        }
    },
    "meanResponseP1Availability": {
        "T10": {
            "st": [
                0.9718483657503917,
                0.9034626709303332,
                0.8132795262209814,
                0.7004163557674093
            ],
            "conf": [
                0.11816899325998081,
                0.12123350153368118,
                0.10504996365141885,
                0.0928439424889702
            ]
        }
    },
    "meanResponseP2Availability": {
        "T10": {
            "st": [
                0.981150030155079,
                0.9206611300968449,
                0.8115610782448754,
                0.7426281849893369
            ],
            "conf": [
                0.11788465067167016,
                0.13106071896668986,
                0.11607011401659915,
                0.09642130586558822
            ]
        }
    },
    "meanResponseP3Availability": {
        "T10": {
            "st": [
                0.8955587384405187,
                1.0794197357231583,
                0.8319862425773663,
                0.7992266060690321
            ],
            "conf": [
                0.1047689796807056,
                0.11972588462044229,
                0.11768438218592026,
                0.1030713300561089
            ]
        }
    }
}