{
    "loadFromY": {
        "EndingNMean": {
            "st": [
                7.579052776461248e-06,
                1.0637759533535236,
                0.0,
                0.09817751688373641
            ],
            "conf": [
                3.538227915697614e-06,
                0.24033845398962014,
                0.0,
                0.04004971088370144
            ]
        }
    },
    "meanLatencyFromY": {
        "EndingNMean": {
            "st": [
                0.009794077846280695,
                0.9565901125709176,
                0.0,
                0.32062341329953953
            ],
            "conf": [
                0.010672710504540998,
                0.1905926262685748,
                0.0,
                0.085326704035181
            ]
        }
    },
    "meanResponseP1Latency": {
        "EndingNMean": {
            "st": [
                0.007876101190994871,
                1.0063530023176905,
                2.593239446191874e-10,
                0.6673573070184357
            ],
            "conf": [
                0.009069485824419259,
                0.32880685344228017,
                1.5438976213898832e-10,
                0.27153223859654296
            ]
        }
    },
    "meanResponseP2Latency": {
        "EndingNMean": {
            "st": [
                0.007494130659781273,
                0.9232489923840338,
                2.510253972864122e-10,
                0.5187592286853778
            ],
            "conf": [
                0.0029157447793986746,
                0.18133473142720005,
                9.179271569600262e-11,
                0.12086283311912534
            ]
        }
    },
    "meanResponseP3Latency": {
        "EndingNMean": {
            "st": [
                0.0051544292728535725,
                0.9409997417354921,
                1.2881480943352394e-09,
                0.5891851108910499
            ],
            "conf": [
                0.004528884905229723,
                0.32656935743317855,
                6.563992920588108e-10,
                0.29962440614260766
            ]
        }
    }
}