{
    "loadFromY": {
        "EndingNMean": {
            "st": [
                7.579052776461248e-06,
                1.0637759533535236,
                0.0,
                0.09817751688373641
            ],
            "conf": [
                3.196706461872581e-06,
                0.22067777865670948,
                0.0,
                0.05141139126678366
            ]
        }
    },
    "meanLatencyFromY": {
        "EndingNMean": {
            "st": [
                0.009794077846280695,
                0.9565901125709176,
                0.0,
                0.32062341329953953
            ],
            "conf": [
                0.009434945693589913,
                0.17696165955818954,
                0.0,
                0.09276543212789251
            ]
        }
    },
    "meanResponseP1Availability": {
        "EndingNMean": {
            "st": [
                0.0005806520622028717,
                0.7353545760943615,
                0.30041491717477553,
                0.06869210383728354
            ],
            "conf": [
                0.0003948196335725332,
                0.21436409013385183,
                0.13821480658018537,
                0.04379938142281012
            ]
        }
    },
    "meanResponseP2Availability": {
        "EndingNMean": {
            "st": [
                0.001141984440712534,
                0.6328007555047315,
                0.5714112719972729,
                0.13245590601654403
            ],
            "conf": [
                0.000568490547393646,
                0.17886645588021793,
                0.15947522887007068,
                0.05046144171704917
            ]
        }
    },
    "meanResponseP3Availability": {
        "EndingNMean": {
            "st": [
                0.001140873191559769,
                0.008289116622549886,
                0.9918927071913737,
                0.00253826992434511
            ],
            "conf": [
                0.00043293587833841254,
                0.007880164462370175,
                0.19170277482825052,
                0.0017812423663159176
            ]
        }
    }
}