{
    "meanAvailabilityFromY": {
        "T10": {
            "st": [
                0.006869015029420142,
                9.777459189715621e-05,
                0.0,
                0.9969221247946977
            ],
            "conf": [
                0.0011836389403767176,
                1.8524515677214205e-05,
                0.0,
                0.08889635914020048
            ]
        }
    },
    "loadFromY": {
        "T10": {
            "st": [
                0.9999116469666397,
                0.0,
                0.0,
                0.0
            ],
            "conf": [
                0.0951862780507336,
                0.0,
                0.0,
                0.0
            ]
        }
    },
    "meanResponseP1Availability": {
        "T10": {
            "st": [
                0.038445103663832726,
                0.00036110873087173527,
                0.0,
                0.9791210382536928
            ],
            "conf": [
                0.0060614970197302035,
                9.403069656707688e-05,
                0.0,
                0.0858730466719732
            ]
        }
    },
    "meanResponseP2Availability": {
        "T10": {
            "st": [
                0.04913313416502188,
                0.0003220610333500582,
                0.0,
                0.9588141150252123
            ],
            "conf": [
                0.007526198704063018,
                7.749030755643189e-05,
                0.0,
                0.08310710873388251
            ]
        }
    },
    "meanResponseP3Availability": {
        "T10": {
            "st": [
                0.02298751084878051,
                0.0002927209507447125,
                0.0,
                0.9998825251496722
            ],
            "conf": [
                0.004313548394635524,
                5.778736748554946e-05,
                0.0,
                0.0934688995569351
            ]
        }
    }
}