{
    "meanAvailabilityFromY": {
        "T10": {
            "st": 0.9969221247946977,
            "conf": 0.08889635914020048
        }
    },
    "loadFromY": {
        "T10": {
            "st": 0.0,
            "conf": 0.0
        }
    },
    "meanResponseP1Availability": {
        "T10": {
            "st": 0.9791210382536928,
            "conf": 0.0858730466719732
        }
    },
    "meanResponseP2Availability": {
        "T10": {
            "st": 0.9588141150252123,
            "conf": 0.08310710873388251
        }
    },
    "meanResponseP3Availability": {
        "T10": {
            "st": 0.9998825251496722,
            "conf": 0.0934688995569351
        }
    }
}