{
    "loadFromY": {
        "EndingNMean": {
            "st": [
                0.0003092073434809697,
                0.11475135611678236,
                0.0,
                0.9864310434766891
            ],
            "conf": [
                0.00023640169463817463,
                0.04384414462356593,
                0.0,
                0.14718562195713877
            ]
        }
    },
    "meanLatencyFromY": {
        "EndingNMean": {
            "st": [
                0.030924128251236062,
                0.8906543920616767,
                0.0,
                0.4730982854939132
            ],
            "conf": [
                0.02691084968157913,
                0.20662485583442652,
                0.0,
                0.1547054792566441
            ]
        }
    }
}