{
    "meanLatencyFromY": {
        "EndingNMean": {
            "st": [
                0.9526413971829014,
                0.8814959553864996,
                0.853212680135893,
                0.9251600529131544
            ],
            "conf": [
                0.18406435090706738,
                0.24616957266648334,
                0.23701094765325378,
                0.25922124384324524
            ]
        }
    },
    "meanAvailabilityFromY": {
        "EndingNMean": {
            "st": [
                0.060278918490259306,
                0.0016861140949091414,
                0.8235853208778556,
                0.19621366449414668
            ],
            "conf": [
                0.01791603235024787,
                0.00047564818398415626,
                0.14782577240860162,
                0.06423883084903817
            ]
        }
    }
}