{
    "meanLatencyFromY": {
        "T10": {
            "st": [
                0.006628217203839859,
                0.1459033876950086,
                0.001408459223466176,
                0.9294592288449384
            ],
            "conf": [
                0.0032037438950922774,
                0.0723513957944523,
                0.0005649682949701607,
                0.23566797415017854
            ]
        }
    },
    "meanAvailabilityFromY": {
        "T10": {
            "st": [
                0.0031231018375713774,
                0.07993383395995032,
                0.0021342370475802576,
                0.9637813016985306
            ],
            "conf": [
                0.0014825968293226165,
                0.0429541735567998,
                0.0006916259424107378,
                0.23186098118949308
            ]
        }
    },
    "meanResponseGFastLatency": {
        "T10": {
            "st": [
                0.00993134378540374,
                0.15367307568075877,
                0.00475666688421951,
                0.9270271080845486
            ],
            "conf": [
                0.004226230999863558,
                0.06848935357592353,
                0.002082556079224115,
                0.2530962110636042
            ]
        }
    },
    "meanResponseGMediumLatency": {
        "T10": {
            "st": [
                0.01240268581680959,
                0.145660140544758,
                0.0035786781659665643,
                0.927906083355348
            ],
            "conf": [
                0.006337657535386731,
                0.06599987668395682,
                0.0015453973427596165,
                0.265775320229421
            ]
        }
    },
    "meanResponseGSlowLatency": {
        "T10": {
            "st": [
                0.007683127988712071,
                0.14655033591578726,
                0.00452842405949551,
                0.9321325496535746
            ],
            "conf": [
                0.0029451107166489727,
                0.0596472728639904,
                0.0021052828836451267,
                0.2420553278174442
            ]
        }
    },
    "meanResponseGFastAvailability": {
        "T10": {
            "st": [
                0.004360295303350197,
                0.08038179503565553,
                0.003353514679403895,
                0.9687008046838904
            ],
            "conf": [
                0.0022101009135778184,
                0.04481772547565604,
                0.0011019363863122146,
                0.20957866769973468
            ]
        }
    },
    "meanResponseGMediumAvailability": {
        "T10": {
            "st": [
                0.0060528574683443494,
                0.08040083545011245,
                0.0026422131828300996,
                0.9617543961989619
            ],
            "conf": [
                0.0030365908316667134,
                0.03466539405392107,
                0.0007789833519002323,
                0.24864777371414082
            ]
        }
    },
    "meanResponseGSlowAvailability": {
        "T10": {
            "st": [
                0.0036693518760761196,
                0.08099126453794374,
                0.003918289224729976,
                0.9599360930708413
            ],
            "conf": [
                0.0014631898343878387,
                0.04317480664075061,
                0.0014901561326042302,
                0.2405142698033551
            ]
        }
    }
}