{
    "meanLatencyFromY": {
        "T10": {
            "st": 0.9294592288449384,
            "conf": 0.23566797415017854
        }
    },
    "meanAvailabilityFromY": {
        "T10": {
            "st": 0.9637813016985306,
            "conf": 0.23186098118949308
        }
    },
    "meanResponseGFastLatency": {
        "T10": {
            "st": 0.9270271080845486,
            "conf": 0.2530962110636042
        }
    },
    "meanResponseGMediumLatency": {
        "T10": {
            "st": 0.927906083355348,
            "conf": 0.265775320229421
        }
    },
    "meanResponseGSlowLatency": {
        "T10": {
            "st": 0.9321325496535746,
            "conf": 0.2420553278174442
        }
    },
    "meanResponseGFastAvailability": {
        "T10": {
            "st": 0.9687008046838904,
            "conf": 0.20957866769973468
        }
    },
    "meanResponseGMediumAvailability": {
        "T10": {
            "st": 0.9617543961989619,
            "conf": 0.24864777371414082
        }
    },
    "meanResponseGSlowAvailability": {
        "T10": {
            "st": 0.9599360930708413,
            "conf": 0.2405142698033551
        }
    }
}