{
    "meanLatencyFromY": {
        "T10": {
            "st": [
                0.006628217203839859,
                0.1459033876950086,
                0.001408459223466176,
                0.9294592288449384
            ],
            "conf": [
                0.0028799062247004863,
                0.06945782758538427,
                0.0005997156578540919,
                0.25044099488580823
            ]
        }
    },
    "meanAvailabilityFromY": {
        "T10": {
            "st": [
                0.0031231018375713774,
                0.07993383395995032,
                0.0021342370475802576,
                0.9637813016985306
            ],
            "conf": [
                0.0013696976715767645,
                0.03910846235188299,
                0.0007045479198641045,
                0.2511246340386585
            ]
        }
    },
    "meanResponseGFastLatency": {
        "T10": {
            "st": [
                0.00993134378540374,
                0.15367307568075877,
                0.00475666688421951,
                0.9270271080845486
            ],
            "conf": [
                0.004312742838128843,
                0.07270421422250217,
                0.0021210585400727264,
                0.2565878267347251
            ]
        }
    },
    "meanResponseGMediumLatency": {
        "T10": {
            "st": [
                0.01240268581680959,
                0.145660140544758,
                0.0035786781659665643,
                0.927906083355348
            ],
            "conf": [
                0.005724619292297273,
                0.07854152337691063,
                0.001262405612184353,
                0.23371194942490922
            ]
        }
    },
    "meanResponseGSlowLatency": {
        "T10": {
            "st": [
                0.007683127988712071,
                0.14655033591578726,
                0.00452842405949551,
                0.9321325496535746
            ],
            "conf": [
                0.00314299989485826,
                0.07179482574177361,
                0.002736292680878766,
                0.24954950128127742
            ]
        }
    },
    "meanResponseGFastAvailability": {
        "T10": {
            "st": [
                0.004360295303350197,
                0.08038179503565553,
                0.003353514679403895,
                0.9687008046838904
            ],
            "conf": [
                0.0022040118914984333,
                0.03958990346336504,
                0.0010734001462088228,
                0.22157471155349442
            ]
        }
    },
    "meanResponseGMediumAvailability": {
        "T10": {
            "st": [
                0.0060528574683443494,
                0.08040083545011245,
                0.0026422131828300996,
                0.9617543961989619
            ],
            "conf": [
                0.003229010234182142,
                0.04565554829938755,
                0.0008975866329419246,
                0.23901648660001704
            ]
        }
    },
    "meanResponseGSlowAvailability": {
        "T10": {
            "st": [
                0.0036693518760761196,
                0.08099126453794374,
                0.003918289224729976,
                0.9599360930708413
            ],
            "conf": [
                0.0016573502856863864,
                0.04093665687017852,
                0.001523207969621343,
                0.2537452593267461
            ]
        }
    }
}