{
    "meanLatencyFromY": {
        "T10": {
            "st": [
                0.05247293786661004,
                0.0,
                0.0,
                0.8488424329899827
            ],
            "conf": [
                0.03934522636827615,
                0.0,
                0.0,
                0.30177876423350675
            ]
        }
    },
    "meanAvailabilityFromY": {
        "T10": {
            "st": [
                0.0007169433265187583,
                0.0,
                0.0005914059775235698,
                0.9387888997777727
            ],
            "conf": [
                0.0005639581992285915,
                0.0,
                0.0006397066903811503,
                0.2682533521970345
            ]
        }
    },
    "meanResponseGFastLatency": {
        "T10": {
            "st": [
                0.024509395113025533,
                0.0,
                0.0,
                0.7441161655596226
            ],
            "conf": [
                0.053375424975306944,
                0.0,
                0.0,
                0.44459074838708273
            ]
        }
    },
    "meanResponseGMediumLatency": {
        "T10": {
            "st": [
                0.0008506083273554642,
                0.0,
                3.976378421808717e-08,
                0.8890942658346236
            ],
            "conf": [
                0.0017711450867836849,
                0.0,
                7.11336492424161e-08,
                0.2970632721467511
            ]
        }
    },
    "meanResponseGSlowLatency": {
        "T10": {
            "st": [
                0.0009698461678202301,
                0.0,
                3.0701325455849004e-08,
                0.8979745550760017
            ],
            "conf": [
                0.0008208751747226847,
                0.0,
                2.8030951168536858e-08,
                0.33992700051163993
            ]
        }
    },
    "meanResponseGFastAvailability": {
        "T10": {
            "st": [
                0.006391640667173821,
                0.0,
                0.0,
                0.6549535129232915
            ],
            "conf": [
                0.01067650399869998,
                0.0,
                0.0,
                0.44707574606220585
            ]
        }
    },
    "meanResponseGMediumAvailability": {
        "T10": {
            "st": [
                0.0019154004907972397,
                0.0,
                0.0004949497973897008,
                0.9060182182771656
            ],
            "conf": [
                0.001828332184924522,
                0.0,
                0.0006447347763973192,
                0.25299427694541604
            ]
        }
    },
    "meanResponseGSlowAvailability": {
        "T10": {
            "st": [
                0.0009638570793623779,
                0.0,
                0.0006415369953963092,
                0.9517226084768703
            ],
            "conf": [
                0.0008186641300811048,
                0.0,
                0.0006488467666067212,
                0.24137667738641766
            ]
        }
    }
}