{
    "meanLatencyFromY": {
        "T10": {
            "st": [
                0.05247293786661004,
                0.0,
                0.0,
                0.8488424329899827
            ],
            "conf": [
                0.035839893691724405,
                0.0,
                0.0,
                0.2947640309248284
            ]
        }
    },
    "meanAvailabilityFromY": {
        "T10": {
            "st": [
                0.0007169433265187583,
                0.0,
                0.0005914059775235698,
                0.9387888997777727
            ],
            "conf": [
                0.0006384540456012601,
                0.0,
                0.00064990217954969,
                0.2685083199042731
            ]
        }
    },
    "meanResponseGFastLatency": {
        "T10": {
            "st": [
                0.024509395113025533,
                0.0,
                0.0,
                0.7441161655596226
            ],
            "conf": [
                0.04716335294983309,
                0.0,
                0.0,
                0.44675019309929404
            ]
        }
    },
    "meanResponseGMediumLatency": {
        "T10": {
            "st": [
                0.0008506083273554642,
                0.0,
                3.976378421808717e-08,
                0.8890942658346236
            ],
            "conf": [
                0.0011985079977128714,
                0.0,
                1.4589065600036498e-07,
                0.3071491985921514
            ]
        }
    },
    "meanResponseGSlowLatency": {
        "T10": {
            "st": [
                0.0009698461678202301,
                0.0,
                3.0701325455849004e-08,
                0.8979745550760017
            ],
            "conf": [
                0.0009032857105839962,
                0.0,
                3.6147395146111115e-08,
                0.3134504238867938
            ]
        }
    },
    "meanResponseGFastAvailability": {
        "T10": {
            "st": [
                0.006391640667173821,
                0.0,
                0.0,
                0.6549535129232915
            ],
            "conf": [
                0.009110999003818768,
                0.0,
                0.0,
                0.42000129297712424
            ]
        }
    },
    "meanResponseGMediumAvailability": {
        "T10": {
            "st": [
                0.0019154004907972397,
                0.0,
                0.0004949497973897008,
                0.9060182182771656
            ],
            "conf": [
                0.0019901049322742625,
                0.0,
                0.0005565558669558476,
                0.2776962140128063
            ]
        }
    },
    "meanResponseGSlowAvailability": {
        "T10": {
            "st": [
                0.0009638570793623779,
                0.0,
                0.0006415369953963092,
                0.9517226084768703
            ],
            "conf": [
                0.0008098274542988366,
                0.0,
                0.0006877284561905316,
                0.2597348866628989
            ]
        }
    }
}