{
    "meanAvailabilityFromY": {
        "T10": {
            "st": [
                0.8559415544886018,
                0.005486704065974743,
                0.026298164950612928,
                0.46398107211316597
            ],
            "conf": [
                0.12384945769490086,
                0.0011221166006576864,
                0.007077878080908241,
                0.0785205236164941
            ]
        }
    },
    "loadFromY": {
        "T10": {
            "st": [
                0.9999270058151859,
                0.0,
                0.0,
                0.0
            ],
            "conf": [
                0.09246364809401728,
                0.0,
                0.0,
                0.0
            ]
        }
    },
    "meanResponseP1Availability": {
        "T10": {
            "st": [
                0.9618871449198487,
                0.0030786694760214233,
                0.014650196879977125,
                0.15094886981781744
            ],
            "conf": [
                0.08777983264810545,
                0.0006918039200658337,
                0.0027317322610977907,
                0.02185841599402057
            ]
        }
    },
    "meanResponseP2Availability": {
        "T10": {
            "st": [
                0.885174992892633,
                0.00512696146154854,
                0.027235232135645764,
                0.29417443286479233
            ],
            "conf": [
                0.0994487089223398,
                0.0011346872581098244,
                0.00563952585256221,
                0.040840735054304904
            ]
        }
    },
    "meanResponseP3Availability": {
        "T10": {
            "st": [
                0.727392689700985,
                0.015354509818467175,
                0.07763366994170277,
                0.6356989897137999
            ],
            "conf": [
                0.08948271939864828,
                0.0031262506660147448,
                0.01342381705627123,
                0.09588651965861651
            ]
        }
    }
}