{
    "meanLatencyFromY": {
        "EndingNMean": {
            "st": [
                0.9989418055739113,
                0.0011018956252021774,
                0.0,
                0.14458346876517988
            ],
            "conf": [
                0.14502069917212806,
                0.0003450614532843905,
                0.0,
                0.05599085227751605
            ]
        }
    },
    "meanAvailabilityFromY": {
        "EndingNMean": {
            "st": [
                0.25872155355847565,
                0.00403233689785521,
                0.843125805653527,
                0.005273035300262339
            ],
            "conf": [
                0.06540607313349613,
                0.0010258591220188244,
                0.11557549245925836,
                0.001252564628383252
            ]
        }
    },
    "meanResponseGFastLatency": {
        "EndingNMean": {
            "st": [
                1.0294353502409461,
                0.0026452267019305455,
                0.00017761249501481647,
                0.08746680687591175
            ],
            "conf": [
                0.13588941975424484,
                0.0008959029955167183,
                9.544436351985078e-05,
                0.03156135628891012
            ]
        }
    },
    "meanResponseGMediumLatency": {
        "EndingNMean": {
            "st": [
                1.0401232888625318,
                0.0026256057279739715,
                0.00020304343227196052,
                0.09444215639371892
            ],
            "conf": [
                0.1454253970959356,
                0.0008511765120171223,
                0.00011395953173171038,
                0.03340408352226814
            ]
        }
    },
    "meanResponseGSlowLatency": {
        "EndingNMean": {
            "st": [
                1.033667633992077,
                0.002860367688911557,
                0.00023601295261604927,
                0.09471759251533586
            ],
            "conf": [
                0.13235224538941665,
                0.0008827425899884981,
                0.00016005347512633872,
                0.040083752192043395
            ]
        }
    },
    "meanResponseGFastAvailability": {
        "EndingNMean": {
            "st": [
                0.2756043277213928,
                0.01406760322614927,
                0.8203881091788385,
                0.016446982087325798
            ],
            "conf": [
                0.07078568261578418,
                0.0035850378807838926,
                0.12589011352231033,
                0.00385204840153322
            ]
        }
    },
    "meanResponseGMediumAvailability": {
        "EndingNMean": {
            "st": [
                0.2673734699192075,
                0.01325178961300811,
                0.854374960665042,
                0.016740633882885336
            ],
            "conf": [
                0.07483773184947405,
                0.003968415389890785,
                0.1406920020589217,
                0.004763590555427807
            ]
        }
    },
    "meanResponseGSlowAvailability": {
        "EndingNMean": {
            "st": [
                0.2674766098374776,
                0.011569815520802893,
                0.83286844547514,
                0.015171957849327082
            ],
            "conf": [
                0.06929952485066539,
                0.0026435297145982017,
                0.1194264840256291,
                0.004042546468874115
            ]
        }
    }
}