{
    "loadFromY": {
        "EndingNMean": [
            0.00014550822402908289,
            0.01516166253553254,
            0.10794734614509595,
            4.682614887868932e-06,
            0.94179682335163
        ]
    },
    "meanLatencyFromY": {
        "EndingNMean": [
            0.14455288216127513,
            0.038678651203011935,
            0.8314866302993977,
            0.0036887225297440283,
            0.5933839558259096
        ]
    }
}