{
    "meanLatencyFromY": {
        "T10": {
            "st": [
                0.055955762268237334,
                0.0,
                0.0,
                0.9339637815088881
            ],
            "conf": [
                0.014763030875265657,
                0.0,
                0.0,
                0.09222681520911827
            ]
        }
    },
    "meanAvailabilityFromY": {
        "T10": {
            "st": [
                0.0012921514336058908,
                0.0,
                0.001694795423832861,
                0.997385318270697
            ],
            "conf": [
                0.00048057850445597293,
                0.0,
                0.000567769734146571,
                0.09126071628248006
            ]
        }
    },
    "meanResponseGFastLatency": {
        "T10": {
            "st": [
                0.04827197021083859,
                0.0,
                9.363272038194828e-07,
                0.9126603125590058
            ],
            "conf": [
                0.028861819166716964,
                0.0,
                1.7612645501006135e-06,
                0.18586548915176884
            ]
        }
    },
    "meanResponseGMediumLatency": {
        "T10": {
            "st": [
                0.002813369518063498,
                0.0,
                7.895519966306928e-08,
                0.9978328517727789
            ],
            "conf": [
                0.001540100702032655,
                0.0,
                5.1411128457546e-08,
                0.09716152309858689
            ]
        }
    },
    "meanResponseGSlowLatency": {
        "T10": {
            "st": [
                0.0019695774482969015,
                0.0,
                1.4144669483203796e-07,
                0.999418991897367
            ],
            "conf": [
                0.0007851236492005706,
                0.0,
                6.810949089255014e-08,
                0.10439222972862232
            ]
        }
    },
    "meanResponseGFastAvailability": {
        "T10": {
            "st": [
                0.02460552994482093,
                0.0,
                0.00013679507229860636,
                0.8895277869393907
            ],
            "conf": [
                0.015382338959776387,
                0.0,
                0.0003292853290506775,
                0.20012556137998114
            ]
        }
    },
    "meanResponseGMediumAvailability": {
        "T10": {
            "st": [
                0.0050618644190181935,
                0.0,
                0.0007015459871341515,
                0.9895115569698785
            ],
            "conf": [
                0.0032518205594223126,
                0.0,
                0.0003949711625863999,
                0.09314899972751177
            ]
        }
    },
    "meanResponseGSlowAvailability": {
        "T10": {
            "st": [
                0.0009772094293896444,
                0.0,
                0.002065137985440936,
                1.0006588550676023
            ],
            "conf": [
                0.0003905639011254733,
                0.0,
                0.0006365985289307631,
                0.08843387997438092
            ]
        }
    }
}