{
    "meanLatencyFromY": {
        "T10": {
            "st": 0.9339637815088881,
            "conf": 0.09222681520911827
        }
    },
    "meanAvailabilityFromY": {
        "T10": {
            "st": 0.997385318270697,
            "conf": 0.09126071628248006
        }
    },
    "meanResponseGFastLatency": {
        "T10": {
            "st": 0.9126603125590058,
            "conf": 0.18586548915176884
        }
    },
    "meanResponseGMediumLatency": {
        "T10": {
            "st": 0.9978328517727789,
            "conf": 0.09716152309858689
        }
    },
    "meanResponseGSlowLatency": {
        "T10": {
            "st": 0.999418991897367,
            "conf": 0.10439222972862232
        }
    },
    "meanResponseGFastAvailability": {
        "T10": {
            "st": 0.8895277869393907,
            "conf": 0.20012556137998114
        }
    },
    "meanResponseGMediumAvailability": {
        "T10": {
            "st": 0.9895115569698785,
            "conf": 0.09314899972751177
        }
    },
    "meanResponseGSlowAvailability": {
        "T10": {
            "st": 1.0006588550676023,
            "conf": 0.08843387997438092
        }
    }
}