{
    "meanAvailabilityFromY": {
        "T10": {
            "st": [
                0.0029687253568661657,
                1.0739462648649571e-05,
                0.0,
                0.9985533163548931
            ],
            "conf": [
                0.0003531542735900602,
                1.3767475804016299e-06,
                0.0,
                0.057156930193069874
            ]
        }
    },
    "loadFromY": {
        "T10": {
            "st": [
                0.999978816813045,
                0.0,
                0.0,
                0.0
            ],
            "conf": [
                0.06329197123426854,
                0.0,
                0.0,
                0.0
            ]
        }
    },
    "meanResponseP1Availability": {
        "T10": {
            "st": [
                0.009879548597099382,
                3.622368456402256e-05,
                0.0,
                0.9916272900300751
            ],
            "conf": [
                0.001016945636314071,
                5.189097057989315e-06,
                0.0,
                0.06434728330850638
            ]
        }
    },
    "meanResponseP2Availability": {
        "T10": {
            "st": [
                0.007179419302839448,
                4.0073684606474694e-05,
                0.0,
                0.996050745490064
            ],
            "conf": [
                0.0007605647196595546,
                7.117346434457357e-06,
                0.0,
                0.057502859737714546
            ]
        }
    },
    "meanResponseP3Availability": {
        "T10": {
            "st": [
                0.006450262635602478,
                4.140072283577192e-05,
                0.0,
                0.9976498760636144
            ],
            "conf": [
                0.0006819723568057915,
                5.705080357021012e-06,
                0.0,
                0.054473726194709866
            ]
        }
    }
}