{
    "meanLatencyFromY": {
        "CrossCorr": [
            1.0070237657830206,
            0.9627169214811434,
            1.0123650834693665,
            1.0197747304225202,
            0.9223954954528312
        ],
        "TimeSeriesCrossCorr": [
            1.1360701684667271,
            0.912612009958408,
            0.9135390630281325,
            1.0753973647676338,
            0.9077417150732303
        ],
        "TimeSeriesCrossCorrOffset": [
            1.0944594897273523,
            1.0150475453564376,
            1.212559304432816,
            0.9000020362037019,
            1.0578078230946224
        ],
        "EndingNMean": [
            1.1819541249574723,
            0.995487424856599,
            0.9117827643836629,
            1.2342118417735448,
            1.0551445324049546
        ],
        "EndingNSlope": [
            1.0082177898594005,
            0.9595980155756557,
            1.0740249311480987,
            1.140522008610239,
            1.0357671110486477
        ],
        "StartEndMeanDiff": [
            0.9573332119327858,
            1.164892638635813,
            1.1003830089449471,
            0.9824763684157952,
            1.0141558098891037
        ]
    },
    "meanAvailabilityFromY": {
        "CrossCorr": [
            0.0707351015505006,
            0.035749883346158154,
            0.8191200113822708,
            0.3058151228345954,
            0.754341395500747
        ],
        "TimeSeriesCrossCorr": [
            0.08182641289390395,
            0.05343470948989268,
            0.7840778175468684,
            0.3441518234895889,
            0.7628773864127315
        ],
        "TimeSeriesCrossCorrOffset": [
            0.3324594773947266,
            0.4297005893599827,
            0.6649189547894533,
            0.5979014316782633,
            0.7739866884802133
        ],
        "EndingNMean": [
            0.04522361886905264,
            0.027369379768900835,
            0.003783535690510635,
            0.7350342715106438,
            0.2110214155054837
        ],
        "EndingNSlope": [
            1.1787059748265292,
            0.4038579084783579,
            0.9130365091925009,
            0.6041847608631034,
            0.7822823348619798
        ],
        "StartEndMeanDiff": [
            0.4969938348596795,
            0.18903551495150267,
            0.6926563575907554,
            0.5654742325732934,
            0.257484425499462
        ]
    }
}