{
    "meanLatencyFromY": {
        "CrossCorr": [
            1.0070237657830206,
            0.9627169214811434,
            1.0123650834693665,
            1.0197747304225202,
            0.9223954954528312
        ],
        "TimeSeriesCrossCorr": [
            1.1360701684667271,
            0.912612009958408,
            0.9135390630281325,
            1.0753973647676338,
            0.9077417150732303
        ],
        "TimeSeriesCrossCorrOffset": [
            1.0944594897273523,
            1.0150475453564376,
            1.212559304432816,
            0.9000020362037019,
            1.0578078230946224
        ],
        "EndingNMean": [
            1.1819541249574723,
            0.995487424856599,
            0.9117827643836629,
            1.2342118417735448,
            1.0551445324049546
        ],
        "EndingNSlope": [
            1.0082177898594005,
            0.9595980155756557,
            1.0740249311480987,
            1.140522008610239,
            1.0357671110486477
        ],
        "StartEndMeanDiff": [
            0.9573332119327858,
            1.164892638635813,
            1.1003830089449471,
            0.9824763684157952,
            1.0141558098891037
        ],
        "M0": [
            1.1138988321535468,
            1.301401833567114,
            1.0331813092371331,
            1.3005829892856737,
            1.3665202112572237
        ],
        "M1": [
            1.0213295783739693,
            1.6118270406517216e-05,
            2.1331986588440307e-05,
            1.9812561691366615e-05,
            2.046146053123105e-05
        ],
        "M2": [
            1.1236959542791285,
            6.282205367028424e-06,
            4.35894255060982e-06,
            6.557587459726014e-06,
            4.440422642774867e-06
        ],
        "M3": [
            0.9991030460403498,
            3.1696736047839822e-06,
            4.883514707910083e-06,
            5.9715116855501405e-06,
            4.208319362092503e-06
        ],
        "M4": [
            0.9876029892108207,
            5.2072648490280435e-06,
            3.0895523574268956e-06,
            4.946541001818481e-06,
            6.443194483320746e-06
        ],
        "M5": [
            0.9746681446588984,
            4.260085361793824e-06,
            3.816583790901671e-06,
            4.93786489597957e-06,
            4.9844825658324145e-06
        ],
        "S0": [
            0.8431396435949414,
            0.9746300500873156,
            0.8728682451113665,
            1.0613538138149143,
            1.1035147039039448
        ],
        "S1": [
            0.9240518990592305,
            0.9362256829907684,
            0.8766201717507325,
            0.7390946279008015,
            1.3132990142958378
        ],
        "S2": [
            0.9930026289868057,
            1.0855683380267327,
            0.8751369331354191,
            0.9283892887806269,
            0.9275153387119516
        ],
        "S3": [
            0.8939395807181708,
            0.9404557285344898,
            0.818252205766062,
            0.5857405108909755,
            0.7963269727549708
        ],
        "S4": [
            0.888087469209055,
            0.9597842751384067,
            1.1699175749936124,
            0.6759873088651809,
            1.012150117184366
        ],
        "S5": [
            0.7755319171861917,
            0.7419531993459909,
            0.6507875489807714,
            0.5373552455704009,
            0.9615178194496423
        ]
    },
    "meanAvailabilityFromY": {
        "CrossCorr": [
            0.0707351015505006,
            0.035749883346158154,
            0.8191200113822708,
            0.3058151228345954,
            0.754341395500747
        ],
        "TimeSeriesCrossCorr": [
            0.08182641289390395,
            0.05343470948989268,
            0.7840778175468684,
            0.3441518234895889,
            0.7628773864127315
        ],
        "TimeSeriesCrossCorrOffset": [
            0.3324594773947266,
            0.4297005893599827,
            0.6649189547894533,
            0.5979014316782633,
            0.7739866884802133
        ],
        "EndingNMean": [
            0.04522361886905264,
            0.027369379768900835,
            0.003783535690510635,
            0.7350342715106438,
            0.2110214155054837
        ],
        "EndingNSlope": [
            1.1787059748265292,
            0.4038579084783579,
            0.9130365091925009,
            0.6041847608631034,
            0.7822823348619798
        ],
        "StartEndMeanDiff": [
            0.4969938348596795,
            0.18903551495150267,
            0.6926563575907554,
            0.5654742325732934,
            0.257484425499462
        ],
        "M0": [
            0.03448810916566808,
            0.03423544973682251,
            0.3330777036648873,
            0.720823984081613,
            0.0010506664114362967
        ],
        "M1": [
            0.4222501811794325,
            0.018259525087901702,
            0.0020982058590625252,
            0.46829276392721875,
            0.1320930552216078
        ],
        "M2": [
            0.9531465875225773,
            0.0015825661422918262,
            0.000683376925737285,
            0.22132373081406834,
            0.06360164291974942
        ],
        "M3": [
            0.9023764229433331,
            0.0005846726859735878,
            0.0004940792159807742,
            0.18566421539743158,
            0.06372439955147807
        ],
        "M4": [
            0.9202994590643845,
            0.0008599812293231272,
            0.0005747993376211997,
            0.17448890637529169,
            0.0724696048116176
        ],
        "M5": [
            0.9126286396594117,
            0.0005071827685354781,
            0.0002983618793230481,
            0.15345553750429064,
            0.08393302684890393
        ],
        "S0": [
            0.09920738490965249,
            0.04312555809736098,
            0.7410310575633887,
            0.31498334580136095,
            0.21456731434979345
        ],
        "S1": [
            0.8065796523428815,
            0.7919059613094138,
            0.9928036140606766,
            0.7454458978339271,
            0.7451921650046832
        ],
        "S2": [
            1.2109503259639136,
            1.0791282705638299,
            1.2118534951350008,
            0.9839738143692546,
            0.7491617984573565
        ],
        "S3": [
            0.9727640083588496,
            0.7761362171377245,
            0.9164936945597579,
            0.982291581544429,
            1.1069720484311065
        ],
        "S4": [
            1.0652481641563454,
            0.528574832058637,
            0.43184624963864193,
            0.8550211823970993,
            1.0169094164987271
        ],
        "S5": [
            2.2491292735037183,
            2.0826625163444237,
            2.5340256975162543,
            1.3869330223018095,
            0.37342278328113326
        ]
    }
}