{
    "meanLatencyFromY": {
        "EndingNMean": [
            1.1819541249574723,
            0.995487424856599,
            0.9117827643836629,
            1.2342118417735448,
            1.0551445324049546
        ]
    },
    "meanAvailabilityFromY": {
        "EndingNMean": [
            0.04522361886905264,
            0.027369379768900835,
            0.003783535690510635,
            0.7350342715106438,
            0.2110214155054837
        ]
    }
}