{
    "meanAvailabilityFromY": {
        "T10": {
            "st": [
                0.0029552824883569855,
                1.0491380367291199e-05,
                0.0,
                0.9984361856858857
            ],
            "conf": [
                0.00048469634449407856,
                1.7733250958180633e-06,
                0.0,
                0.08719542120515014
            ]
        }
    },
    "loadFromY": {
        "T10": {
            "st": [
                0.9999116469666397,
                0.0,
                0.0,
                0.0
            ],
            "conf": [
                0.09257418912237855,
                0.0,
                0.0,
                0.0
            ]
        }
    },
    "meanResponseP1Availability": {
        "T10": {
            "st": [
                0.009850364618598362,
                3.55981651584951e-05,
                0.0,
                0.9934789018376842
            ],
            "conf": [
                0.0016270713721972599,
                7.971968027733097e-06,
                0.0,
                0.07697179183240217
            ]
        }
    },
    "meanResponseP2Availability": {
        "T10": {
            "st": [
                0.00701308556347194,
                3.7693355815120924e-05,
                0.0,
                0.9926498877409556
            ],
            "conf": [
                0.0010238236522783022,
                1.138758666589449e-05,
                0.0,
                0.09452927133413679
            ]
        }
    },
    "meanResponseP3Availability": {
        "T10": {
            "st": [
                0.006376409394504339,
                4.0093207098304425e-05,
                0.0,
                0.999340034734686
            ],
            "conf": [
                0.0008201950745103819,
                8.160905949037524e-06,
                0.0,
                0.08700165945646786
            ]
        }
    }
}