{
    "meanLatencyFromY": {
        "EndingNMean": [
            0.017154227446279768,
            0.10700474946410878,
            0.0015892503863521837,
            4.387713147238499e-05,
            0.9776627893799819
        ]
    },
    "meanAvailabilityFromY": {
        "EndingNMean": [
            0.003354921070106934,
            0.02791355502374497,
            0.0009728078261389024,
            0.5038297368923947,
            0.6056511233433218
        ]
    }
}