{
    "meanLatencyFromY": {
        "CrossCorr": [
            0.016064360654134455,
            0.3594374005534422,
            0.6820764889004104,
            0.0048044879506008555,
            0.2737620389159609
        ],
        "TimeSeriesCrossCorr": [
            0.01194459028836495,
            0.46485523672760054,
            0.6293299152036085,
            0.0032913440639426106,
            0.1550673108003833
        ],
        "TimeSeriesCrossCorrOffset": [
            0.08169934640522876,
            0.4153050108932462,
            0.5582788671023966,
            0.07489106753812637,
            0.3404139433551198
        ],
        "EndingNMean": [
            0.018456948682127144,
            0.10753869829636407,
            0.0016833104441537896,
            2.7094926638322506e-05,
            0.9763405396655319
        ],
        "EndingNSlope": [
            1.1429743787588023,
            0.03290823120151739,
            0.704992112190776,
            0.005569365065644585,
            0.6076928615826451
        ],
        "StartEndMeanDiff": [
            1.127144635682143,
            0.03694088936515937,
            0.7212548399940517,
            0.010845975041890011,
            0.6183022002867187
        ]
    },
    "meanAvailabilityFromY": {
        "CrossCorr": [
            0.05248829197730596,
            0.0959606040251884,
            0.77156485265991,
            0.09489755942697962,
            0.676066138001866
        ],
        "TimeSeriesCrossCorr": [
            0.08347935294566704,
            0.13595946262439526,
            0.8596567631446187,
            0.1190981991383025,
            0.7484740624487548
        ],
        "TimeSeriesCrossCorrOffset": [
            0.5376940133037694,
            0.49334811529933476,
            0.779379157427938,
            0.425720620842572,
            0.7305986696230596
        ],
        "EndingNMean": [
            0.002846095330239806,
            0.027180753943485833,
            0.0008371372418071264,
            0.5057997975101997,
            0.5923615595190629
        ],
        "EndingNSlope": [
            1.3270253009511204,
            0.16544510449770403,
            0.5715533345734363,
            0.48060226691174374,
            0.7312312404756737
        ],
        "StartEndMeanDiff": [
            1.3250610164624568,
            0.24768659498832007,
            0.5995296715075362,
            0.5865834317399993,
            0.727772870094702
        ]
    }
}