{
    "meanLatencyFromY": {
        "EndingNMean": [
            0.018456948682127144,
            0.10753869829636407,
            0.0016833104441537896,
            2.7094926638322506e-05,
            0.9763405396655319
        ]
    },
    "meanAvailabilityFromY": {
        "EndingNMean": [
            0.002846095330239806,
            0.027180753943485833,
            0.0008371372418071264,
            0.5057997975101997,
            0.5923615595190629
        ]
    }
}