{
    "meanLatencyFromY": {
        "CrossCorr": [
            0.016064360654134455,
            0.3594374005534422,
            0.6820764889004104,
            0.0048044879506008555,
            0.2737620389159609
        ],
        "TimeSeriesCrossCorr": [
            0.01194459028836495,
            0.46485523672760054,
            0.6293299152036085,
            0.0032913440639426106,
            0.1550673108003833
        ],
        "TimeSeriesCrossCorrOffset": [
            0.08169934640522876,
            0.4153050108932462,
            0.5582788671023966,
            0.07489106753812637,
            0.3404139433551198
        ],
        "EndingNMean": [
            0.018456948682127144,
            0.10753869829636407,
            0.0016833104441537896,
            2.7094926638322506e-05,
            0.9763405396655319
        ],
        "EndingNSlope": [
            1.1429743787588023,
            0.03290823120151739,
            0.704992112190776,
            0.005569365065644585,
            0.6076928615826451
        ],
        "StartEndMeanDiff": [
            1.127144635682143,
            0.03694088936515937,
            0.7212548399940517,
            0.010845975041890011,
            0.6183022002867187
        ],
        "M0": [
            0.008982141435984461,
            0.08953534606999944,
            0.9194893997487695,
            1.837985795036603e-05,
            1.5247947172978816e-05
        ],
        "M1": [
            0.4144611003865102,
            0.07071594436597045,
            3.272578561461908e-05,
            1.5798042569876674e-05,
            0.5724380209165842
        ],
        "M2": [
            0.9293341257315252,
            0.0059745437812907705,
            7.039881247673135e-06,
            6.23085503815001e-06,
            0.2504987859199002
        ],
        "M3": [
            0.929783867442884,
            6.021339312173394e-06,
            6.885669671072038e-06,
            6.398934715891563e-06,
            0.18240073977297716
        ],
        "M4": [
            0.9240667590866014,
            7.018210017015489e-06,
            9.044872012051316e-06,
            7.188402599970868e-06,
            0.16543330599427952
        ],
        "M5": [
            0.8868249298347557,
            9.47752751815814e-06,
            1.2166431349923787e-05,
            8.92939662752721e-06,
            0.17602715825856233
        ],
        "S0": [
            0.0053930994314516775,
            0.007317825951940086,
            0.4899985958786743,
            0.00034901845670636493,
            0.5075212993520168
        ],
        "S1": [
            0.2793610409556053,
            0.060076770284016756,
            0.5953300290193234,
            0.06613995867725403,
            0.7511678581214304
        ],
        "S2": [
            0.8692043193253818,
            1.1162218901473695,
            1.095105380369771,
            1.17809433150482,
            0.8708365291886937
        ],
        "S3": [
            1.1401014036460144,
            0.9553553228979051,
            0.8229135240223492,
            0.915252627974414,
            0.8517876440541446
        ],
        "S4": [
            1.1886203034848575,
            1.063160456154072,
            1.241094612351519,
            1.245081420683699,
            1.1397705260814184
        ],
        "S5": [
            1.2744939088104688,
            1.0757169347079343,
            0.7256587883331109,
            1.2271586838499495,
            1.3339986514629651
        ]
    },
    "meanAvailabilityFromY": {
        "CrossCorr": [
            0.05248829197730596,
            0.0959606040251884,
            0.77156485265991,
            0.09489755942697962,
            0.676066138001866
        ],
        "TimeSeriesCrossCorr": [
            0.08347935294566704,
            0.13595946262439526,
            0.8596567631446187,
            0.1190981991383025,
            0.7484740624487548
        ],
        "TimeSeriesCrossCorrOffset": [
            0.5376940133037694,
            0.49334811529933476,
            0.779379157427938,
            0.425720620842572,
            0.7305986696230596
        ],
        "EndingNMean": [
            0.002846095330239806,
            0.027180753943485833,
            0.0008371372418071264,
            0.5057997975101997,
            0.5923615595190629
        ],
        "EndingNSlope": [
            1.3270253009511204,
            0.16544510449770403,
            0.5715533345734363,
            0.48060226691174374,
            0.7312312404756737
        ],
        "StartEndMeanDiff": [
            1.3250610164624568,
            0.24768659498832007,
            0.5995296715075362,
            0.5865834317399993,
            0.727772870094702
        ],
        "M0": [
            0.0011059345266674033,
            0.028759812486955784,
            0.5594941577680781,
            0.5770113091302635,
            0.0007546498774926638
        ],
        "M1": [
            0.1971367501023469,
            0.02654769701491337,
            0.00047291916783030085,
            0.40743463497167315,
            0.5203124453592689
        ],
        "M2": [
            0.7600917111889285,
            0.00046569114467567336,
            0.00044165277058880707,
            0.2960377779829943,
            0.3152602490787439
        ],
        "M3": [
            0.7662386738521989,
            0.0003840888634640829,
            0.00032356277972326377,
            0.24329262206462282,
            0.33812701868737627
        ],
        "M4": [
            0.836674706050463,
            0.0006397365170350454,
            0.0007947175512675444,
            0.2766173418150527,
            0.3687015583392176
        ],
        "M5": [
            0.832762304177416,
            0.0003702719626391793,
            0.0003173154474407292,
            0.21559224964329432,
            0.42276284557961175
        ],
        "S0": [
            0.02343937211307091,
            0.022444579663844607,
            0.5180938570797473,
            0.27235255700975686,
            0.5656508435666752
        ],
        "S1": [
            0.9146766250148664,
            0.763312623179994,
            0.8117955705197252,
            0.5820215764383985,
            0.7927949792974707
        ],
        "S2": [
            1.1918004947330245,
            1.2595315416044879,
            0.9513844539915632,
            0.919557918804228,
            0.9736502918159275
        ],
        "S3": [
            0.9863174729329874,
            0.6539191559802756,
            0.7641670412375079,
            1.0515947414784323,
            0.803661574760266
        ],
        "S4": [
            1.3258475856603258,
            1.5491029765396829,
            0.6258985731456753,
            1.6459253339819346,
            1.8443858895053271
        ],
        "S5": [
            0.9169316309366161,
            0.9331242896540862,
            0.43779618018408567,
            0.8091713008206897,
            1.2057382535929384
        ]
    }
}