{
    "meanAvailabilityFromY": {
        "T10": {
            "st": 0.7559155682499906,
            "conf": 0.10073844517485137
        }
    },
    "loadFromY": {
        "T10": {
            "st": 0.012768905116353153,
            "conf": 0.002352334984523386
        }
    },
    "meanResponseP1Availability": {
        "T10": {
            "st": 0.8050681139991737,
            "conf": 0.10672584564639394
        }
    },
    "meanResponseP2Availability": {
        "T10": {
            "st": 0.8504749372712685,
            "conf": 0.11781937610964124
        }
    },
    "meanResponseP3Availability": {
        "T10": {
            "st": 0.732535740597713,
            "conf": 0.09992269408933206
        }
    }
}