{
    "meanAvailabilityFromY": {
        "T10": {
            "st": [
                0.8603735642831695,
                0.9693217914795649,
                0.39028120003444666,
                0.7559155682499906
            ],
            "conf": [
                0.12752050003880216,
                0.12564562582678554,
                0.06957401420402577,
                0.10073844517485137
            ]
        }
    },
    "loadFromY": {
        "T10": {
            "st": [
                0.7160484632551094,
                0.47564498716314646,
                5.559750347390945e-05,
                0.012768905116353153
            ],
            "conf": [
                0.09160608667809918,
                0.0865405383193622,
                1.4853897458594168e-05,
                0.002352334984523386
            ]
        }
    },
    "meanResponseP1Availability": {
        "T10": {
            "st": [
                0.8054143342584934,
                0.9087371279132674,
                0.46008111112161704,
                0.8050681139991737
            ],
            "conf": [
                0.08724914546952572,
                0.11575979632844513,
                0.09115283908391579,
                0.10672584564639394
            ]
        }
    },
    "meanResponseP2Availability": {
        "T10": {
            "st": [
                0.9159657181385088,
                0.8975261595572959,
                0.41617097297743855,
                0.8504749372712685
            ],
            "conf": [
                0.11672423330698777,
                0.14135770794488023,
                0.0790366110147974,
                0.11781937610964124
            ]
        }
    },
    "meanResponseP3Availability": {
        "T10": {
            "st": [
                0.9288206692745353,
                0.9385624508837762,
                0.36350654580076314,
                0.732535740597713
            ],
            "conf": [
                0.1345656212257948,
                0.11654760699337972,
                0.06195378287115141,
                0.09992269408933206
            ]
        }
    }
}