{
    "meanAvailabilityFromY": {
        "EndingNMean": {
            "st": [
                0.4874911803979784,
                0.06751562302570098,
                0.23471811522709873,
                0.17739700985216758
            ],
            "conf": [
                0.6039995804968458,
                0.08337178763165247,
                0.3081750704734438,
                0.22872231195350312
            ]
        }
    },
    "loadFromY": {
        "EndingNMean": {
            "st": [
                0.3993943972556656,
                0.00019372003559739058,
                0.003413952672649472,
                0.6484388823193169
            ],
            "conf": [
                0.11684734058996755,
                8.662838786443607e-05,
                0.004405691653330328,
                0.1495620828773657
            ]
        }
    }
}