{
    "meanAvailabilityFromY": {
        "EndingNMean": {
            "st": [
                0.1667894707831286,
                0.26763293890908507,
                0.6425454237667095,
                0.4845798795805662
            ],
            "conf": [
                0.05794263029119286,
                0.10977964254687728,
                0.20378987156047604,
                0.14481253811821143
            ]
        }
    },
    "loadFromY": {
        "EndingNMean": {
            "st": [
                0.2360784773154801,
                0.6459468893090105,
                0.00026518916982567087,
                0.4322720262885858
            ],
            "conf": [
                0.07904264867483388,
                0.16738778286075232,
                0.00011123776306223271,
                0.13405582819298387
            ]
        }
    },
    "meanResponseP1Availability": {
        "EndingNMean": {
            "st": [
                0.23596549178810275,
                0.33421246564478685,
                0.6333145484891173,
                0.48830705001858
            ],
            "conf": [
                0.06298920346734528,
                0.1140522182005834,
                0.22164264399846992,
                0.1683603550988575
            ]
        }
    },
    "meanResponseP2Availability": {
        "EndingNMean": {
            "st": [
                0.21222146744249598,
                0.3255875818880683,
                0.6626816268007439,
                0.5240478438245568
            ],
            "conf": [
                0.061087467999079305,
                0.09528449821728385,
                0.2044625455940663,
                0.15196854109053784
            ]
        }
    },
    "meanResponseP3Availability": {
        "EndingNMean": {
            "st": [
                0.22158712164740127,
                0.2963073730127742,
                0.6987542538834437,
                0.5083196606210675
            ],
            "conf": [
                0.06797926466317854,
                0.10814417243603934,
                0.2328087602365945,
                0.163305925173828
            ]
        }
    }
}