{
    "meanLatencyFromY": {
        "EndingNMean": {
            "st": [
                1.0632072820252039,
                0.0,
                0.0,
                0.0019528167072624806
            ],
            "conf": [
                0.08558527700809208,
                0.0,
                0.0,
                0.0005372590314922215
            ]
        }
    },
    "meanAvailabilityFromY": {
        "EndingNMean": {
            "st": [
                0.05059340304495758,
                2.3366503494422382e-06,
                0.8001101015437933,
                0.207875350337118
            ],
            "conf": [
                0.01009243234138396,
                1.0944575936551777e-06,
                0.09349752230579388,
                0.0404079845233079
            ]
        }
    },
    "meanResponseGFastLatency": {
        "EndingNMean": {
            "st": [
                1.0140101895202396,
                0.0,
                0.0010666019683342192,
                0.054789547269261454
            ],
            "conf": [
                0.10073369849669954,
                0.0,
                0.0003822443249494455,
                0.013951313916655533
            ]
        }
    },
    "meanResponseGMediumLatency": {
        "EndingNMean": {
            "st": [
                1.0158192880957964,
                6.456277707882784e-08,
                0.0012385869588888026,
                0.05442803381582648
            ],
            "conf": [
                0.08181141426971746,
                9.467038077815911e-08,
                0.0003754369650593605,
                0.01354354320177336
            ]
        }
    },
    "meanResponseGSlowLatency": {
        "EndingNMean": {
            "st": [
                1.0181222344739138,
                2.9281993031668196e-07,
                0.0023010960719392847,
                0.05115500988283616
            ],
            "conf": [
                0.08780071813004521,
                2.527030623309703e-07,
                0.0009597307788086086,
                0.014120472618956513
            ]
        }
    },
    "meanResponseGFastAvailability": {
        "EndingNMean": {
            "st": [
                0.06779073519697072,
                4.068957266747738e-06,
                0.7529856575132845,
                0.2512526597388386
            ],
            "conf": [
                0.012905638228117968,
                1.7417441104787434e-06,
                0.10295279950653013,
                0.04086525034743739
            ]
        }
    },
    "meanResponseGMediumAvailability": {
        "EndingNMean": {
            "st": [
                0.050282790769339676,
                6.245129010384408e-06,
                0.7811436854374783,
                0.22964548095664136
            ],
            "conf": [
                0.010272405752350023,
                3.1825873499172727e-06,
                0.07855150363920536,
                0.038056432332083605
            ]
        }
    },
    "meanResponseGSlowAvailability": {
        "EndingNMean": {
            "st": [
                0.04565049412209026,
                5.116915463793797e-06,
                0.8352548309166048,
                0.17675791900647056
            ],
            "conf": [
                0.010051227798307829,
                1.6682741619128336e-06,
                0.09417183998218806,
                0.0385142496649405
            ]
        }
    }
}