{
    "meanLatencyFromY": {
        "T10": {
            "st": [
                0.9536246934216679,
                0.0,
                0.0,
                0.07200789741584664
            ],
            "conf": [
                0.10618108310997479,
                0.0,
                0.0,
                0.021921722015939584
            ]
        }
    },
    "meanAvailabilityFromY": {
        "T10": {
            "st": [
                1.0260370245021768,
                0.0002221610031361475,
                0.057217366906220674,
                0.02393183390975842
            ],
            "conf": [
                0.08947175759640831,
                0.00011116402867466134,
                0.006772863471708629,
                0.003722132764865808
            ]
        }
    },
    "meanResponseGFastLatency": {
        "T10": {
            "st": [
                0.9937798684183312,
                5.803392413015317e-08,
                5.6021738743307064e-05,
                0.018916321618447977
            ],
            "conf": [
                0.07918085943415164,
                1.1619750697095208e-07,
                9.339675991935027e-06,
                0.00563799095286542
            ]
        }
    },
    "meanResponseGMediumLatency": {
        "T10": {
            "st": [
                0.9913593674893058,
                1.9636876985862892e-07,
                8.887853408834869e-05,
                0.018935837702793435
            ],
            "conf": [
                0.09420275825894837,
                1.6172115714685236e-07,
                1.67156897978777e-05,
                0.0050897036118734236
            ]
        }
    },
    "meanResponseGSlowLatency": {
        "T10": {
            "st": [
                0.9968682874776441,
                1.9250442721117697e-08,
                5.979050356873814e-05,
                0.0179435659400043
            ],
            "conf": [
                0.09205206165633614,
                3.571639274547733e-08,
                1.2057977788376704e-05,
                0.004288647788557289
            ]
        }
    },
    "meanResponseGFastAvailability": {
        "T10": {
            "st": [
                1.0206149647187424,
                0.00011392386469966254,
                0.030033204391940363,
                0.008656938357782754
            ],
            "conf": [
                0.08393585509208244,
                8.58762796382758e-05,
                0.004395829772043971,
                0.0015678350913073194
            ]
        }
    },
    "meanResponseGMediumAvailability": {
        "T10": {
            "st": [
                0.9947759309794527,
                0.00017699527983859823,
                0.07901023178944165,
                0.016653251770656723
            ],
            "conf": [
                0.1017829809483623,
                9.167960981922122e-05,
                0.011527397232313911,
                0.002558738471335462
            ]
        }
    },
    "meanResponseGSlowAvailability": {
        "T10": {
            "st": [
                0.98425237421056,
                9.893812690096003e-05,
                0.1264518228778901,
                0.015594142099939156
            ],
            "conf": [
                0.10100961049670172,
                0.00015766353511775365,
                0.023803304480575594,
                0.0029020038235782046
            ]
        }
    }
}