{
    "meanAvailabilityFromY": {
        "T10": {
            "st": 1.0006800535255764,
            "conf": 0.06437155053554132
        }
    },
    "loadFromY": {
        "T10": {
            "st": 0.3213763963379991,
            "conf": 0.029862315559270883
        }
    },
    "meanResponseP1Availability": {
        "T10": {
            "st": 0.9959900329892385,
            "conf": 0.05930891749236754
        }
    },
    "meanResponseP2Availability": {
        "T10": {
            "st": 1.0028410904853975,
            "conf": 0.05762115302734625
        }
    },
    "meanResponseP3Availability": {
        "T10": {
            "st": 1.002918211151798,
            "conf": 0.06628503692050171
        }
    }
}