{
    "meanAvailabilityFromY": {
        "T10": {
            "st": [
                0.0010713368350768145,
                0.0008881002177627711,
                0.0008910911658974059,
                1.0006800535255764
            ],
            "conf": [
                0.00010884661307780186,
                9.551451117998877e-05,
                9.89051879870065e-05,
                0.06437155053554132
            ]
        }
    },
    "loadFromY": {
        "T10": {
            "st": [
                0.6930046144620975,
                0.00040776826547590946,
                0.00043051615467930326,
                0.3213763963379991
            ],
            "conf": [
                0.058326395293401834,
                4.010704780469447e-05,
                4.6190014653827e-05,
                0.029862315559270883
            ]
        }
    },
    "meanResponseP1Availability": {
        "T10": {
            "st": [
                0.003893878499816407,
                0.0033403044358124435,
                0.003489396753836548,
                0.9959900329892385
            ],
            "conf": [
                0.00035812568808958416,
                0.0003322295872815544,
                0.00036756912046092595,
                0.05930891749236754
            ]
        }
    },
    "meanResponseP2Availability": {
        "T10": {
            "st": [
                0.003572929905443748,
                0.00307054201163057,
                0.0032962610618199484,
                1.0028410904853975
            ],
            "conf": [
                0.0003705108115436373,
                0.00032492523759777923,
                0.00036280123130448793,
                0.05762115302734625
            ]
        }
    },
    "meanResponseP3Availability": {
        "T10": {
            "st": [
                0.003551304330585629,
                0.003365573581574846,
                0.0032621849526528915,
                1.002918211151798
            ],
            "conf": [
                0.00041009039383694976,
                0.00036119116859431203,
                0.00034424665203822044,
                0.06628503692050171
            ]
        }
    }
}