{
    "meanLatencyFromY": {
        "EndingNMean": {
            "st": [
                0.9112398258149734,
                0.0016286361474642296,
                0.0,
                0.10121949824526581
            ],
            "conf": [
                0.12065889366896577,
                0.0007320149539905665,
                0.0,
                0.04750354766528355
            ]
        }
    },
    "meanAvailabilityFromY": {
        "EndingNMean": {
            "st": [
                0.25878557810767433,
                0.004042285774355643,
                0.8432898214645786,
                0.005315730121120404
            ],
            "conf": [
                0.07531371088440252,
                0.001076254960694403,
                0.11823436103999127,
                0.0014432260307420568
            ]
        }
    },
    "meanResponseGFastLatency": {
        "EndingNMean": {
            "st": [
                0.8689687258227475,
                0.004563165006350048,
                0.08773805226383802,
                0.03356187078361342
            ],
            "conf": [
                0.14247340510694984,
                0.0010327093388350626,
                0.027604997415159975,
                0.012054605381452787
            ]
        }
    },
    "meanResponseGMediumLatency": {
        "EndingNMean": {
            "st": [
                0.9034066225809263,
                0.005685479792811479,
                0.09038149003342197,
                0.03359322908677861
            ],
            "conf": [
                0.14598339467435958,
                0.0013041239144276594,
                0.024423156408807316,
                0.011078178818012251
            ]
        }
    },
    "meanResponseGSlowLatency": {
        "EndingNMean": {
            "st": [
                0.905532668496233,
                0.004631891640579323,
                0.08702556510179833,
                0.036946134434884745
            ],
            "conf": [
                0.13789779720485043,
                0.0011405569274445776,
                0.02416158967281518,
                0.011382408609447035
            ]
        }
    },
    "meanResponseGFastAvailability": {
        "EndingNMean": {
            "st": [
                0.27564102553808234,
                0.014179107308052542,
                0.8201127800026895,
                0.016479570469329855
            ],
            "conf": [
                0.06493632442060784,
                0.003658758937411362,
                0.09844956084316896,
                0.00427279265194508
            ]
        }
    },
    "meanResponseGMediumAvailability": {
        "EndingNMean": {
            "st": [
                0.2672190703311335,
                0.013247618664190478,
                0.8545110711790705,
                0.016867346153537053
            ],
            "conf": [
                0.06836839005571478,
                0.0034607924828142494,
                0.13164903667467745,
                0.004279594420943779
            ]
        }
    },
    "meanResponseGSlowAvailability": {
        "EndingNMean": {
            "st": [
                0.2679864666525761,
                0.011497121916523282,
                0.8332750148071026,
                0.015205157306480971
            ],
            "conf": [
                0.06305150464049346,
                0.0026991274954220345,
                0.11741107363286811,
                0.003665801033421671
            ]
        }
    }
}