{
    "loadFromY": {
        "EndingNMean": {
            "st": [
                6.771970234187121e-08,
                0.0,
                0.0,
                0.9961771634056227
            ],
            "conf": [
                3.805211183612471e-08,
                0.0,
                0.0,
                0.16990950387956436
            ]
        }
    },
    "meanLatencyFromY": {
        "EndingNMean": {
            "st": [
                2.2209509500567855e-05,
                1.0044974301050313,
                0.0,
                2.645959127026932e-05
            ],
            "conf": [
                8.247805321587423e-06,
                0.18256935830025847,
                0.0,
                8.882083815746248e-06
            ]
        }
    },
    "meanResponseP1Latency": {
        "EndingNMean": {
            "st": [
                5.733687998231538e-05,
                1.0045022677503008,
                1.9967996972608496e-08,
                7.793581051939866e-05
            ],
            "conf": [
                2.1242880577755852e-05,
                0.15650971389964452,
                6.495159883728983e-09,
                2.5247557813864605e-05
            ]
        }
    },
    "meanResponseP2Latency": {
        "EndingNMean": {
            "st": [
                6.258091347686995e-05,
                1.0047423135408053,
                1.880985874652489e-08,
                7.627004660459227e-05
            ],
            "conf": [
                2.4518406684895143e-05,
                0.19350732658462017,
                4.949212527823574e-09,
                2.36638590418852e-05
            ]
        }
    },
    "meanResponseP3Latency": {
        "EndingNMean": {
            "st": [
                4.997762676399532e-05,
                1.0042526402232166,
                1.8365893662374818e-08,
                7.196843893985099e-05
            ],
            "conf": [
                2.3666787039300756e-05,
                0.1969327679664876,
                5.665756812908585e-09,
                2.298899382192566e-05
            ]
        }
    }
}