{
    "loadFromY": {
        "EndingNMean": {
            "st": [
                6.771970234187121e-08,
                0.0,
                0.0,
                0.9961771634056227
            ],
            "conf": [
                3.594936616714411e-08,
                0.0,
                0.0,
                0.18301053748714724
            ]
        }
    },
    "meanLatencyFromY": {
        "EndingNMean": {
            "st": [
                2.2209509500567855e-05,
                1.0044974301050313,
                0.0,
                2.645959127026932e-05
            ],
            "conf": [
                8.51857314820865e-06,
                0.16630298419706732,
                0.0,
                7.961472887540902e-06
            ]
        }
    },
    "meanResponseP1Availability": {
        "EndingNMean": {
            "st": [
                0.004516330037502857,
                0.002526808775086484,
                0.9998358820470752,
                0.003294177838066506
            ],
            "conf": [
                0.0030819000658162815,
                0.0010059095872452944,
                0.16702849943498174,
                0.001427507176241673
            ]
        }
    },
    "meanResponseP2Availability": {
        "EndingNMean": {
            "st": [
                0.002976559404117729,
                0.004121800164771941,
                0.9923065332117011,
                0.003925731794575527
            ],
            "conf": [
                0.0012615220797754193,
                0.002508464637347062,
                0.16388664645996087,
                0.0015477851573117995
            ]
        }
    },
    "meanResponseP3Availability": {
        "EndingNMean": {
            "st": [
                0.0033709918974304575,
                0.0028783518683189726,
                1.0012151449180136,
                0.003191126477269104
            ],
            "conf": [
                0.0012102335046803507,
                0.0008105693020607366,
                0.19880210191816877,
                0.0009074618632098718
            ]
        }
    }
}