{
    "meanLatencyFromY": {
        "T10": {
            "st": [
                0.8834878998010065,
                0.10094346488562207,
                0.13255421862516223,
                0.047050971371569196
            ],
            "conf": [
                0.11084533927256913,
                0.014783714820416873,
                0.019518662693521607,
                0.016880108969954805
            ]
        }
    },
    "meanAvailabilityFromY": {
        "T10": {
            "st": [
                0.7408630997820168,
                0.08531495329495174,
                0.1138786455594198,
                0.19805161821725842
            ],
            "conf": [
                0.07653497736405071,
                0.01280920070839662,
                0.018886842268489298,
                0.04963747497807718
            ]
        }
    },
    "meanResponseGFastLatency": {
        "T10": {
            "st": [
                0.8709911163901157,
                0.3418005651286561,
                0.30102703593045366,
                0.05680186613140705
            ],
            "conf": [
                0.10084078219165848,
                0.04267591493700576,
                0.041781984876091915,
                0.020756028304762225
            ]
        }
    },
    "meanResponseGMediumLatency": {
        "T10": {
            "st": [
                0.9264361649313804,
                0.22518393556371358,
                0.26934170176524774,
                0.03446967700007693
            ],
            "conf": [
                0.09517699673266922,
                0.035047225431261916,
                0.03672769723158834,
                0.011758931718873116
            ]
        }
    },
    "meanResponseGSlowLatency": {
        "T10": {
            "st": [
                0.8527210067901695,
                0.2931623960850805,
                0.34577858012095186,
                0.03924044386929569
            ],
            "conf": [
                0.12404992113631787,
                0.042377139200951645,
                0.04990693930546154,
                0.01755068634532119
            ]
        }
    },
    "meanResponseGFastAvailability": {
        "T10": {
            "st": [
                0.7381807001680505,
                0.28788858938071954,
                0.2541122851707048,
                0.20788702465468104
            ],
            "conf": [
                0.10831840632667017,
                0.0390443583762107,
                0.03650564682068423,
                0.05623398548797058
            ]
        }
    },
    "meanResponseGMediumAvailability": {
        "T10": {
            "st": [
                0.8377404581943786,
                0.20556431430079836,
                0.2480233894182717,
                0.1243245209659956
            ],
            "conf": [
                0.10486557480722239,
                0.03211713356494148,
                0.03453107131916523,
                0.034901140049734145
            ]
        }
    },
    "meanResponseGSlowAvailability": {
        "T10": {
            "st": [
                0.7387226112069368,
                0.2542627482140653,
                0.3061328103754809,
                0.16207953962018884
            ],
            "conf": [
                0.10454399991907583,
                0.03865739046785818,
                0.04336873882861008,
                0.05419758692249234
            ]
        }
    }
}