{
    "meanAvailabilityFromY": {
        "T10": {
            "st": [
                0.9984220634687463,
                0.021481854086795774,
                0.009464668558124834,
                0.05516233088510713
            ],
            "conf": [
                0.09762793339942592,
                0.002956974409771175,
                0.0027256651307797012,
                0.009127964893888363
            ]
        }
    },
    "loadFromY": {
        "T10": {
            "st": [
                0.9999270058151859,
                0.0,
                0.0,
                0.0
            ],
            "conf": [
                0.08420694759978962,
                0.0,
                0.0,
                0.0
            ]
        }
    },
    "meanResponseP1Availability": {
        "T10": {
            "st": [
                1.017207562970293,
                0.008580953206829793,
                0.006233925680201078,
                0.030058708480099873
            ],
            "conf": [
                0.09749806725714523,
                0.001511534840529236,
                0.002004431779240918,
                0.004202420860292651
            ]
        }
    },
    "meanResponseP2Availability": {
        "T10": {
            "st": [
                1.017115004086665,
                0.016564067360537692,
                0.003755408484645517,
                0.07947571405622361
            ],
            "conf": [
                0.10420437297827305,
                0.002506769632110179,
                0.0009949351438536677,
                0.012336484455758792
            ]
        }
    },
    "meanResponseP3Availability": {
        "T10": {
            "st": [
                0.932708456393948,
                0.015408118208808674,
                0.010230041292103316,
                0.10982530991243233
            ],
            "conf": [
                0.0818762750044362,
                0.003236773200464991,
                0.00277107576715741,
                0.020477731934716827
            ]
        }
    }
}