{
    "meanLatencyFromY": {
        "T10": {
            "st": [
                0.00719678425691414,
                0.14009515695276176,
                0.0013540645421383848,
                0.9195310556955573
            ],
            "conf": [
                0.0020539072737352864,
                0.03716740813661295,
                0.0002830292262763109,
                0.13446015626974817
            ]
        }
    },
    "meanAvailabilityFromY": {
        "T10": {
            "st": [
                0.0031288467805542608,
                0.07608561055921725,
                0.002391553814762677,
                0.9470414850597919
            ],
            "conf": [
                0.000984972820823858,
                0.01919616612788873,
                0.00042557148180427044,
                0.11041255117576332
            ]
        }
    },
    "meanResponseGFastLatency": {
        "T10": {
            "st": [
                0.010541486609183697,
                0.1474589448320644,
                0.004669019965206775,
                0.9235896692695604
            ],
            "conf": [
                0.002216690484622825,
                0.03784328477630176,
                0.0009206237502277593,
                0.11143199746380951
            ]
        }
    },
    "meanResponseGMediumLatency": {
        "T10": {
            "st": [
                0.011534651176045834,
                0.13664404811149336,
                0.003629287116179229,
                0.9211650420442432
            ],
            "conf": [
                0.0030807086612056455,
                0.027903149085400522,
                0.0007738104434930801,
                0.12857295209616496
            ]
        }
    },
    "meanResponseGSlowLatency": {
        "T10": {
            "st": [
                0.009191619560672945,
                0.14337526207128218,
                0.004001309588220334,
                0.911735387685232
            ],
            "conf": [
                0.002402794659143455,
                0.03272223866193844,
                0.000768661652970359,
                0.12530373464426955
            ]
        }
    },
    "meanResponseGFastAvailability": {
        "T10": {
            "st": [
                0.0043570536269841205,
                0.07628276415035547,
                0.0033866211676690725,
                0.9509711361895535
            ],
            "conf": [
                0.0010239980145137922,
                0.019050621608295973,
                0.0006275113976271616,
                0.12242492723798752
            ]
        }
    },
    "meanResponseGMediumAvailability": {
        "T10": {
            "st": [
                0.005144510638281898,
                0.07514411860013442,
                0.003253989636237622,
                0.9485074382978997
            ],
            "conf": [
                0.0016521446724337455,
                0.019457625427166926,
                0.0005629311089782096,
                0.11392066774254767
            ]
        }
    },
    "meanResponseGSlowAvailability": {
        "T10": {
            "st": [
                0.003907252070586473,
                0.07851915107915217,
                0.003736073415681052,
                0.9434187056304596
            ],
            "conf": [
                0.0009236846169634984,
                0.017826295253956327,
                0.0007145156203008374,
                0.10712147199148413
            ]
        }
    }
}