{
    "meanLatencyFromY": {
        "T10": {
            "st": [
                1.3007618053831026e-05,
                0.0,
                0.0,
                0.9996058516422307
            ],
            "conf": [
                1.4437842690857374e-06,
                0.0,
                0.0,
                0.08028595530237
            ]
        }
    },
    "meanAvailabilityFromY": {
        "T10": {
            "st": [
                0.0053182507436009795,
                0.0,
                0.6715555819561384,
                0.3203006983690168
            ],
            "conf": [
                0.0008791674952864585,
                0.0,
                0.08508351363997894,
                0.05612304427489314
            ]
        }
    },
    "meanResponseGFastLatency": {
        "T10": {
            "st": [
                6.272091724625192e-05,
                0.0,
                2.742696850861741e-09,
                0.9998028414079535
            ],
            "conf": [
                7.991975657882073e-06,
                0.0,
                4.172634442119053e-10,
                0.08340359458619774
            ]
        }
    },
    "meanResponseGMediumLatency": {
        "T10": {
            "st": [
                3.610152431871761e-05,
                0.0,
                3.3959882939505828e-09,
                0.9995747703201673
            ],
            "conf": [
                4.8492997742318165e-06,
                0.0,
                5.035947399929555e-10,
                0.08664554966731924
            ]
        }
    },
    "meanResponseGSlowLatency": {
        "T10": {
            "st": [
                7.131450828564403e-05,
                0.0,
                4.549483663486148e-09,
                0.9995597589165488
            ],
            "conf": [
                8.288184790551212e-06,
                0.0,
                6.875652949708778e-10,
                0.08447459784403408
            ]
        }
    },
    "meanResponseGFastAvailability": {
        "T10": {
            "st": [
                0.009146792685798537,
                0.0,
                0.18695272874323202,
                0.7954135046603572
            ],
            "conf": [
                0.0019473726219658232,
                0.0,
                0.03536772185787153,
                0.10262027888854248
            ]
        }
    },
    "meanResponseGMediumAvailability": {
        "T10": {
            "st": [
                0.046022273818307695,
                0.0,
                0.9257789402536786,
                0.04358864943882144
            ],
            "conf": [
                0.0075692971059134456,
                0.0,
                0.09318162737261415,
                0.011696916053117486
            ]
        }
    },
    "meanResponseGSlowAvailability": {
        "T10": {
            "st": [
                0.02468766452661496,
                0.0,
                0.9971177510745285,
                0.00016832051504989584
            ],
            "conf": [
                0.003918384339447189,
                0.0,
                0.07929803907003972,
                3.307034247939503e-05
            ]
        }
    }
}