{
    "meanAvailabilityFromY": {
        "T10": {
            "st": [
                0.5694897323191385,
                0.47788403900719395,
                0.10900907245499983,
                0.8795136989572941
            ],
            "conf": [
                0.19473285531657483,
                0.191670398498199,
                0.07130099165520852,
                0.24135189638296703
            ]
        }
    },
    "loadFromY": {
        "T10": {
            "st": [
                0.9743460967802235,
                0.0002808083820814754,
                5.439902639889953e-05,
                0.016966103748284493
            ],
            "conf": [
                0.16873574148337916,
                9.445265099824485e-05,
                4.951158489538702e-05,
                0.004702215866554969
            ]
        }
    },
    "meanResponseP1Availability": {
        "T10": {
            "st": [
                0.6673088434678153,
                0.6501581525214377,
                0.09816662723739195,
                0.8278723175405948
            ],
            "conf": [
                0.24981679953710972,
                0.23363791755073293,
                0.06566010756108569,
                0.3838239350725213
            ]
        }
    },
    "meanResponseP2Availability": {
        "T10": {
            "st": [
                0.5643796202890689,
                0.6781917858849003,
                0.26127738477165663,
                0.6481633626262003
            ],
            "conf": [
                0.2427998042950119,
                0.28277289514340187,
                0.2772301876071644,
                0.28218198350896945
            ]
        }
    },
    "meanResponseP3Availability": {
        "T10": {
            "st": [
                0.9339535200067299,
                0.7276849305105775,
                0.22142950291421704,
                0.9473847033237888
            ],
            "conf": [
                0.3886772060110279,
                0.29802708230847424,
                0.14758820498848554,
                0.282863797594524
            ]
        }
    }
}