{
    "meanAvailabilityFromY": {
        "T10": {
            "st": 0.8795136989572941,
            "conf": 0.24165145985081124
        }
    },
    "loadFromY": {
        "T10": {
            "st": 0.016966103748284493,
            "conf": 0.004986285120589709
        }
    },
    "meanResponseP1Availability": {
        "T10": {
            "st": 0.8278723175405948,
            "conf": 0.43981096888366916
        }
    },
    "meanResponseP2Availability": {
        "T10": {
            "st": 0.6481633626262003,
            "conf": 0.28801774571008065
        }
    },
    "meanResponseP3Availability": {
        "T10": {
            "st": 0.9473847033237888,
            "conf": 0.33465251371803145
        }
    }
}