{
    "meanAvailabilityFromY": {
        "T10": {
            "st": [
                0.5694897323191385,
                0.47788403900719395,
                0.10900907245499983,
                0.8795136989572941
            ],
            "conf": [
                0.2151961523842255,
                0.17958328434442553,
                0.0582414103101634,
                0.24165145985081124
            ]
        }
    },
    "loadFromY": {
        "T10": {
            "st": [
                0.9743460967802235,
                0.0002808083820814754,
                5.439902639889953e-05,
                0.016966103748284493
            ],
            "conf": [
                0.16956671996529404,
                0.00010643690103174243,
                5.008678125142822e-05,
                0.004986285120589709
            ]
        }
    },
    "meanResponseP1Availability": {
        "T10": {
            "st": [
                0.6673088434678153,
                0.6501581525214377,
                0.09816662723739195,
                0.8278723175405948
            ],
            "conf": [
                0.28490332111499067,
                0.22661370615962972,
                0.07368054466080129,
                0.43981096888366916
            ]
        }
    },
    "meanResponseP2Availability": {
        "T10": {
            "st": [
                0.5643796202890689,
                0.6781917858849003,
                0.26127738477165663,
                0.6481633626262003
            ],
            "conf": [
                0.24689737670953624,
                0.3044145709312527,
                0.2836510083686196,
                0.28801774571008065
            ]
        }
    },
    "meanResponseP3Availability": {
        "T10": {
            "st": [
                0.9339535200067299,
                0.7276849305105775,
                0.22142950291421704,
                0.9473847033237888
            ],
            "conf": [
                0.334419418018508,
                0.3162556547035521,
                0.1563252612187867,
                0.33465251371803145
            ]
        }
    }
}