{
    "meanAvailabilityFromY": {
        "T10": {
            "st": [
                0.8596684690352526,
                0.8419859511484605,
                0.7579538966722335,
                0.9122992399270139
            ],
            "conf": [
                0.09875322817554358,
                0.1149516894515739,
                0.1043161611884878,
                0.11758441027942382
            ]
        }
    },
    "loadFromY": {
        "T10": {
            "st": [
                0.3561105198811093,
                0.00040735305314517945,
                0.00040540221284843714,
                0.6773978907130975
            ],
            "conf": [
                0.05328867773971378,
                6.533648347198902e-05,
                6.463359683590033e-05,
                0.07725390332695574
            ]
        }
    },
    "meanResponseP1Availability": {
        "T10": {
            "st": [
                0.9007138525046354,
                0.896811513127688,
                0.8414409858987529,
                0.9086736109120511
            ],
            "conf": [
                0.1097638528512404,
                0.11152103844511672,
                0.10620951086200366,
                0.11535394336557557
            ]
        }
    },
    "meanResponseP2Availability": {
        "T10": {
            "st": [
                0.9014938075523719,
                0.9001579495203131,
                0.8595283889871346,
                0.927735093491584
            ],
            "conf": [
                0.11745831893073344,
                0.13512266971584003,
                0.11038914277775701,
                0.12211061627030233
            ]
        }
    },
    "meanResponseP3Availability": {
        "T10": {
            "st": [
                0.9161306895826439,
                0.8936883527425104,
                0.8535469358947665,
                0.8575344735890594
            ],
            "conf": [
                0.13273256192455898,
                0.10817596595144183,
                0.12032538382424078,
                0.1183105804987249
            ]
        }
    }
}