{
    "meanAvailabilityFromY": {
        "EndingNMean": {
            "st": [
                0.7930944974519128,
                0.08811015637772918,
                0.40338878556488716,
                0.23972201053869316
            ],
            "conf": [
                0.42888530788493623,
                0.04467388336123884,
                0.24256833855413604,
                0.14594827725885587
            ]
        }
    },
    "loadFromY": {
        "EndingNMean": {
            "st": [
                0.4398732710123227,
                0.00019557375145804574,
                0.0002274567069859582,
                0.6538489526747481
            ],
            "conf": [
                0.0771219916986502,
                3.978229864523962e-05,
                5.177770361927502e-05,
                0.08990214764017818
            ]
        }
    },
    "meanResponseP1Availability": {
        "EndingNMean": {
            "st": [
                0.8412377352189748,
                0.24062369184599006,
                0.4034627506600415,
                0.3038147193521885
            ],
            "conf": [
                0.36726513174589376,
                0.09818667586309826,
                0.20179653890561958,
                0.1363740779092229
            ]
        }
    },
    "meanResponseP2Availability": {
        "EndingNMean": {
            "st": [
                0.8056517191887146,
                0.2309321620114929,
                0.5049433707682613,
                0.35806226254792795
            ],
            "conf": [
                0.36246608954936554,
                0.11179465283317361,
                0.24414329435259474,
                0.16794578441272892
            ]
        }
    },
    "meanResponseP3Availability": {
        "EndingNMean": {
            "st": [
                0.7925794145585514,
                0.2157840537539602,
                0.5712940641711612,
                0.4002541327400865
            ],
            "conf": [
                0.3907425610438515,
                0.1057949557286773,
                0.3410875538392056,
                0.20516309554647538
            ]
        }
    }
}