{
    "meanLatencyFromY": {
        "CrossCorr": [
            0.012456159465477413,
            0.00019345211139257105,
            0.5636381825513392,
            0.009847316231431166,
            0.3883711935505569
        ],
        "TimeSeriesCrossCorr": [
            0.004454610045461176,
            0.0002511469480732293,
            0.5794527420841109,
            0.009358488529726969,
            0.3670306748467096
        ],
        "TimeSeriesCrossCorrOffset": [
            0.5215904232578025,
            0.0513039760581445,
            0.4275331338178709,
            0.05985463873450192,
            0.6156477126977341
        ],
        "EndingNMean": [
            0.08346205376120622,
            0.0012180898181208002,
            0.008951678656556534,
            0.13810112538038122,
            0.9915431734065759
        ],
        "EndingNSlope": [
            0.6578081055060444,
            0.03795316672843045,
            0.12945502134552095,
            0.059502452947584224,
            0.7975059356533327
        ],
        "StartEndMeanDiff": [
            0.2434624602763575,
            0.026980137932972402,
            0.20659895406309356,
            0.08408196465729342,
            0.346482403003059
        ],
        "M0": [
            0.00825244243059547,
            0.00010330590655622344,
            0.8498655531234632,
            0.015908293498321072,
            0.00027750908852628987
        ],
        "M1": [
            0.006239663792872612,
            0.000923519570187898,
            0.05457514376962425,
            0.13066341598340406,
            0.9712856339483533
        ],
        "M2": [
            0.00603725291140854,
            0.0001317760984676356,
            0.0003599709240543635,
            0.027910965685039268,
            0.4278119696584739
        ],
        "M3": [
            0.3144723776553886,
            6.502481761149617e-05,
            0.00021817530400764632,
            0.05818702571817897,
            0.8206003396645951
        ],
        "M4": [
            0.786722355368586,
            0.0002037190896788,
            0.0002958422887511842,
            0.05155131840743993,
            0.816404451532498
        ],
        "M5": [
            0.6248533650425505,
            0.00010849339408412176,
            2.2071598979276065e-07,
            0.01693004213457894,
            1.5729987339893605
        ],
        "S0": [
            0.004377153595197619,
            0.016503931889924828,
            0.45747221584367587,
            0.020294743039654013,
            0.6979712326682105
        ],
        "S1": [
            0.4454752884125182,
            0.0035740039565822696,
            0.38173576369450335,
            0.10952085579773566,
            0.13072212245663567
        ],
        "S2": [
            0.41347251511006694,
            0.46567518510167805,
            0.35807230844062016,
            0.30668849357476885,
            0.5219554981131951
        ],
        "S3": [
            3.4100393369299713,
            1.2587477345924547,
            0.2711013225053553,
            0.9383488992433772,
            2.1936066237040492
        ],
        "S4": [
            0.9667419387913946,
            0.8445962986313201,
            1.5417767906661866,
            4.558148309116629,
            0.3513728091655538
        ],
        "S5": [
            80.66280861480442,
            0.5665884910100039,
            0.6190470439964472,
            56.03592825516068,
            0.20778854218697898
        ]
    },
    "meanAvailabilityFromY": {
        "CrossCorr": [
            0.0350250898725061,
            0.003724441903155864,
            0.44529596904282487,
            0.11889157254712894,
            0.25392198455791526
        ],
        "TimeSeriesCrossCorr": [
            0.02036002989366835,
            0.0029232033090723438,
            0.46851589583349107,
            0.030380870031994273,
            0.2590993063213464
        ],
        "TimeSeriesCrossCorrOffset": [
            0.2648578811369509,
            0.02583979328165375,
            0.32299741602067183,
            0.2648578811369509,
            0.16795865633074938
        ],
        "EndingNMean": [
            0.04676239217201988,
            0.001096819636667061,
            0.0038335884963053898,
            0.45765813483061163,
            0.3168576529831357
        ],
        "EndingNSlope": [
            0.2591162203488807,
            0.1591486632788812,
            0.15995430223338925,
            0.06323897310048056,
            0.7592226949308912
        ],
        "StartEndMeanDiff": [
            0.13530679746927537,
            0.11458235793601546,
            0.22530466675648173,
            0.18307592848563284,
            0.3256862423820158
        ],
        "M0": [
            0.0032608273261395164,
            0.00032185360041018835,
            0.9314337120595685,
            0.3210338202325839,
            0.0006346447211417393
        ],
        "M1": [
            0.005022182326418343,
            0.001206557975822491,
            0.018498111932813137,
            0.6335371616157639,
            0.23605081705560865
        ],
        "M2": [
            0.0034603878745697396,
            9.856592532694346e-05,
            0.0004955029413534194,
            0.2020480763474894,
            0.016570414675677284
        ],
        "M3": [
            0.4050799011630855,
            8.570955927891611e-05,
            6.0501838957514404e-05,
            0.26418960487027576,
            0.02024077083832066
        ],
        "M4": [
            0.7695889629405366,
            0.00026301653426915743,
            0.000291562609870509,
            0.33192188614787,
            0.03116248153741665
        ],
        "M5": [
            1.2202708156259117,
            0.00017268967647386145,
            0.00020831558784775535,
            0.4073810319049024,
            0.06167311083901116
        ],
        "S0": [
            0.024842487862386617,
            0.028715803129512534,
            0.7680372679461872,
            0.7617961175106421,
            0.22668826357236527
        ],
        "S1": [
            0.5498846619558586,
            0.04416266112006296,
            0.31967710718646136,
            0.07432947373918354,
            0.14999881035268714
        ],
        "S2": [
            0.7601832219300152,
            0.9717300664170984,
            0.9272716162005026,
            0.7088360833054316,
            0.4595233536895316
        ],
        "S3": [
            2.198255035239519,
            1.55161632170776,
            0.9345310575339236,
            1.8957253450239278,
            5.343625710381785
        ],
        "S4": [
            1.0475111813397169,
            6.9419616187075315,
            3.173825417883412,
            1.3320135454063908,
            3.942557736888186
        ],
        "S5": [
            1.4565917594614974,
            3.6938227868766926,
            1.5746774134182104,
            0.8437279288984365,
            0.9720244050913283
        ]
    }
}