{
    "meanLatencyFromY": {
        "T10": {
            "st": [
                0.9775204753768395,
                0.0,
                0.0,
                0.012736942051236908
            ],
            "conf": [
                0.09482050179777764,
                0.0,
                0.0,
                0.004097626608846354
            ]
        }
    },
    "meanAvailabilityFromY": {
        "T10": {
            "st": [
                0.0006034172459533692,
                6.476157134698988e-08,
                0.004630840911619202,
                0.9993592310248246
            ],
            "conf": [
                0.00011070359985678328,
                4.534942354301041e-08,
                0.0008576056467953044,
                0.09667666797426906
            ]
        }
    },
    "meanResponseGFastLatency": {
        "T10": {
            "st": [
                0.9420470972675481,
                0.0,
                1.1687179435721986e-05,
                0.07349535599669131
            ],
            "conf": [
                0.09015853347521413,
                0.0,
                4.0098468550284946e-06,
                0.01684813254365708
            ]
        }
    },
    "meanResponseGMediumLatency": {
        "T10": {
            "st": [
                0.9509647253366318,
                0.0,
                1.1401734362242511e-05,
                0.07099441107066332
            ],
            "conf": [
                0.08697036326153115,
                0.0,
                3.842656011695496e-06,
                0.016636413008995748
            ]
        }
    },
    "meanResponseGSlowLatency": {
        "T10": {
            "st": [
                0.9767288820001452,
                0.0,
                3.3734300170544175e-05,
                0.06925282351044938
            ],
            "conf": [
                0.10011546963582263,
                0.0,
                9.252520979130781e-06,
                0.016172129645732745
            ]
        }
    },
    "meanResponseGFastAvailability": {
        "T10": {
            "st": [
                0.002024052203682784,
                5.444975953281261e-07,
                0.0031149211162614307,
                1.0016982984501412
            ],
            "conf": [
                0.0003122997129866107,
                7.098487875892233e-07,
                0.0005156306084429609,
                0.09464902143087202
            ]
        }
    },
    "meanResponseGMediumAvailability": {
        "T10": {
            "st": [
                0.0021535910073769682,
                1.4322696801225835e-07,
                0.004745354517512645,
                0.9983502683590426
            ],
            "conf": [
                0.0003322271904704326,
                1.399627752795414e-07,
                0.0009113181891772217,
                0.08393467081115367
            ]
        }
    },
    "meanResponseGSlowAvailability": {
        "T10": {
            "st": [
                0.0014960579648179476,
                2.7869274766613495e-07,
                0.007244397417441017,
                0.9968751897140659
            ],
            "conf": [
                0.0003012559015575005,
                3.2037932969784e-07,
                0.0014175673661222174,
                0.07828687097777073
            ]
        }
    }
}