{
    "meanLatencyFromY": {
        "T10": {
            "st": 0.012736942051236908,
            "conf": 0.004097626608846354
        }
    },
    "meanAvailabilityFromY": {
        "T10": {
            "st": 0.9993592310248246,
            "conf": 0.09667666797426906
        }
    },
    "meanResponseGFastLatency": {
        "T10": {
            "st": 0.07349535599669131,
            "conf": 0.01684813254365708
        }
    },
    "meanResponseGMediumLatency": {
        "T10": {
            "st": 0.07099441107066332,
            "conf": 0.016636413008995748
        }
    },
    "meanResponseGSlowLatency": {
        "T10": {
            "st": 0.06925282351044938,
            "conf": 0.016172129645732745
        }
    },
    "meanResponseGFastAvailability": {
        "T10": {
            "st": 1.0016982984501412,
            "conf": 0.09464902143087202
        }
    },
    "meanResponseGMediumAvailability": {
        "T10": {
            "st": 0.9983502683590426,
            "conf": 0.08393467081115367
        }
    },
    "meanResponseGSlowAvailability": {
        "T10": {
            "st": 0.9968751897140659,
            "conf": 0.07828687097777073
        }
    }
}