{
    "loadFromY": {
        "EndingNMean": [
            0.00014910103968645587,
            0.015074772887021392,
            0.10759541686573752,
            4.653912438270249e-06,
            0.9424139952852962
        ]
    },
    "meanLatencyFromY": {
        "EndingNMean": [
            0.07484032639345944,
            0.04847662372302068,
            0.7486778414166636,
            7.758994380764233e-05,
            0.6515011059426543
        ]
    }
}