{
    "meanAvailabilityFromY": {
        "T10": {
            "st": 0.963131820514195,
            "conf": 0.09687121972470669
        }
    },
    "loadFromY": {
        "T10": {
            "st": 0.017326898880666866,
            "conf": 0.002258734548633475
        }
    },
    "meanResponseP1Availability": {
        "T10": {
            "st": 0.9334187147488752,
            "conf": 0.1242563714080437
        }
    },
    "meanResponseP2Availability": {
        "T10": {
            "st": 0.9073618443831144,
            "conf": 0.11005749680792848
        }
    },
    "meanResponseP3Availability": {
        "T10": {
            "st": 0.7863099852126861,
            "conf": 0.09252764587245521
        }
    }
}