{
    "meanAvailabilityFromY": {
        "T10": {
            "st": [
                0.8685545036177506,
                0.9261755752719415,
                0.26529396701110597,
                0.963131820514195
            ],
            "conf": [
                0.12336871916902543,
                0.11137823279014575,
                0.05935414888841159,
                0.09687121972470669
            ]
        }
    },
    "loadFromY": {
        "T10": {
            "st": [
                0.98041090084846,
                0.00030788299296505614,
                5.406090372405019e-05,
                0.017326898880666866
            ],
            "conf": [
                0.092096921749958,
                5.309453433450658e-05,
                1.7486397949655845e-05,
                0.002258734548633475
            ]
        }
    },
    "meanResponseP1Availability": {
        "T10": {
            "st": [
                0.8356515352205659,
                0.8909798020542753,
                0.2551576107144232,
                0.9334187147488752
            ],
            "conf": [
                0.11067015384173326,
                0.11708638505656994,
                0.047238827206709764,
                0.1242563714080437
            ]
        }
    },
    "meanResponseP2Availability": {
        "T10": {
            "st": [
                0.9216728798005727,
                0.8412913907569337,
                0.23211772924131677,
                0.9073618443831144
            ],
            "conf": [
                0.10448949358550633,
                0.09687583801740217,
                0.040900449684880574,
                0.11005749680792848
            ]
        }
    },
    "meanResponseP3Availability": {
        "T10": {
            "st": [
                0.8516419825132386,
                0.7942865456958789,
                0.20390518271871352,
                0.7863099852126861
            ],
            "conf": [
                0.10775009242044942,
                0.10809734083493774,
                0.030253868354489465,
                0.09252764587245521
            ]
        }
    }
}