{
    "meanAvailabilityFromY": {
        "T10": {
            "st": [
                0.5393222278956591,
                0.7112307119186002,
                0.07538799286771261,
                1.0046154710429844
            ],
            "conf": [
                0.37452844981847383,
                0.3195399249398661,
                0.051628045902049766,
                0.27609007040091665
            ]
        }
    },
    "loadFromY": {
        "T10": {
            "st": [
                0.950807614179286,
                0.00010879534559091464,
                1.6983346177253502e-05,
                0.005435487716144487
            ],
            "conf": [
                0.18751368351800599,
                6.305007846830652e-05,
                1.413103068455881e-05,
                0.0024154656460275924
            ]
        }
    },
    "meanResponseP1Availability": {
        "T10": {
            "st": [
                0.5868306989233837,
                0.8475861861035563,
                0.09462616653050494,
                0.8117468514840971
            ],
            "conf": [
                0.6621288975928037,
                0.5255953792005961,
                0.1427336006220293,
                0.48699577047850345
            ]
        }
    },
    "meanResponseP2Availability": {
        "T10": {
            "st": [
                1.1870636566109425,
                1.0942612241271412,
                0.06448250704716625,
                0.7847110794567034
            ],
            "conf": [
                1.4435233119327633,
                1.0148499298414237,
                0.08065236216612719,
                0.35299908489020754
            ]
        }
    },
    "meanResponseP3Availability": {
        "T10": {
            "st": [
                0.6034192714160231,
                0.6247164533895383,
                0.13979532916328416,
                1.1770892187483648
            ],
            "conf": [
                0.34046381809108184,
                0.36918867464543054,
                0.15459156448294842,
                0.6977466520549379
            ]
        }
    }
}