{
    "loadFromY": {
        "EndingNMean": [
            1.0571446579951639e-05,
            0.02307493524618474,
            0.08519490800265347,
            4.008949988682499e-06,
            0.9222036741126539
        ]
    },
    "meanLatencyFromY": {
        "EndingNMean": [
            0.09357458420938977,
            0.07560711715361287,
            0.9118186909476583,
            0.0016178542053665959,
            0.670409794581721
        ]
    },
    "meanResponseP1Latency": {
        "EndingNMean": [
            0.12347923166459518,
            0.014749972222438595,
            1.1289032718591483,
            0.0020549205320116223,
            0.9894184666148929
        ]
    },
    "meanResponseP2Latency": {
        "EndingNMean": [
            0.002103381506150508,
            0.2439832163201576,
            0.785030065283997,
            0.004277135850269511,
            0.494019740202931
        ]
    },
    "meanResponseP3Latency": {
        "EndingNMean": [
            0.00014355492284428908,
            0.09728561353551876,
            0.9688251841846982,
            0.0002134232074048742,
            0.003384785527773441
        ]
    }
}