{
    "meanLatencyFromY": {
        "EndingNMean": {
            "st": [
                0.9108475388939821,
                0.0032568780845797854,
                0.002872579216498664,
                0.08132755914469321
            ],
            "conf": [
                0.13976052271217568,
                0.0013448457068355791,
                0.0009435251993715137,
                0.03208135516692258
            ]
        }
    },
    "meanAvailabilityFromY": {
        "EndingNMean": {
            "st": [
                0.2548667475549088,
                0.0055941853654008665,
                0.9028073467903989,
                0.005041806951160693
            ],
            "conf": [
                0.07163884926407825,
                0.00207954594334434,
                0.14841366212052282,
                0.0015525977537162352
            ]
        }
    }
}