{
    "meanAvailabilityFromY": {
        "EndingNMean": {
            "st": [
                0.4681273234829752,
                3.489658098473946e-05,
                0.5268443379964642,
                0.14663546567680122
            ],
            "conf": [
                0.06268442022702263,
                7.717154942008765e-06,
                0.08083567402021391,
                0.03654018999282472
            ]
        }
    },
    "loadFromY": {
        "EndingNMean": {
            "st": [
                0.9999273967943121,
                0.0,
                0.0,
                0.0
            ],
            "conf": [
                0.08552485041883856,
                0.0,
                0.0,
                0.0
            ]
        }
    },
    "meanResponseP1Availability": {
        "EndingNMean": {
            "st": [
                0.5012474092900404,
                0.00013973884250727045,
                0.4861902062250757,
                0.13956310691917276
            ],
            "conf": [
                0.0722046860183455,
                2.7557964064490227e-05,
                0.07825782241637298,
                0.030665286577717905
            ]
        }
    },
    "meanResponseP2Availability": {
        "EndingNMean": {
            "st": [
                0.46638019514817985,
                0.00013478226839869372,
                0.5350247697314012,
                0.15842053965342265
            ],
            "conf": [
                0.07597407993726776,
                3.5246872702851825e-05,
                0.08071647125422848,
                0.03828210454481742
            ]
        }
    },
    "meanResponseP3Availability": {
        "EndingNMean": {
            "st": [
                0.4753288876839557,
                0.00013039051799447148,
                0.5462369535300252,
                0.14078144828015907
            ],
            "conf": [
                0.07019888099855222,
                3.024309041685637e-05,
                0.08690267655014738,
                0.03417859443621785
            ]
        }
    }
}