{
    "meanLatencyFromY": {
        "EndingNMean": {
            "st": [
                0.9089139343423958,
                0.0,
                0.0,
                0.11405375383122461
            ],
            "conf": [
                0.08164420172190148,
                0.0,
                0.0,
                0.03237606036494445
            ]
        }
    },
    "meanAvailabilityFromY": {
        "EndingNMean": {
            "st": [
                0.24213407409857232,
                1.0891238359760062e-05,
                0.8522113496382682,
                1.2427848832049464e-05
            ],
            "conf": [
                0.05043781329053573,
                4.0329530683318105e-06,
                0.09028831049395211,
                2.6733302813449583e-06
            ]
        }
    },
    "meanResponseGFastLatency": {
        "EndingNMean": {
            "st": [
                0.8733136478749117,
                7.646871868028922e-06,
                0.08555243593830862,
                0.03037327068916107
            ],
            "conf": [
                0.08945068999526784,
                6.247151989556908e-06,
                0.020259238797200606,
                0.010363755076894595
            ]
        }
    },
    "meanResponseGMediumLatency": {
        "EndingNMean": {
            "st": [
                0.883459688187523,
                7.402261077383648e-06,
                0.0809348390933187,
                0.03346935435527768
            ],
            "conf": [
                0.10025665760156537,
                3.0798189477837794e-06,
                0.016964018466791395,
                0.00922695586042215
            ]
        }
    },
    "meanResponseGSlowLatency": {
        "EndingNMean": {
            "st": [
                0.8815311657172026,
                4.455339827977031e-06,
                0.07328717527023128,
                0.03289346289626435
            ],
            "conf": [
                0.09720301726939869,
                2.889481592673311e-06,
                0.015271600971827622,
                0.008692457004408941
            ]
        }
    },
    "meanResponseGFastAvailability": {
        "EndingNMean": {
            "st": [
                0.279981053288385,
                2.1939104682025626e-05,
                0.7969692651594803,
                4.161603395528086e-05
            ],
            "conf": [
                0.044314190168412954,
                1.0113057609904588e-05,
                0.09166313152705467,
                1.3590561577778161e-05
            ]
        }
    },
    "meanResponseGMediumAvailability": {
        "EndingNMean": {
            "st": [
                0.22915910702346193,
                3.556669988193198e-05,
                0.8662696052606548,
                4.611744514058604e-05
            ],
            "conf": [
                0.04446844006583306,
                1.7514971792168958e-05,
                0.085470362461784,
                1.0568954885991492e-05
            ]
        }
    },
    "meanResponseGSlowAvailability": {
        "EndingNMean": {
            "st": [
                0.2558609833731056,
                1.6892736125362662e-05,
                0.8719290698243186,
                3.343941906653879e-05
            ],
            "conf": [
                0.05370897900100053,
                5.780626031693121e-06,
                0.09970323900579818,
                8.189422853127493e-06
            ]
        }
    }
}