{
    "loadFromY": {
        "EndingNMean": {
            "st": [
                1.1259809352930118e-05,
                1.0637067254415655,
                0.0,
                0.09828836018570927
            ],
            "conf": [
                6.042395602624684e-06,
                0.19228794290121587,
                0.0,
                0.04799316443466276
            ]
        }
    },
    "meanLatencyFromY": {
        "EndingNMean": {
            "st": [
                3.929662432659471e-06,
                0.9093984293180893,
                0.0,
                0.22362471574816137
            ],
            "conf": [
                1.6909962687602864e-06,
                0.167904144125998,
                0.0,
                0.05803815091912065
            ]
        }
    },
    "meanResponseP1Availability": {
        "EndingNMean": {
            "st": [
                0.0011302145951726727,
                0.37061918180750203,
                0.7126302112701971,
                0.04271750078578242
            ],
            "conf": [
                0.0004911487936805862,
                0.12291435200178513,
                0.16836946753089568,
                0.015727309378085433
            ]
        }
    },
    "meanResponseP2Availability": {
        "EndingNMean": {
            "st": [
                0.0010734120531984833,
                0.3641457556199115,
                0.7003747301365746,
                0.04131915002981344
            ],
            "conf": [
                0.00039919724561301225,
                0.11780122771476177,
                0.1710781318992643,
                0.01883181780744321
            ]
        }
    },
    "meanResponseP3Availability": {
        "EndingNMean": {
            "st": [
                0.001555936085055199,
                0.36033685649707314,
                0.7022003526336679,
                0.0451172722427018
            ],
            "conf": [
                0.00046106387342679226,
                0.1014208989114095,
                0.1943537478480319,
                0.018994932324826883
            ]
        }
    }
}