{
    "loadFromY": {
        "EndingNMean": {
            "st": [
                1.1259809352930118e-05,
                1.0637067254415655,
                0.0,
                0.09828836018570927
            ],
            "conf": [
                5.7809302655364615e-06,
                0.20692227538796415,
                0.0,
                0.05063208349483391
            ]
        }
    },
    "meanLatencyFromY": {
        "EndingNMean": {
            "st": [
                3.929662432659471e-06,
                0.9093984293180893,
                0.0,
                0.22362471574816137
            ],
            "conf": [
                1.5087035725959604e-06,
                0.1977617173253376,
                0.0,
                0.07575568971594658
            ]
        }
    },
    "meanResponseP1Latency": {
        "EndingNMean": {
            "st": [
                0.0008892688950565,
                0.9048164036653984,
                1.8428613562934916e-09,
                0.22615025551649867
            ],
            "conf": [
                0.0003432568319476952,
                0.17131685317489131,
                5.960225674831031e-10,
                0.06342203360242332
            ]
        }
    },
    "meanResponseP2Latency": {
        "EndingNMean": {
            "st": [
                0.0012772234643294372,
                0.919920069500374,
                1.624239654416226e-09,
                0.22104174878393051
            ],
            "conf": [
                0.000526375525570042,
                0.19623234539671602,
                5.502142968528001e-10,
                0.07045638224332369
            ]
        }
    },
    "meanResponseP3Latency": {
        "EndingNMean": {
            "st": [
                0.001227541257178239,
                0.9053322621747382,
                1.7219936431756579e-09,
                0.2268613231241893
            ],
            "conf": [
                0.00045203159986056745,
                0.20138299256427836,
                5.810974909456095e-10,
                0.07766224402427936
            ]
        }
    }
}