{
    "meanAvailabilityFromY": {
        "T10": {
            "st": [
                0.007273432880058627,
                9.205459257524435e-05,
                0.0,
                0.9932463686953314
            ],
            "conf": [
                0.002327972013816223,
                3.76009440941056e-05,
                0.0,
                0.15483366357764017
            ]
        }
    },
    "loadFromY": {
        "T10": {
            "st": [
                0.9990593135685131,
                0.0,
                0.0,
                0.0
            ],
            "conf": [
                0.17718151078371464,
                0.0,
                0.0,
                0.0
            ]
        }
    },
    "meanResponseP1Availability": {
        "T10": {
            "st": [
                0.03993008084866038,
                0.0004319114237010339,
                0.0,
                0.9933744030041756
            ],
            "conf": [
                0.013676618942323537,
                0.0002166452991121755,
                0.0,
                0.18070772874834795
            ]
        }
    },
    "meanResponseP2Availability": {
        "T10": {
            "st": [
                0.04289555417974374,
                0.00035680105560756853,
                0.0,
                0.938695445533705
            ],
            "conf": [
                0.01230133622021513,
                0.0001648201007623389,
                0.0,
                0.17696711353415936
            ]
        }
    },
    "meanResponseP3Availability": {
        "T10": {
            "st": [
                0.018450850471738105,
                0.0002715199667423566,
                0.0,
                1.0039200524123597
            ],
            "conf": [
                0.007420461826571692,
                0.00012086365966076949,
                0.0,
                0.17363399781680983
            ]
        }
    }
}