{
    "meanAvailabilityFromY": {
        "T10": {
            "st": [
                0.007273432880058627,
                9.205459257524435e-05,
                0.0,
                0.9932463686953314
            ],
            "conf": [
                0.002196647351056479,
                3.880619064669729e-05,
                0.0,
                0.19492349848813792
            ]
        }
    },
    "loadFromY": {
        "T10": {
            "st": [
                0.9990593135685131,
                0.0,
                0.0,
                0.0
            ],
            "conf": [
                0.1620714759173737,
                0.0,
                0.0,
                0.0
            ]
        }
    },
    "meanResponseP1Availability": {
        "T10": {
            "st": [
                0.03993008084866038,
                0.0004319114237010339,
                0.0,
                0.9933744030041756
            ],
            "conf": [
                0.0164481575598268,
                0.00019938416350236932,
                0.0,
                0.18433252493421637
            ]
        }
    },
    "meanResponseP2Availability": {
        "T10": {
            "st": [
                0.04289555417974374,
                0.00035680105560756853,
                0.0,
                0.938695445533705
            ],
            "conf": [
                0.013219970229109358,
                0.00018397812325385247,
                0.0,
                0.16252175868009106
            ]
        }
    },
    "meanResponseP3Availability": {
        "T10": {
            "st": [
                0.018450850471738105,
                0.0002715199667423566,
                0.0,
                1.0039200524123597
            ],
            "conf": [
                0.007044084892003496,
                0.0001242751849661071,
                0.0,
                0.17477242419141326
            ]
        }
    }
}