{
    "loadFromY": {
        "EndingNMean": [
            2.0510959545989376e-05,
            0.022705905051382685,
            0.08493482076071757,
            3.5549418991560977e-06,
            0.9210023149152966
        ]
    },
    "meanLatencyFromY": {
        "EndingNMean": [
            0.09343756390041276,
            0.0629846475345146,
            0.7164872210109093,
            0.007776150768860716,
            0.7712298330724219
        ]
    }
}