{
    "loadFromY": {
        "CrossCorr": [
            0.47017359098808154,
            0.14723199896358072,
            0.5357266332350692,
            0.009948704866384623,
            0.7250573141874908
        ],
        "TimeSeriesCrossCorr": [
            0.7021270513156518,
            0.09494105810037044,
            0.38079220756219667,
            0.024151030349518817,
            0.71835627429667
        ],
        "TimeSeriesCrossCorrOffset": [
            0.4614566387185583,
            0.06413465148291828,
            0.4426855212113628,
            0.06100613189838568,
            0.4254786634964335
        ],
        "EndingNMean": [
            2.0510959545989376e-05,
            0.022705905051382685,
            0.08493482076071757,
            3.5549418991560977e-06,
            0.9210023149152966
        ],
        "EndingNSlope": [
            2.572254951265626,
            0.44196658783637305,
            0.9686552019610614,
            0.34124150667660985,
            1.2731838315725315
        ],
        "StartEndMeanDiff": [
            2.079373160974022,
            0.5190378293685994,
            0.8428323759260563,
            0.25259196596283395,
            0.799015402977347
        ],
        "M0": [
            0.97892879066088,
            0.010898757908953779,
            0.12569823026663018,
            1.825595234310645e-06,
            1.8516751662293752e-06
        ],
        "M1": [
            0.07892089607923991,
            0.023292783317040027,
            0.08725892262710253,
            4.261859070200403e-06,
            0.9415838128088232
        ],
        "M2": [
            0.3187988233573447,
            1.1127059186868767e-07,
            0.0026401042426103813,
            1.3090657866903374e-07,
            0.8997630605653081
        ],
        "M3": [
            0.4827380191714639,
            0.0,
            0.0,
            0.0,
            0.9541174305909321
        ],
        "M4": [
            0.44055301757109444,
            0.0,
            0.0,
            0.0,
            0.8436239844652572
        ],
        "M5": [
            0.2704606076793987,
            0.0,
            0.0,
            0.0,
            0.9780594369127946
        ],
        "S0": [
            0.5027358102643257,
            0.003940003824727526,
            0.17021447633434314,
            0.00010797908116823034,
            0.4915755066011162
        ],
        "S1": [
            1.0607527289381178,
            0.01112260279581568,
            0.5108390176732676,
            0.00159171628142563,
            0.6073174060605325
        ],
        "S2": [
            0.7737348389795065,
            0.43914680050188204,
            0.10455876202425761,
            0.7737348389795061,
            0.5018820577164366
        ],
        "S3": [
            0.45070422535211285,
            0.0,
            0.0,
            0.0,
            0.6760563380281691
        ],
        "S4": [
            0.5818181818181818,
            0.0,
            0.0,
            0.0,
            1.0181818181818183
        ],
        "S5": [
            1.0152284263959392,
            0.0,
            0.0,
            0.0,
            0.6768189509306262
        ]
    },
    "meanLatencyFromY": {
        "CrossCorr": [
            0.607024437452135,
            0.34438164843385954,
            0.6582424654226586,
            0.07814115412732454,
            0.7950428737591978
        ],
        "TimeSeriesCrossCorr": [
            0.5720007825252431,
            0.33450320056487015,
            0.6282331101380911,
            0.12631405672972562,
            0.7938750658779096
        ],
        "TimeSeriesCrossCorrOffset": [
            0.7568289851262842,
            0.64839762546275,
            1.0372171474885543,
            0.6034917088344175,
            0.9189283914919717
        ],
        "EndingNMean": [
            0.09343756390041276,
            0.0629846475345146,
            0.7164872210109093,
            0.007776150768860716,
            0.7712298330724219
        ],
        "EndingNSlope": [
            0.8101762145122133,
            0.2886335495877627,
            0.5645953880393356,
            0.36095876215189643,
            1.027302211119976
        ],
        "StartEndMeanDiff": [
            0.7922022693392345,
            0.28199854365899724,
            0.5494675823883087,
            0.3598264878884791,
            0.9993897139519988
        ],
        "M0": [
            0.5025629538696956,
            0.11389612264633661,
            0.9277743304117261,
            0.0008605433451621923,
            0.003774217807599051
        ],
        "M1": [
            0.31329871798527026,
            0.067276390006097,
            1.0509380466565514,
            0.006626020375815773,
            0.43839948395751044
        ],
        "M2": [
            0.26244122962415634,
            0.0004822325837996527,
            0.48998552057081984,
            0.00037145941404655966,
            0.8569907753175084
        ],
        "M3": [
            0.1228099243656874,
            6.15467683649326e-06,
            0.22562078936073657,
            1.0055220241079845e-05,
            0.9758613079846937
        ],
        "M4": [
            0.4617925783153081,
            9.182894955060375e-06,
            0.2260808463626909,
            1.3783707614730101e-05,
            1.1367183858410461
        ],
        "M5": [
            0.34798349746271656,
            7.60661028400695e-06,
            0.13366827941640919,
            1.1443195837606899e-05,
            1.254478058159283
        ],
        "S0": [
            1.176865595377444,
            0.017335793112938647,
            1.0650816706508055,
            0.014579408937943421,
            0.3740665918966822
        ],
        "S1": [
            1.1287655689704106,
            0.015323895013660117,
            0.9743582139678211,
            0.01803017557054925,
            0.5120048470581485
        ],
        "S2": [
            0.07931456464677357,
            0.4140615327633692,
            0.11235128671513582,
            0.5495800175091337,
            0.5081161875728486
        ],
        "S3": [
            1.130393330434692,
            1.2311670399825452,
            0.9021029947067102,
            1.3288995535666495,
            1.4536606379628538
        ],
        "S4": [
            1.2180469802386067,
            0.6695681787047305,
            0.7009004454653579,
            1.1269323704309366,
            1.1569699712283181
        ],
        "S5": [
            2.8840817994898584,
            0.5614466676230533,
            1.452280743882499,
            0.3567520536459262,
            0.6896182297480146
        ]
    }
}