{
    "loadFromY": {
        "EndingNMean": [
            1.575850802606498e-05,
            0.023060964665621124,
            0.08469161004544593,
            9.771837743443277e-06,
            0.9225278615172952
        ]
    },
    "meanLatencyFromY": {
        "EndingNMean": [
            0.10129821756562198,
            0.06523353805586325,
            0.8598434522569023,
            0.009192394936131838,
            0.6537404370926189
        ]
    }
}