{
    "meanLatencyFromY": {
        "EndingNMean": {
            "st": [
                0.4305854564783143,
                1.0484456811036886,
                0.027543625583642824,
                0.06861872675869962
            ],
            "conf": [
                0.42223292177760713,
                4.931305497722974,
                0.05200503007648071,
                0.15890466154478994
            ]
        }
    },
    "meanAvailabilityFromY": {
        "EndingNMean": {
            "st": [
                0.12333590820177173,
                0.12405617457559714,
                0.192449889876879,
                0.878795798560766
            ],
            "conf": [
                0.2808347599891744,
                0.2733642774397819,
                0.2560161678746598,
                0.4688505113316605
            ]
        }
    }
}