{
    "meanAvailabilityFromY": {
        "T10": {
            "st": [
                0.011838198454482262,
                6.862591631658152e-05,
                0.0,
                1.0508418962263173
            ],
            "conf": [
                0.004322119188344133,
                4.517924247264537e-05,
                0.0,
                0.19467766601020856
            ]
        }
    },
    "loadFromY": {
        "T10": {
            "st": [
                0.9594891973703469,
                0.0,
                0.0,
                0.0
            ],
            "conf": [
                0.23313767462904228,
                0.0,
                0.0,
                0.0
            ]
        }
    },
    "meanResponseP1Availability": {
        "T10": {
            "st": [
                0.04496159789326997,
                0.0007330379197552735,
                0.0,
                1.0419813537920035
            ],
            "conf": [
                0.021182851074504395,
                0.000521862909347361,
                0.0,
                0.23904327515642043
            ]
        }
    },
    "meanResponseP2Availability": {
        "T10": {
            "st": [
                0.07100160542910809,
                0.00025595142663814097,
                0.0,
                0.9203327709428601
            ],
            "conf": [
                0.0339214375772596,
                0.00011145578405278255,
                0.0,
                0.21119656322152391
            ]
        }
    },
    "meanResponseP3Availability": {
        "T10": {
            "st": [
                0.05224782576603262,
                0.00029907723758078737,
                0.0,
                1.066922424793528
            ],
            "conf": [
                0.030214660303237068,
                0.0001694745565152081,
                0.0,
                0.228506286644041
            ]
        }
    }
}