{
    "meanAvailabilityFromY": {
        "T10": {
            "st": [
                0.6142939411522221,
                0.5386708716176393,
                0.08084548395868679,
                0.9128753091128187
            ],
            "conf": [
                0.14520419157700568,
                0.11611005389440253,
                0.028137315589900323,
                0.13931334147195526
            ]
        }
    },
    "loadFromY": {
        "T10": {
            "st": [
                0.9840886859972404,
                0.00027149308148924643,
                4.6700548573352125e-05,
                0.01731185513279768
            ],
            "conf": [
                0.0873071518858988,
                4.5824838017817e-05,
                2.024280921370159e-05,
                0.0017279292267983633
            ]
        }
    },
    "meanResponseP1Availability": {
        "T10": {
            "st": [
                0.9613082629552943,
                0.8747383730334878,
                0.19535033025398588,
                0.936239990836226
            ],
            "conf": [
                0.2440110951807123,
                0.2335178419037582,
                0.11155110706594158,
                0.19327165228428783
            ]
        }
    },
    "meanResponseP2Availability": {
        "T10": {
            "st": [
                0.7754460744430421,
                0.7587179884047133,
                0.10791032751590757,
                0.8222435282559295
            ],
            "conf": [
                0.17461768508081305,
                0.17241785504358167,
                0.047020603097754556,
                0.15017206880516723
            ]
        }
    },
    "meanResponseP3Availability": {
        "T10": {
            "st": [
                0.807467540418415,
                0.6981800086633554,
                0.13747711178497887,
                0.905159948839772
            ],
            "conf": [
                0.2125544482422983,
                0.2190174413468532,
                0.05103182235391939,
                0.18741758020293414
            ]
        }
    }
}