{
    "meanAvailabilityFromY": {
        "T10": {
            "st": 0.9128753091128187,
            "conf": 0.13931334147195526
        }
    },
    "loadFromY": {
        "T10": {
            "st": 0.01731185513279768,
            "conf": 0.0017279292267983633
        }
    },
    "meanResponseP1Availability": {
        "T10": {
            "st": 0.936239990836226,
            "conf": 0.19327165228428783
        }
    },
    "meanResponseP2Availability": {
        "T10": {
            "st": 0.8222435282559295,
            "conf": 0.15017206880516723
        }
    },
    "meanResponseP3Availability": {
        "T10": {
            "st": 0.905159948839772,
            "conf": 0.18741758020293414
        }
    }
}