{
    "meanLatencyFromY": {
        "EndingNMean": {
            "st": [
                0.9112398258149734,
                0.0016286361474642296,
                0.0,
                0.10121949824526581
            ],
            "conf": [
                0.13833785153233746,
                0.0006551026578109091,
                0.0,
                0.053790875419340675
            ]
        }
    },
    "meanAvailabilityFromY": {
        "EndingNMean": {
            "st": [
                0.25878557810767433,
                0.004042285774355643,
                0.8432898214645786,
                0.005315730121120404
            ],
            "conf": [
                0.06899473605641082,
                0.0010426151725164692,
                0.13203642780619032,
                0.0011680632174374183
            ]
        }
    },
    "meanResponseGFastLatency": {
        "EndingNMean": {
            "st": [
                0.8689687258227475,
                0.004563165006350048,
                0.08773805226383802,
                0.03356187078361342
            ],
            "conf": [
                0.13325106188531977,
                0.0010591860613909983,
                0.020175010748203992,
                0.010993021831077763
            ]
        }
    },
    "meanResponseGMediumLatency": {
        "EndingNMean": {
            "st": [
                0.9034066225809263,
                0.005685479792811479,
                0.09038149003342197,
                0.03359322908677861
            ],
            "conf": [
                0.13494192695185236,
                0.0011639788987865066,
                0.027931171530177566,
                0.010706965244888525
            ]
        }
    },
    "meanResponseGSlowLatency": {
        "EndingNMean": {
            "st": [
                0.905532668496233,
                0.004631891640579323,
                0.08702556510179833,
                0.036946134434884745
            ],
            "conf": [
                0.15030185884965874,
                0.0011016839325221019,
                0.024168246966324438,
                0.012281583305611523
            ]
        }
    },
    "meanResponseGFastAvailability": {
        "EndingNMean": {
            "st": [
                0.27564102553808234,
                0.014179107308052542,
                0.8201127800026895,
                0.016479570469329855
            ],
            "conf": [
                0.06195738904361868,
                0.0034137989012376466,
                0.1251293699101525,
                0.0050685129658275315
            ]
        }
    },
    "meanResponseGMediumAvailability": {
        "EndingNMean": {
            "st": [
                0.2672190703311335,
                0.013247618664190478,
                0.8545110711790705,
                0.016867346153537053
            ],
            "conf": [
                0.07396906461906572,
                0.0032068124866371757,
                0.12198222427925871,
                0.005034208044591697
            ]
        }
    },
    "meanResponseGSlowAvailability": {
        "EndingNMean": {
            "st": [
                0.2679864666525761,
                0.011497121916523282,
                0.8332750148071026,
                0.015205157306480971
            ],
            "conf": [
                0.06371148812781441,
                0.002751168597643358,
                0.1056783669147985,
                0.003479720101475472
            ]
        }
    }
}