{
    "loadFromY": {
        "EndingNMean": {
            "st": [
                1.1259809352930118e-05,
                1.0637067254415655,
                0.0,
                0.09828836018570927
            ],
            "conf": [
                5.96282373874694e-06,
                0.2008046836701761,
                0.0,
                0.05254885738467383
            ]
        }
    },
    "meanLatencyFromY": {
        "EndingNMean": {
            "st": [
                0.10097771690153026,
                0.914136506619699,
                0.0,
                0.06275704767839918
            ],
            "conf": [
                0.04865991368869632,
                0.1841159780283712,
                0.0,
                0.022393233656959426
            ]
        }
    },
    "meanResponseP1Latency": {
        "EndingNMean": {
            "st": [
                0.10094970744097834,
                0.9141336690986386,
                9.790272143636556e-12,
                0.06273456559613629
            ],
            "conf": [
                0.05290982297672058,
                0.1902253198358109,
                3.142674407181403e-12,
                0.023304760599352946
            ]
        }
    },
    "meanResponseP2Latency": {
        "EndingNMean": {
            "st": [
                0.10120675606476583,
                0.9141572880052284,
                8.733790428889846e-12,
                0.06286907921443523
            ],
            "conf": [
                0.048298675622147354,
                0.19148885819905279,
                2.8964321231818364e-12,
                0.023920516995524308
            ]
        }
    },
    "meanResponseP3Latency": {
        "EndingNMean": {
            "st": [
                0.10078436826717715,
                0.9141080266645565,
                8.913280433073639e-12,
                0.06266044816357975
            ],
            "conf": [
                0.046038667196033285,
                0.18252815303537018,
                2.5817649252281242e-12,
                0.02257953300135907
            ]
        }
    }
}