{
    "loadFromY": {
        "EndingNMean": {
            "st": [
                1.1259809352930118e-05,
                1.0637067254415655,
                0.0,
                0.09828836018570927
            ],
            "conf": [
                5.478099516959021e-06,
                0.21371939835415146,
                0.0,
                0.04796641030424814
            ]
        }
    },
    "meanLatencyFromY": {
        "EndingNMean": {
            "st": [
                0.10097771690153026,
                0.914136506619699,
                0.0,
                0.06275704767839918
            ],
            "conf": [
                0.05531664798808022,
                0.1965577459421906,
                0.0,
                0.02074896211027271
            ]
        }
    },
    "meanResponseP1Availability": {
        "EndingNMean": {
            "st": [
                0.0017852468180418136,
                0.0019312609835599732,
                1.0057477640129797,
                0.0019930334088968673
            ],
            "conf": [
                0.0007990539913598092,
                0.0007012889719682834,
                0.1856903254157822,
                0.0009464253998675857
            ]
        }
    },
    "meanResponseP2Availability": {
        "EndingNMean": {
            "st": [
                0.0015467467628916339,
                0.001262524558103547,
                0.9920594527015975,
                0.0015235654567771434
            ],
            "conf": [
                0.0005990955022537511,
                0.00035270275592554334,
                0.16483403031620864,
                0.0005769371426493274
            ]
        }
    },
    "meanResponseP3Availability": {
        "EndingNMean": {
            "st": [
                0.002332642449248867,
                0.0021766934449658896,
                0.9977438671444362,
                0.0015613946696220096
            ],
            "conf": [
                0.0008605699680356771,
                0.001104137869389508,
                0.15612950613373075,
                0.0005254733354092099
            ]
        }
    }
}