{
    "meanLatencyFromY": {
        "T10": {
            "st": [
                0.8695106674193973,
                0.0,
                0.0,
                0.12399201823344692
            ],
            "conf": [
                0.0906141358388243,
                0.0,
                0.0,
                0.03205391224310595
            ]
        }
    },
    "meanAvailabilityFromY": {
        "T10": {
            "st": [
                0.9981737850582694,
                0.0003698373285044992,
                0.061532759362548456,
                0.0336522539530035
            ],
            "conf": [
                0.09529794288703951,
                0.00013029932118321192,
                0.008489178638201703,
                0.005492889019571054
            ]
        }
    },
    "meanResponseGFastLatency": {
        "T10": {
            "st": [
                1.0169601614009998,
                3.653112587109461e-07,
                0.00014293790048601365,
                0.057474865412910234
            ],
            "conf": [
                0.10199731946582145,
                3.407804856997006e-07,
                2.9974239843200982e-05,
                0.014637298255256058
            ]
        }
    },
    "meanResponseGMediumLatency": {
        "T10": {
            "st": [
                1.0304877219621855,
                4.866806888848157e-07,
                0.00019394768330240276,
                0.06642083059539931
            ],
            "conf": [
                0.08528052642792046,
                7.065260054308972e-07,
                4.005784741277876e-05,
                0.01955002533589055
            ]
        }
    },
    "meanResponseGSlowLatency": {
        "T10": {
            "st": [
                1.0313480728720184,
                3.582468568209005e-07,
                0.00019082508200155704,
                0.062218066204908516
            ],
            "conf": [
                0.0928782123284336,
                4.661299731634822e-07,
                3.447107198241238e-05,
                0.018216583250979298
            ]
        }
    },
    "meanResponseGFastAvailability": {
        "T10": {
            "st": [
                1.013030507015565,
                0.00015266423683822503,
                0.02943040291244338,
                0.01490139798481781
            ],
            "conf": [
                0.08861181976045654,
                8.24387262316974e-05,
                0.004017400862916555,
                0.0021467157167191176
            ]
        }
    },
    "meanResponseGMediumAvailability": {
        "T10": {
            "st": [
                0.9998374016883557,
                0.0003533218958086447,
                0.07127299460332859,
                0.02767568172211541
            ],
            "conf": [
                0.09651336613882869,
                0.0001811163586307427,
                0.010706605623302057,
                0.004141787937197712
            ]
        }
    },
    "meanResponseGSlowAvailability": {
        "T10": {
            "st": [
                0.969788529616652,
                0.00017070104874838778,
                0.11648418327998408,
                0.02988032619919614
            ],
            "conf": [
                0.09394572020104365,
                0.0001057529938774055,
                0.0228924637968052,
                0.005392100612007023
            ]
        }
    }
}