{
    "meanLatencyFromY": {
        "T10": {
            "st": 0.12399201823344692,
            "conf": 0.03205391224310595
        }
    },
    "meanAvailabilityFromY": {
        "T10": {
            "st": 0.0336522539530035,
            "conf": 0.005492889019571054
        }
    },
    "meanResponseGFastLatency": {
        "T10": {
            "st": 0.057474865412910234,
            "conf": 0.014637298255256058
        }
    },
    "meanResponseGMediumLatency": {
        "T10": {
            "st": 0.06642083059539931,
            "conf": 0.01955002533589055
        }
    },
    "meanResponseGSlowLatency": {
        "T10": {
            "st": 0.062218066204908516,
            "conf": 0.018216583250979298
        }
    },
    "meanResponseGFastAvailability": {
        "T10": {
            "st": 0.01490139798481781,
            "conf": 0.0021467157167191176
        }
    },
    "meanResponseGMediumAvailability": {
        "T10": {
            "st": 0.02767568172211541,
            "conf": 0.004141787937197712
        }
    },
    "meanResponseGSlowAvailability": {
        "T10": {
            "st": 0.02988032619919614,
            "conf": 0.005392100612007023
        }
    }
}