{
    "meanAvailabilityFromY": {
        "T10": {
            "st": 0.05780014184162437,
            "conf": 0.008706176205505747
        }
    },
    "loadFromY": {
        "T10": {
            "st": 0.0,
            "conf": 0.0
        }
    },
    "meanResponseP1Availability": {
        "T10": {
            "st": 0.03141862050350935,
            "conf": 0.004186784296240117
        }
    },
    "meanResponseP2Availability": {
        "T10": {
            "st": 0.07367855514665761,
            "conf": 0.010555370471564404
        }
    },
    "meanResponseP3Availability": {
        "T10": {
            "st": 0.10054726530265204,
            "conf": 0.016222230566679624
        }
    }
}