{
    "meanAvailabilityFromY": {
        "T10": {
            "st": [
                1.0006887272240652,
                0.034672631211201434,
                0.010107956898738188,
                0.05780014184162437
            ],
            "conf": [
                0.08782356303136941,
                0.006170931826787839,
                0.002866050865339487,
                0.008706176205505747
            ]
        }
    },
    "loadFromY": {
        "T10": {
            "st": [
                0.9999259853168527,
                0.0,
                0.0,
                0.0
            ],
            "conf": [
                0.09426266031414496,
                0.0,
                0.0,
                0.0
            ]
        }
    },
    "meanResponseP1Availability": {
        "T10": {
            "st": [
                1.004873705302209,
                0.017792534040496837,
                0.007468039975219374,
                0.03141862050350935
            ],
            "conf": [
                0.09619978719194101,
                0.002501807226858068,
                0.002582396411408932,
                0.004186784296240117
            ]
        }
    },
    "meanResponseP2Availability": {
        "T10": {
            "st": [
                1.0132526497178027,
                0.023651781106016075,
                0.004318954342784442,
                0.07367855514665761
            ],
            "conf": [
                0.09831936674607221,
                0.003951987327542306,
                0.001173663348999116,
                0.010555370471564404
            ]
        }
    },
    "meanResponseP3Availability": {
        "T10": {
            "st": [
                0.9431314650250763,
                0.02730901264566925,
                0.009777213195021048,
                0.10054726530265204
            ],
            "conf": [
                0.08539317530304082,
                0.004539972889730536,
                0.002483493953062925,
                0.016222230566679624
            ]
        }
    }
}