{
    "meanLatencyFromY": {
        "T10": {
            "st": [
                0.025910801788359153,
                0.9389896358890085,
                0.003320112537314007,
                0.0034982445471951106
            ],
            "conf": [
                0.008566719065561517,
                0.1912667380589923,
                0.0011261676741417864,
                0.003951848343268019
            ]
        }
    },
    "meanAvailabilityFromY": {
        "T10": {
            "st": [
                0.0257004715581961,
                0.9298427297573251,
                0.003315212313933465,
                0.01037118673096779
            ],
            "conf": [
                0.010213116364278447,
                0.16727741012816427,
                0.0013818961755574734,
                0.010580075364209705
            ]
        }
    },
    "meanResponseGFastLatency": {
        "T10": {
            "st": [
                0.0336767284240136,
                0.9311020248853499,
                0.01029915792302968,
                0.0035235963819464033
            ],
            "conf": [
                0.015425913114069321,
                0.19965656983970798,
                0.0034118324215106923,
                0.004083409151306127
            ]
        }
    },
    "meanResponseGMediumLatency": {
        "T10": {
            "st": [
                0.04749345498794584,
                0.9411915242682185,
                0.014197035711629493,
                0.003728921351984735
            ],
            "conf": [
                0.01776001638003649,
                0.17407384660604436,
                0.008640248945854904,
                0.00367231261432929
            ]
        }
    },
    "meanResponseGSlowLatency": {
        "T10": {
            "st": [
                0.026760640519631312,
                0.9390030060009865,
                0.009583323061315516,
                0.0039030503871957767
            ],
            "conf": [
                0.009619159809783723,
                0.1696577015843048,
                0.003889897877265961,
                0.005626530568316407
            ]
        }
    },
    "meanResponseGFastAvailability": {
        "T10": {
            "st": [
                0.033511488933102414,
                0.929715427873104,
                0.01029779492824033,
                0.0042898886771626475
            ],
            "conf": [
                0.01711107961042762,
                0.18742372947067082,
                0.004750062802645964,
                0.0049282543960749384
            ]
        }
    },
    "meanResponseGMediumAvailability": {
        "T10": {
            "st": [
                0.046818539391788004,
                0.9294050773646692,
                0.014215689721380053,
                0.013578211504615275
            ],
            "conf": [
                0.01405735221432262,
                0.17220837100138764,
                0.006662080520650829,
                0.012509179305434277
            ]
        }
    },
    "meanResponseGSlowAvailability": {
        "T10": {
            "st": [
                0.02664356519276654,
                0.9232421552760555,
                0.009610145522501744,
                0.01537905530054429
            ],
            "conf": [
                0.008939536743876597,
                0.15314826195666303,
                0.0037287793382662273,
                0.015541129814983668
            ]
        }
    }
}