{
    "meanLatencyFromY": {
        "T10": {
            "st": [
                0.025910801788359153,
                0.9389896358890085,
                0.003320112537314007,
                0.0034982445471951106
            ],
            "conf": [
                0.009379011763875364,
                0.1932091500674291,
                0.0012661913173914483,
                0.004977378563103256
            ]
        }
    },
    "meanAvailabilityFromY": {
        "T10": {
            "st": [
                0.0257004715581961,
                0.9298427297573251,
                0.003315212313933465,
                0.01037118673096779
            ],
            "conf": [
                0.007994285648385528,
                0.195653214865326,
                0.0010973736827420437,
                0.010931185538540517
            ]
        }
    },
    "meanResponseGFastLatency": {
        "T10": {
            "st": [
                0.0336767284240136,
                0.9311020248853499,
                0.01029915792302968,
                0.0035235963819464033
            ],
            "conf": [
                0.013766687245876343,
                0.18137251029294318,
                0.004160107967984687,
                0.004457368935390887
            ]
        }
    },
    "meanResponseGMediumLatency": {
        "T10": {
            "st": [
                0.04749345498794584,
                0.9411915242682185,
                0.014197035711629493,
                0.003728921351984735
            ],
            "conf": [
                0.015954906782116307,
                0.19792723723589717,
                0.007128192943332245,
                0.004718169592958736
            ]
        }
    },
    "meanResponseGSlowLatency": {
        "T10": {
            "st": [
                0.026760640519631312,
                0.9390030060009865,
                0.009583323061315516,
                0.0039030503871957767
            ],
            "conf": [
                0.008676424048368967,
                0.163493102808824,
                0.003339470819084766,
                0.004314379554052958
            ]
        }
    },
    "meanResponseGFastAvailability": {
        "T10": {
            "st": [
                0.033511488933102414,
                0.929715427873104,
                0.01029779492824033,
                0.0042898886771626475
            ],
            "conf": [
                0.014123203555203077,
                0.1942483235105464,
                0.003937292270090121,
                0.004318077860355394
            ]
        }
    },
    "meanResponseGMediumAvailability": {
        "T10": {
            "st": [
                0.046818539391788004,
                0.9294050773646692,
                0.014215689721380053,
                0.013578211504615275
            ],
            "conf": [
                0.01639640138991488,
                0.19268358939725988,
                0.006691462556328466,
                0.010928267764319656
            ]
        }
    },
    "meanResponseGSlowAvailability": {
        "T10": {
            "st": [
                0.02664356519276654,
                0.9232421552760555,
                0.009610145522501744,
                0.01537905530054429
            ],
            "conf": [
                0.007419428876151718,
                0.16703256037064781,
                0.0035512845679234583,
                0.017980388063246637
            ]
        }
    }
}