{
    "meanAvailabilityFromY": {
        "T10": {
            "st": [
                1.097025761001858,
                0.03714149116780125,
                0.00909464460680279,
                0.062422280367300284
            ],
            "conf": [
                0.20055583198925028,
                0.017700039099499704,
                0.004076510481340685,
                0.020638421149647868
            ]
        }
    },
    "loadFromY": {
        "T10": {
            "st": [
                0.9990956656665594,
                0.0,
                0.0,
                0.0
            ],
            "conf": [
                0.16459045108685944,
                0.0,
                0.0,
                0.0
            ]
        }
    },
    "meanResponseP1Availability": {
        "T10": {
            "st": [
                0.9956159292825276,
                0.018762350876563808,
                0.0054683190745509185,
                0.02948053332253913
            ],
            "conf": [
                0.15416629217346067,
                0.004703570291281361,
                0.0036710859473055636,
                0.008932159355657937
            ]
        }
    },
    "meanResponseP2Availability": {
        "T10": {
            "st": [
                1.0069335393627152,
                0.022024988853440758,
                0.0036068659057093434,
                0.06346381239290588
            ],
            "conf": [
                0.23071542042677354,
                0.006812390810687118,
                0.0015971670097252343,
                0.018852623359442527
            ]
        }
    },
    "meanResponseP3Availability": {
        "T10": {
            "st": [
                0.9959383177534652,
                0.02284307142881754,
                0.009080451928873258,
                0.0978903741649903
            ],
            "conf": [
                0.20157688983698255,
                0.008745307786225917,
                0.006253636100652593,
                0.027298426686992186
            ]
        }
    }
}