{
    "meanAvailabilityFromY": {
        "T10": {
            "st": [
                1.097025761001858,
                0.03714149116780125,
                0.00909464460680279,
                0.062422280367300284
            ],
            "conf": [
                0.2350664051007542,
                0.017005132249918897,
                0.005181128716663797,
                0.021674443572879877
            ]
        }
    },
    "loadFromY": {
        "T10": {
            "st": [
                0.9990956656665594,
                0.0,
                0.0,
                0.0
            ],
            "conf": [
                0.1668972334629946,
                0.0,
                0.0,
                0.0
            ]
        }
    },
    "meanResponseP1Availability": {
        "T10": {
            "st": [
                0.9956159292825276,
                0.018762350876563808,
                0.0054683190745509185,
                0.02948053332253913
            ],
            "conf": [
                0.14766711529650833,
                0.004829071363289625,
                0.0031803268626443004,
                0.009036966753848588
            ]
        }
    },
    "meanResponseP2Availability": {
        "T10": {
            "st": [
                1.0069335393627152,
                0.022024988853440758,
                0.0036068659057093434,
                0.06346381239290588
            ],
            "conf": [
                0.2156469315371143,
                0.007275376232704319,
                0.0012870788823341349,
                0.01988945164631076
            ]
        }
    },
    "meanResponseP3Availability": {
        "T10": {
            "st": [
                0.9959383177534652,
                0.02284307142881754,
                0.009080451928873258,
                0.0978903741649903
            ],
            "conf": [
                0.20208436847968017,
                0.008587692081389353,
                0.005413633279303937,
                0.02947593570582709
            ]
        }
    }
}