{
    "meanLatencyFromY": {
        "T10": {
            "st": [
                0.9281660078760662,
                0.0,
                0.0,
                0.012897723753333179
            ],
            "conf": [
                0.21940841671759104,
                0.0,
                0.0,
                0.008818174294416066
            ]
        }
    },
    "meanAvailabilityFromY": {
        "T10": {
            "st": [
                0.0750903151802359,
                2.5042724895352347e-05,
                0.0037469795260200393,
                0.8781502827251991
            ],
            "conf": [
                0.042447271154554704,
                2.1491404695484773e-05,
                0.002292982154715542,
                0.2118675394530049
            ]
        }
    },
    "meanResponseGFastLatency": {
        "T10": {
            "st": [
                0.8390599706533999,
                0.0,
                3.2449142711439522e-06,
                0.07145580019026403
            ],
            "conf": [
                0.18960697018551323,
                0.0,
                3.154320278817666e-06,
                0.04284497410187407
            ]
        }
    },
    "meanResponseGMediumLatency": {
        "T10": {
            "st": [
                0.8567931864551173,
                0.0,
                7.2392556278626365e-06,
                0.06929936486374591
            ],
            "conf": [
                0.17822719824421132,
                0.0,
                7.1529552466283015e-06,
                0.044888423036004495
            ]
        }
    },
    "meanResponseGSlowLatency": {
        "T10": {
            "st": [
                0.8467307339091398,
                0.0,
                9.440332024124346e-06,
                0.07950513129158479
            ],
            "conf": [
                0.18888174091107632,
                0.0,
                9.947668205625182e-06,
                0.04801465430303054
            ]
        }
    },
    "meanResponseGFastAvailability": {
        "T10": {
            "st": [
                1.0439718339269064,
                0.00017301389591231007,
                0.0266858688395539,
                0.009507347977644577
            ],
            "conf": [
                0.175729258579567,
                0.00015259500779269864,
                0.007440778813087332,
                0.002532347553549984
            ]
        }
    },
    "meanResponseGMediumAvailability": {
        "T10": {
            "st": [
                0.6291510365840622,
                0.00012042020858981965,
                0.05369808989986745,
                0.3285489188419645
            ],
            "conf": [
                0.18387709534701605,
                0.0001778535260300117,
                0.021294715089177334,
                0.13741241684397557
            ]
        }
    },
    "meanResponseGSlowAvailability": {
        "T10": {
            "st": [
                0.03500756163937262,
                1.886119684671184e-05,
                0.004203950797210601,
                0.9051240880362815
            ],
            "conf": [
                0.02076746287487504,
                2.5701233475204813e-05,
                0.0025211393657810937,
                0.2311246495710426
            ]
        }
    }
}