{
    "meanLatencyFromY": {
        "T10": {
            "st": [
                0.9281660078760662,
                0.0,
                0.0,
                0.012897723753333179
            ],
            "conf": [
                0.21476958475847105,
                0.0,
                0.0,
                0.008347706609804842
            ]
        }
    },
    "meanAvailabilityFromY": {
        "T10": {
            "st": [
                0.0750903151802359,
                2.5042724895352347e-05,
                0.0037469795260200393,
                0.8781502827251991
            ],
            "conf": [
                0.04290287404345298,
                2.0861468649178562e-05,
                0.0025066111507401935,
                0.20064254741870585
            ]
        }
    },
    "meanResponseGFastLatency": {
        "T10": {
            "st": [
                0.8390599706533999,
                0.0,
                3.2449142711439522e-06,
                0.07145580019026403
            ],
            "conf": [
                0.18199949036211463,
                0.0,
                2.8657118500037654e-06,
                0.045533965666996544
            ]
        }
    },
    "meanResponseGMediumLatency": {
        "T10": {
            "st": [
                0.8567931864551173,
                0.0,
                7.2392556278626365e-06,
                0.06929936486374591
            ],
            "conf": [
                0.1917736292244539,
                0.0,
                7.061270991374583e-06,
                0.041090134456193785
            ]
        }
    },
    "meanResponseGSlowLatency": {
        "T10": {
            "st": [
                0.8467307339091398,
                0.0,
                9.440332024124346e-06,
                0.07950513129158479
            ],
            "conf": [
                0.1840608583642224,
                0.0,
                7.622723195594767e-06,
                0.053093291112107074
            ]
        }
    },
    "meanResponseGFastAvailability": {
        "T10": {
            "st": [
                1.0439718339269064,
                0.00017301389591231007,
                0.0266858688395539,
                0.009507347977644577
            ],
            "conf": [
                0.15504764062829757,
                0.00015991716511090485,
                0.006047109181013296,
                0.0028364642608860245
            ]
        }
    },
    "meanResponseGMediumAvailability": {
        "T10": {
            "st": [
                0.6291510365840622,
                0.00012042020858981965,
                0.05369808989986745,
                0.3285489188419645
            ],
            "conf": [
                0.18525698445099043,
                0.00018908155726007347,
                0.018682658907843822,
                0.13895721858135435
            ]
        }
    },
    "meanResponseGSlowAvailability": {
        "T10": {
            "st": [
                0.03500756163937262,
                1.886119684671184e-05,
                0.004203950797210601,
                0.9051240880362815
            ],
            "conf": [
                0.023928663852948645,
                2.2310670559382684e-05,
                0.002910394923326219,
                0.26121718918166287
            ]
        }
    }
}