{
    "meanLatencyFromY": {
        "EndingNMean": {
            "st": [
                1.054746037811233,
                0.0,
                0.0,
                0.0019132722548236567
            ],
            "conf": [
                0.08444617687252398,
                0.0,
                0.0,
                0.0005533316322427805
            ]
        }
    },
    "meanAvailabilityFromY": {
        "EndingNMean": {
            "st": [
                0.23340969119353827,
                9.870411386950786e-06,
                0.8533420971068744,
                0.0059355731332918936
            ],
            "conf": [
                0.05000782930809809,
                3.788662152973729e-06,
                0.1020099750532013,
                0.0018612915883822957
            ]
        }
    },
    "meanResponseGFastLatency": {
        "EndingNMean": {
            "st": [
                1.047734326052675,
                4.348269707129087e-08,
                0.0004188150514686392,
                0.04339374463717785
            ],
            "conf": [
                0.09008688242291867,
                5.959517997800926e-08,
                0.0002212421022528556,
                0.010882192875075108
            ]
        }
    },
    "meanResponseGMediumLatency": {
        "EndingNMean": {
            "st": [
                1.033085288503532,
                5.1011576353437055e-08,
                0.0003903649537716395,
                0.04211636008902543
            ],
            "conf": [
                0.086754689411628,
                7.68863164751676e-08,
                0.0001718375001797502,
                0.009199223422505108
            ]
        }
    },
    "meanResponseGSlowLatency": {
        "EndingNMean": {
            "st": [
                1.0205388211317106,
                2.4342686170947813e-07,
                0.0008427162448062795,
                0.04257178525622149
            ],
            "conf": [
                0.08116947626492388,
                2.3064528267388965e-07,
                0.0003694343867473931,
                0.011197254345230258
            ]
        }
    },
    "meanResponseGFastAvailability": {
        "EndingNMean": {
            "st": [
                0.2808867960404214,
                1.576112955476115e-05,
                0.7983709041549993,
                4.2461922053436376e-05
            ],
            "conf": [
                0.05220679743607518,
                6.4579735132912216e-06,
                0.08156849902005239,
                1.2428779861890118e-05
            ]
        }
    },
    "meanResponseGMediumAvailability": {
        "EndingNMean": {
            "st": [
                0.2232419831821086,
                2.766904851508613e-05,
                0.8671050150963143,
                0.0012401055562959922
            ],
            "conf": [
                0.04823958213284474,
                1.0485880824789436e-05,
                0.08537284644292165,
                0.0004421964308983649
            ]
        }
    },
    "meanResponseGSlowAvailability": {
        "EndingNMean": {
            "st": [
                0.2317679770584658,
                2.164128966406775e-05,
                0.8528762400412682,
                0.03865749774483631
            ],
            "conf": [
                0.04600125233960359,
                7.506401888793031e-06,
                0.08759093186231541,
                0.011731946194105688
            ]
        }
    }
}