{
    "meanLatencyFromY": {
        "EndingNMean": {
            "st": [
                0.920704115325238,
                0.1523203061900141,
                0.0,
                0.6840124223711539
            ],
            "conf": [
                0.07785368930745876,
                0.02378274449359743,
                0.0,
                0.0644614873543447
            ]
        }
    },
    "meanAvailabilityFromY": {
        "EndingNMean": {
            "st": [
                0.059513606410115896,
                0.001147519896316345,
                0.8043240239084419,
                0.199196578210573
            ],
            "conf": [
                0.009132985693717057,
                0.00012080370221702422,
                0.06619088022565853,
                0.02484164998999787
            ]
        }
    },
    "meanResponseGFastLatency": {
        "EndingNMean": {
            "st": [
                1.0270283955973198,
                0.002482248204068965,
                0.001072015279758653,
                0.052586726659868514
            ],
            "conf": [
                0.06927689597880972,
                0.0003266069241336251,
                0.0003123903376672378,
                0.009579916730289685
            ]
        }
    },
    "meanResponseGMediumLatency": {
        "EndingNMean": {
            "st": [
                1.019192294109328,
                0.0022422726217747454,
                0.0015536869876537718,
                0.0524420462845573
            ],
            "conf": [
                0.07382197341533567,
                0.00030543641172920853,
                0.0004197645295919458,
                0.009616387094928664
            ]
        }
    },
    "meanResponseGSlowLatency": {
        "EndingNMean": {
            "st": [
                1.0299611911152557,
                0.0022423197775988434,
                0.0028592100166553733,
                0.051519613953911456
            ],
            "conf": [
                0.06583453040875788,
                0.00034436682893558974,
                0.0009453485338737116,
                0.010037737941247717
            ]
        }
    },
    "meanResponseGFastAvailability": {
        "EndingNMean": {
            "st": [
                0.06929411998201003,
                0.003956574536018725,
                0.7487172288273952,
                0.261588133607452
            ],
            "conf": [
                0.010636786809057384,
                0.0004793122259066164,
                0.062429962630515125,
                0.029602924812983513
            ]
        }
    },
    "meanResponseGMediumAvailability": {
        "EndingNMean": {
            "st": [
                0.062269349815180626,
                0.003609426087786353,
                0.8000608920768688,
                0.21443434066282394
            ],
            "conf": [
                0.008283494964847805,
                0.00043081836403859454,
                0.060871066076313526,
                0.0247252902639579
            ]
        }
    },
    "meanResponseGSlowAvailability": {
        "EndingNMean": {
            "st": [
                0.05890652902536995,
                0.003603730554380026,
                0.8349693051674166,
                0.16721557924874902
            ],
            "conf": [
                0.007571209097032863,
                0.0004482503989832608,
                0.06800083457311075,
                0.02498531845573974
            ]
        }
    }
}