{
    "loadFromX": {
        "T10": {
            "st": 0.9999501657210778,
            "conf": 0.09256489321368143
        }
    },
    "loadFromY": {
        "T10": {
            "st": 0.9647264640668888,
            "conf": 0.09039520001769812
        }
    },
    "meanLatencyFromY": {
        "T10": {
            "st": 0.9813275158322051,
            "conf": 0.08170066377665892
        }
    },
    "meanAvailabilityFromY": {
        "T10": {
            "st": 0.9618648708893848,
            "conf": 0.11093943633613845
        }
    },
    "throughput": {
        "T10": {
            "st": 0.9647700794131427,
            "conf": 0.09158160668928428
        }
    },
    "queueSize": {
        "T10": {
            "st": 0.9932389057901576,
            "conf": 0.08633099702907451
        }
    }
}