{
    "loadFromX": {
        "T10": {
            "st": [
                1.3958465313448964e-08,
                5.0521311022569416e-09,
                0.0,
                0.9999501657210778
            ],
            "conf": [
                2.953182179581766e-09,
                2.943996895457513e-09,
                0.0,
                0.09256489321368143
            ]
        }
    },
    "loadFromY": {
        "T10": {
            "st": [
                0.011119273199696605,
                0.360269637314693,
                0.0,
                0.9647264640668888
            ],
            "conf": [
                0.015087087400728108,
                0.08468076105552401,
                0.0,
                0.09039520001769812
            ]
        }
    },
    "meanLatencyFromY": {
        "T10": {
            "st": [
                0.005914857489396729,
                0.24585374176804853,
                0.0,
                0.9813275158322051
            ],
            "conf": [
                0.0070127605717751305,
                0.05285970260825315,
                0.0,
                0.08170066377665892
            ]
        }
    },
    "meanAvailabilityFromY": {
        "T10": {
            "st": [
                0.16298165381992769,
                0.3677142169361875,
                0.01889386882345856,
                0.9618648708893848
            ],
            "conf": [
                0.030837015966298068,
                0.06267369863614612,
                0.0033172189457384097,
                0.11093943633613845
            ]
        }
    },
    "throughput": {
        "T10": {
            "st": [
                0.011150154338826528,
                0.36035087963824924,
                0.0,
                0.9647700794131427
            ],
            "conf": [
                0.01370912976612241,
                0.07813130548629788,
                0.0,
                0.09158160668928428
            ]
        }
    },
    "queueSize": {
        "T10": {
            "st": [
                0.004208503387075901,
                0.17894194697121882,
                0.0,
                0.9932389057901576
            ],
            "conf": [
                0.004769597225924231,
                0.04081033017584794,
                0.0,
                0.08633099702907451
            ]
        }
    }
}