{
    "meanAvailabilityFromY": {
        "EndingNMean": {
            "st": [
                0.0026042510190585726,
                0.0007636722221204939,
                0.0017245740658879693,
                0.9981900203977617
            ],
            "conf": [
                0.0013767922821204058,
                0.00041631836099905454,
                0.0012228409664363977,
                0.14312681027735916
            ]
        }
    },
    "loadFromY": {
        "EndingNMean": {
            "st": [
                0.6284225026740549,
                0.00017069165830891475,
                0.0012099453700095814,
                0.37181585577562876
            ],
            "conf": [
                0.15397109137072068,
                6.066917736576913e-05,
                0.0010138589446125024,
                0.09347063354744849
            ]
        }
    }
}