{
    "meanLatencyFromY": {
        "CrossCorr": [
            1.8386873474316712,
            0.18774206072713678,
            0.5548933846674897,
            0.1937156601385459,
            0.1419228557847206
        ],
        "TimeSeriesCrossCorr": [
            1.543924240926199,
            0.3706784851796115,
            0.48705318791133817,
            0.6072369503097143,
            0.5189550569962614
        ],
        "TimeSeriesCrossCorrOffset": [
            0.8692052980132451,
            0.7781456953642384,
            0.728476821192053,
            0.6125827814569537,
            0.5132450331125827
        ],
        "EndingNMean": [
            1.4900286976112713,
            0.001390165540277082,
            0.0016160821391747275,
            0.0026965815429495,
            0.060773868281319914
        ],
        "EndingNSlope": [
            1.3991674373878256,
            0.9628692383493674,
            1.2347310153372568,
            2.8938620108635247,
            0.935239980363513
        ],
        "StartEndMeanDiff": [
            0.8436077258337923,
            1.5704288201385723,
            0.9502135876936592,
            2.250267530725022,
            0.7003762869627634
        ],
        "M0": [
            1.281423574207627,
            0.0010635950649034586,
            0.005186739113595565,
            0.0015511000919576784,
            0.0005003491357586032
        ],
        "M1": [
            1.1709095250497665,
            7.490911634436988e-06,
            4.238617859229454e-06,
            1.1515431409413356e-05,
            0.00039151895158016947
        ],
        "M2": [
            0.00033279380444788223,
            3.4488260851284085e-07,
            6.827628461412594e-06,
            1.7305693338209012e-06,
            4.1293912125528894e-06
        ],
        "M3": [
            0.4118572692769073,
            2.2976233896200547e-06,
            4.240473166002766e-06,
            3.6315700622371635e-07,
            2.0447338553342436e-06
        ],
        "M4": [
            0.801304198108459,
            3.126856376087655e-07,
            2.836905382681053e-07,
            2.7762122090639488e-06,
            1.0261647682323478e-06
        ],
        "M5": [
            0.6238749197280617,
            2.4511388277572935e-07,
            3.5839376601614823e-07,
            8.891867390489886e-08,
            3.5996465322201223e-06
        ],
        "S0": [
            1.1127161272344477,
            0.5105263371124831,
            0.27700944028170477,
            0.4933269091865431,
            0.701874499275825
        ],
        "S1": [
            1.2758853771638996,
            1.8694004462946268,
            1.0996880936257865,
            1.778900816199227,
            0.7335013668217011
        ],
        "S2": [
            1.4011008224338517,
            4.518427376326898,
            0.9632615335896396,
            2.5822169491055917,
            0.6108407719924884
        ],
        "S3": [
            0.10735926558346731,
            0.7114934923350683,
            0.11736152236285163,
            1.797905008545391,
            1.7226159184106307
        ],
        "S4": [
            0.7358753817295631,
            16.304462199888736,
            1.6266013490332276,
            5.1895458830940475,
            5.189533521925534
        ],
        "S5": [
            0.6808488202057247,
            0.0851049042321755,
            0.0851049042321755,
            0.3404244101028623,
            0.0
        ]
    },
    "meanAvailabilityFromY": {
        "CrossCorr": [
            0.026661819146776743,
            0.003128911891448518,
            0.3919791509994897,
            0.06716318867087705,
            0.4211132199436423
        ],
        "TimeSeriesCrossCorr": [
            0.025496204631079693,
            0.002712977721347964,
            0.44378013338012207,
            0.2519062859605705,
            0.39029821520610314
        ],
        "TimeSeriesCrossCorrOffset": [
            0.02706359945872801,
            0.033829499323410006,
            0.4668470906630583,
            0.27740189445196217,
            0.4668470906630583
        ],
        "EndingNMean": [
            0.022717461608600727,
            0.0018479435041131706,
            0.0032835690184159247,
            0.39337078562937744,
            0.003963985117899694
        ],
        "EndingNSlope": [
            0.9541391568954324,
            1.2958968541574383,
            1.7544594668191285,
            1.1230886571560705,
            1.2525177500331093
        ],
        "StartEndMeanDiff": [
            0.15399135773685838,
            0.12103169137572345,
            0.11867589877656687,
            0.5177903660311476,
            0.09397508277062419
        ],
        "M0": [
            0.06572580001595038,
            0.0028419706316739034,
            0.003858519381933791,
            0.5219677412434399,
            0.002319460295699175
        ],
        "M1": [
            0.620117866074277,
            0.002521735988267584,
            0.002714475599280768,
            0.28016192608641055,
            0.0016781070930216144
        ],
        "M2": [
            0.012994802961431342,
            0.0005864949970979276,
            0.0002735495080425834,
            0.142996779543327,
            0.0009599772972238964
        ],
        "M3": [
            0.37002533965788637,
            0.00026893578770221323,
            0.0009536996110217475,
            0.21333047042957254,
            0.0008282857577137878
        ],
        "M4": [
            1.1082747154883368,
            0.0008498051636565306,
            0.0017607293136105455,
            0.3083845627219313,
            0.0025200007675300804
        ],
        "M5": [
            0.9994539184073417,
            0.0005928623219947341,
            0.00012132039565536453,
            0.39249387024734844,
            0.00026816973847710766
        ],
        "S0": [
            0.029651529077003386,
            0.05500805497312017,
            0.09584579350232504,
            0.3619126734611749,
            0.030467887878206174
        ],
        "S1": [
            1.1134766644334542,
            0.8014340778461342,
            2.8486196724509814,
            1.69912235488927,
            0.8116132667924424
        ],
        "S2": [
            0.9477399357743603,
            0.918015826800936,
            1.1303319047564608,
            0.8379683775911801,
            0.5082875917357067
        ],
        "S3": [
            0.7009920638601294,
            0.7643927169167253,
            1.1558898534117885,
            0.21571930405826492,
            0.2676556490460346
        ],
        "S4": [
            0.6736832619802526,
            0.0,
            1.08111093000885,
            0.7119886522282328,
            0.2984225852662166
        ],
        "S5": [
            0.48964015316418685,
            0.9416152712233098,
            0.0,
            0.9416152712233098,
            0.037663974469215176
        ]
    }
}