{
    "loadFromY": {
        "CrossCorr": [
            0.5662482208469445,
            0.1323073835504615,
            0.5208133457592335,
            0.011732622333156372,
            0.6602985930685611
        ],
        "TimeSeriesCrossCorr": [
            0.7675831638133933,
            0.09635329175150635,
            0.4349187779004248,
            0.021559093051671002,
            0.7265720294120896
        ],
        "TimeSeriesCrossCorrOffset": [
            0.4150879648623213,
            0.13675378687324535,
            0.45530966688386404,
            0.09009661252825577,
            0.3861283394068106
        ],
        "EndingNMean": [
            1.8200036264539852e-05,
            0.022694419119711866,
            0.08499635237449842,
            2.6233958634819068e-06,
            0.92120821689809
        ],
        "EndingNSlope": [
            1.7808004396633408,
            0.2829241734473458,
            1.0574516237149065,
            0.2764367396244417,
            0.9687900358480548
        ],
        "StartEndMeanDiff": [
            1.9077209499119012,
            0.42301360085490786,
            1.0364153250590236,
            0.23774516371478244,
            0.9289020337008628
        ],
        "M0": [
            0.9790093631561334,
            0.010804828084204573,
            0.1255896242088604,
            2.457940953800612e-06,
            1.4767204934637606e-06
        ],
        "M1": [
            0.07880318380588029,
            0.02323646754664536,
            0.08724302911447346,
            2.6647173116463207e-06,
            0.9413606035284388
        ],
        "M2": [
            0.31878705002694174,
            3.272800188816664e-09,
            0.002634018320764092,
            1.3091200755266656e-08,
            0.8996048121279888
        ],
        "M3": [
            0.4827380191714639,
            0.0,
            0.0,
            0.0,
            0.9541174305909321
        ],
        "M4": [
            0.44055301757109444,
            0.0,
            0.0,
            0.0,
            0.8436239844652572
        ],
        "M5": [
            0.2704606076793987,
            0.0,
            0.0,
            0.0,
            0.9780594369127946
        ],
        "S0": [
            0.5028765294992228,
            0.004046639596742074,
            0.17027868529254736,
            9.722990615418814e-05,
            0.49032350699604715
        ],
        "S1": [
            1.0466990313474098,
            0.0120883120731482,
            0.5189513345513548,
            0.001677581522621129,
            0.5982790590732129
        ],
        "S2": [
            0.2858504049547403,
            0.2620295378751786,
            0.7384468794664125,
            0.14292520247737017,
            1.0957598856598376
        ],
        "S3": [
            0.45070422535211285,
            0.0,
            0.0,
            0.0,
            0.6760563380281691
        ],
        "S4": [
            0.5818181818181818,
            0.0,
            0.0,
            0.0,
            1.0181818181818183
        ],
        "S5": [
            1.0152284263959392,
            0.0,
            0.0,
            0.0,
            0.6768189509306262
        ]
    },
    "meanLatencyFromY": {
        "CrossCorr": [
            0.6942656582100866,
            0.2160752217946969,
            0.6401947362382581,
            0.055526411419757706,
            0.6644118461399645
        ],
        "TimeSeriesCrossCorr": [
            0.7703092170124756,
            0.19645985190269846,
            0.7150948185332673,
            0.09252675716850527,
            0.7082522218872991
        ],
        "TimeSeriesCrossCorrOffset": [
            0.8271216932958169,
            0.9050071577838846,
            1.041032476044735,
            0.45634300319769205,
            0.7909214069844616
        ],
        "EndingNMean": [
            0.03922090938097729,
            0.07005775650076186,
            0.7596549004887213,
            0.00012831727403694198,
            0.7487868768707825
        ],
        "EndingNSlope": [
            0.17627562936140323,
            0.20676860446824394,
            0.6001158759752203,
            0.0035379500704976305,
            0.875349200387413
        ],
        "StartEndMeanDiff": [
            0.6662296783635587,
            0.035896050980409724,
            0.7317359265354197,
            0.0010014449629743376,
            0.15701281478134083
        ],
        "M0": [
            0.6006493980493355,
            0.11249851220706329,
            0.9242163735984397,
            0.00014148507798048996,
            3.091776322693688e-05
        ],
        "M1": [
            0.09383877513076457,
            0.07899147749544526,
            0.8330833124365479,
            3.4587960048332966e-05,
            0.5950170746960041
        ],
        "M2": [
            0.41794958757732553,
            0.00028620252830384126,
            0.49281861036169056,
            3.903448883098243e-06,
            0.8661485702431592
        ],
        "M3": [
            0.12255651665116447,
            1.0355174101413673e-05,
            0.2256834386158103,
            1.0056123983686797e-05,
            0.9751130576290609
        ],
        "M4": [
            0.4618734973263443,
            1.4849683896048377e-05,
            0.22516177209538715,
            1.057666196919979e-05,
            1.1371015744326294
        ],
        "M5": [
            0.3470237064251128,
            6.775812365864401e-06,
            0.13301427866983123,
            8.661977608379598e-06,
            1.2526680096081684
        ],
        "S0": [
            0.6470918044630225,
            0.041853435461382336,
            0.7889135213886863,
            0.00035443766917087836,
            0.04497499565007768
        ],
        "S1": [
            0.44663406625131713,
            0.0043997588288917835,
            0.5591550506987298,
            0.00032211529494334957,
            0.5274219717638715
        ],
        "S2": [
            0.4438813274256899,
            0.4252112791030851,
            1.1201346431387205,
            1.5257502120836393,
            143.61979384325528
        ],
        "S3": [
            0.9347762824175055,
            1.099418914962656,
            0.5164771224370689,
            1.1985774795879902,
            1.0703516299489872
        ],
        "S4": [
            1.9145342188483256,
            1.7722021036194702,
            0.8120273208891986,
            0.8442051801672344,
            1.443637106683244
        ],
        "S5": [
            1.2438237285772378,
            0.6281901491309251,
            0.7336448943688534,
            1.5389266858553576,
            0.4364170521119246
        ]
    }
}