{
    "loadFromY": {
        "EndingNMean": [
            1.0038151841726976e-05,
            0.022858810477988777,
            0.08520493626732951,
            2.3477495660676762e-06,
            0.9220138003755789
        ]
    },
    "meanLatencyFromY": {
        "EndingNMean": [
            0.050948763001255386,
            0.06933697047913447,
            0.7769131791712406,
            2.5753969748769834e-05,
            0.695801162980556
        ]
    }
}