{
    "loadFromY": {
        "EndingNMean": [
            1.8200036264539852e-05,
            0.022694419119711866,
            0.08499635237449842,
            2.6233958634819068e-06,
            0.92120821689809
        ]
    },
    "meanLatencyFromY": {
        "EndingNMean": [
            0.03922090938097729,
            0.07005775650076186,
            0.7596549004887213,
            0.00012831727403694198,
            0.7487868768707825
        ]
    }
}