{
    "meanLatencyFromY": {
        "EndingNMean": {
            "st": [
                1.738310997293952e-05,
                0.0,
                0.0,
                0.9995615050630046
            ],
            "conf": [
                2.4401849223927794e-06,
                0.0,
                0.0,
                0.09909949992054537
            ]
        }
    },
    "meanAvailabilityFromY": {
        "EndingNMean": {
            "st": [
                0.0009464779392987297,
                0.0,
                0.5984931935616188,
                0.5270018025494679
            ],
            "conf": [
                0.00018327196184685405,
                0.0,
                0.07040356865898463,
                0.08943130543626877
            ]
        }
    },
    "meanResponseGFastLatency": {
        "EndingNMean": {
            "st": [
                5.409876878835891e-05,
                0.0,
                9.063722844837708e-08,
                0.999899271944608
            ],
            "conf": [
                9.55531258818912e-06,
                0.0,
                2.0746439932132088e-08,
                0.08644864989686424
            ]
        }
    },
    "meanResponseGMediumLatency": {
        "EndingNMean": {
            "st": [
                3.731252184413769e-05,
                0.0,
                8.599501696537768e-08,
                0.9994472146074734
            ],
            "conf": [
                7.810499364643779e-06,
                0.0,
                1.601422235387743e-08,
                0.09751199674587462
            ]
        }
    },
    "meanResponseGSlowLatency": {
        "EndingNMean": {
            "st": [
                2.517904209833162e-05,
                0.0,
                7.610779904486995e-08,
                0.9992853652851591
            ],
            "conf": [
                3.334641312086778e-06,
                0.0,
                1.3734483651427529e-08,
                0.08696051276462473
            ]
        }
    },
    "meanResponseGFastAvailability": {
        "EndingNMean": {
            "st": [
                0.0021255577497190734,
                0.0,
                0.5330377313412715,
                0.6260878604375077
            ],
            "conf": [
                0.0005138178898967827,
                0.0,
                0.07116824810372778,
                0.11150908279761605
            ]
        }
    },
    "meanResponseGMediumAvailability": {
        "EndingNMean": {
            "st": [
                0.0017224481624680344,
                0.0,
                0.5759697159616634,
                0.5570333075747242
            ],
            "conf": [
                0.0003553836025035981,
                0.0,
                0.07274894513711469,
                0.08661519607366304
            ]
        }
    },
    "meanResponseGSlowAvailability": {
        "EndingNMean": {
            "st": [
                0.003100252587785167,
                0.0,
                0.6518099945435697,
                0.4410700195438755
            ],
            "conf": [
                0.000703501615253934,
                0.0,
                0.07516829563419053,
                0.08252633360433477
            ]
        }
    }
}