{
    "meanAvailabilityFromY": {
        "T10": {
            "st": [
                0.8479352012615875,
                0.00871034297307286,
                0.02627884014521841,
                0.4616861350508769
            ],
            "conf": [
                0.10777460219240521,
                0.0016195016122574207,
                0.006241993513434287,
                0.07008526370821427
            ]
        }
    },
    "loadFromY": {
        "T10": {
            "st": [
                0.9999259853168527,
                0.0,
                0.0,
                0.0
            ],
            "conf": [
                0.09648434847059538,
                0.0,
                0.0,
                0.0
            ]
        }
    },
    "meanResponseP1Availability": {
        "T10": {
            "st": [
                0.9636075129387089,
                0.004211521343164438,
                0.014908035644898327,
                0.14858979353237758
            ],
            "conf": [
                0.09427906731460513,
                0.0007032374340484629,
                0.0028816985579680193,
                0.023124800491287546
            ]
        }
    },
    "meanResponseP2Availability": {
        "T10": {
            "st": [
                0.8736805659060936,
                0.008234601983681082,
                0.02765200686357255,
                0.29315443014002723
            ],
            "conf": [
                0.0980626271126026,
                0.0016020393178930049,
                0.005570020651880552,
                0.04624200792106529
            ]
        }
    },
    "meanResponseP3Availability": {
        "T10": {
            "st": [
                0.7136332369759908,
                0.02470758210858031,
                0.08140337047492276,
                0.6459754278919065
            ],
            "conf": [
                0.08200018805990067,
                0.005006742985062019,
                0.016135714062388402,
                0.10421449113587948
            ]
        }
    }
}