{
    "meanAvailabilityFromY": {
        "T10": {
            "st": 0.4616861350508769,
            "conf": 0.07008526370821427
        }
    },
    "loadFromY": {
        "T10": {
            "st": 0.0,
            "conf": 0.0
        }
    },
    "meanResponseP1Availability": {
        "T10": {
            "st": 0.14858979353237758,
            "conf": 0.023124800491287546
        }
    },
    "meanResponseP2Availability": {
        "T10": {
            "st": 0.29315443014002723,
            "conf": 0.04624200792106529
        }
    },
    "meanResponseP3Availability": {
        "T10": {
            "st": 0.6459754278919065,
            "conf": 0.10421449113587948
        }
    }
}