{
    "meanAvailabilityFromY": {
        "EndingNMean": {
            "st": [
                0.0020261291595838897,
                0.0013185565296842175,
                0.0014172768962582643,
                0.9985961202341073
            ],
            "conf": [
                0.00037425580133932306,
                0.0003230667277382653,
                0.00029166882875906547,
                0.08625484821210228
            ]
        }
    },
    "loadFromY": {
        "EndingNMean": {
            "st": [
                0.8895452219091169,
                0.00018711456352268633,
                0.00021725381373295433,
                0.1328600879802521
            ],
            "conf": [
                0.07789454104638463,
                2.7862690213018316e-05,
                3.382098235666885e-05,
                0.01811299772279571
            ]
        }
    },
    "meanResponseP1Availability": {
        "EndingNMean": {
            "st": [
                0.006160136309354311,
                0.004834371133306788,
                0.004746051964328762,
                0.9983312939205371
            ],
            "conf": [
                0.0012005228446981188,
                0.001011968201209937,
                0.0008158490046378329,
                0.09445664090880948
            ]
        }
    },
    "meanResponseP2Availability": {
        "EndingNMean": {
            "st": [
                0.004864549944261378,
                0.0048591116521149785,
                0.004659135061008673,
                0.9971878885640378
            ],
            "conf": [
                0.0007956386833654472,
                0.0009075354993292632,
                0.0007664769261350598,
                0.08735501495100455
            ]
        }
    },
    "meanResponseP3Availability": {
        "EndingNMean": {
            "st": [
                0.005915254828106682,
                0.004817812483480148,
                0.004839543234889976,
                0.9999736406945393
            ],
            "conf": [
                0.0008993929526055325,
                0.0009745714972026568,
                0.0007209691672066458,
                0.09393054664459771
            ]
        }
    }
}