{
    "meanAvailabilityFromY": {
        "T10": {
            "st": 1.0025451099933418,
            "conf": 0.09529242989948135
        }
    },
    "loadFromY": {
        "T10": {
            "st": 0.32125270554518937,
            "conf": 0.04190274076434701
        }
    },
    "meanResponseP1Availability": {
        "T10": {
            "st": 0.9975123639198528,
            "conf": 0.08727933958827315
        }
    },
    "meanResponseP2Availability": {
        "T10": {
            "st": 1.001861802664625,
            "conf": 0.0931585008639501
        }
    },
    "meanResponseP3Availability": {
        "T10": {
            "st": 1.0073392472114562,
            "conf": 0.0922507400942948
        }
    }
}