{
    "meanAvailabilityFromY": {
        "T10": {
            "st": [
                0.868406801830556,
                0.8499438786391388,
                0.2506890839858517,
                0.8020243357038951
            ],
            "conf": [
                0.11067516793246543,
                0.09539866269567784,
                0.05171016114686573,
                0.10027772738585865
            ]
        }
    },
    "loadFromY": {
        "T10": {
            "st": [
                0.9686802955390402,
                0.058886851265876575,
                4.714079902389566e-05,
                0.016331043854898367
            ],
            "conf": [
                0.09989794543313094,
                0.014732600783918637,
                1.3263418231411875e-05,
                0.002118319371807692
            ]
        }
    },
    "meanResponseP1Availability": {
        "T10": {
            "st": [
                0.911261274970753,
                0.9053787194926767,
                0.2587018206412499,
                0.8641028245147866
            ],
            "conf": [
                0.12006399995915656,
                0.11475421526147965,
                0.06082425369867481,
                0.10351910670515455
            ]
        }
    },
    "meanResponseP2Availability": {
        "T10": {
            "st": [
                0.8419002924369002,
                0.7592530906984338,
                0.24962716822642422,
                0.8613486750364816
            ],
            "conf": [
                0.11189570087671333,
                0.10988709138217546,
                0.04896824874468495,
                0.12032579820429515
            ]
        }
    },
    "meanResponseP3Availability": {
        "T10": {
            "st": [
                0.8649023819595937,
                0.8182906148602456,
                0.2808119175636651,
                0.9371168236655801
            ],
            "conf": [
                0.10790062277538807,
                0.1103782485181341,
                0.05569564977860734,
                0.12283842571968201
            ]
        }
    }
}