{
    "meanAvailabilityFromY": {
        "T10": {
            "st": 0.8020243357038951,
            "conf": 0.10027772738585865
        }
    },
    "loadFromY": {
        "T10": {
            "st": 0.016331043854898367,
            "conf": 0.002118319371807692
        }
    },
    "meanResponseP1Availability": {
        "T10": {
            "st": 0.8641028245147866,
            "conf": 0.10351910670515455
        }
    },
    "meanResponseP2Availability": {
        "T10": {
            "st": 0.8613486750364816,
            "conf": 0.12032579820429515
        }
    },
    "meanResponseP3Availability": {
        "T10": {
            "st": 0.9371168236655801,
            "conf": 0.12283842571968201
        }
    }
}