{
    "loadFromX": {
        "T10": {
            "st": [
                1.3333495715561365e-08,
                4.2188013787516474e-09,
                4.479221216946815e-09,
                0.9999457129621147
            ],
            "conf": [
                2.165541678142557e-09,
                2.438076802874197e-09,
                2.4820440536739966e-09,
                0.08963232944337161
            ]
        }
    },
    "loadFromY": {
        "T10": {
            "st": [
                0.03213695844679842,
                0.3698878664938371,
                0.12221454194070207,
                0.953133004964019
            ],
            "conf": [
                0.025954517014144033,
                0.09072418521814456,
                0.04923031394424477,
                0.11489125337187507
            ]
        }
    },
    "meanLatencyFromY": {
        "T10": {
            "st": [
                0.021860305230545822,
                0.2781083639212071,
                0.09603559097076853,
                0.9492985474393546
            ],
            "conf": [
                0.015319603590100279,
                0.07114620041885218,
                0.037266741253042954,
                0.10641810181685112
            ]
        }
    },
    "meanAvailabilityFromY": {
        "T10": {
            "st": [
                0.785230027055937,
                0.7404051308155631,
                0.8188492624732165,
                0.8875331803454297
            ],
            "conf": [
                0.14505760767937761,
                0.11749675010091201,
                0.14337114257872516,
                0.11976485400280115
            ]
        }
    },
    "throughput": {
        "T10": {
            "st": [
                0.032396128888629104,
                0.370870619988247,
                0.12759780523548864,
                0.9509461744435512
            ],
            "conf": [
                0.023591484635469274,
                0.08616845080583056,
                0.04994937409921506,
                0.09704700196205067
            ]
        }
    },
    "queueSize": {
        "T10": {
            "st": [
                0.010028147198982738,
                0.1476284040013683,
                0.0487683972900777,
                0.9832470918733361
            ],
            "conf": [
                0.007500795569769762,
                0.038763845599731846,
                0.021988044028136762,
                0.09695161548662583
            ]
        }
    }
}