{
    "loadFromX": {
        "T10": {
            "st": 0.9999457129621147,
            "conf": 0.08963232944337161
        }
    },
    "loadFromY": {
        "T10": {
            "st": 0.953133004964019,
            "conf": 0.11489125337187507
        }
    },
    "meanLatencyFromY": {
        "T10": {
            "st": 0.9492985474393546,
            "conf": 0.10641810181685112
        }
    },
    "meanAvailabilityFromY": {
        "T10": {
            "st": 0.8875331803454297,
            "conf": 0.11976485400280115
        }
    },
    "throughput": {
        "T10": {
            "st": 0.9509461744435512,
            "conf": 0.09704700196205067
        }
    },
    "queueSize": {
        "T10": {
            "st": 0.9832470918733361,
            "conf": 0.09695161548662583
        }
    }
}