{
    "meanLatencyFromY": {
        "T10": {
            "st": [
                0.08382673559392122,
                0.0,
                0.0,
                0.8811339597443225
            ],
            "conf": [
                0.03327510085897996,
                0.0,
                0.0,
                0.10921307187535703
            ]
        }
    },
    "meanAvailabilityFromY": {
        "T10": {
            "st": [
                0.000917907492664448,
                0.0,
                0.0010631666021522594,
                0.987055013436277
            ],
            "conf": [
                0.0004802109027960446,
                0.0,
                0.0004685962629182747,
                0.09155885632959643
            ]
        }
    },
    "meanResponseGFastLatency": {
        "T10": {
            "st": [
                0.004832181975342259,
                0.0,
                1.7985928302027357e-07,
                0.9763892128536752
            ],
            "conf": [
                0.0029880718487537935,
                0.0,
                1.1393163275110794e-07,
                0.15955820581346405
            ]
        }
    },
    "meanResponseGMediumLatency": {
        "T10": {
            "st": [
                0.0036221927010853146,
                0.0,
                1.152046070317329e-07,
                0.9971999731013078
            ],
            "conf": [
                0.0016855380588379559,
                0.0,
                5.5511915433476275e-08,
                0.09612970568825144
            ]
        }
    },
    "meanResponseGSlowLatency": {
        "T10": {
            "st": [
                0.010837897621614018,
                0.0,
                4.844064143450272e-07,
                1.0123182503877446
            ],
            "conf": [
                0.00493133572398847,
                0.0,
                2.744483254860508e-07,
                0.11181592109428487
            ]
        }
    },
    "meanResponseGFastAvailability": {
        "T10": {
            "st": [
                0.00611541397474336,
                0.0,
                0.000980087442414744,
                0.9662688870798284
            ],
            "conf": [
                0.0038120795419187884,
                0.0,
                0.0005085348544684004,
                0.13498051489036786
            ]
        }
    },
    "meanResponseGMediumAvailability": {
        "T10": {
            "st": [
                0.005062084686709521,
                0.0,
                0.0007015375302223826,
                0.9895143797211184
            ],
            "conf": [
                0.0035029429758250846,
                0.0,
                0.00042358520481625643,
                0.10048505749195524
            ]
        }
    },
    "meanResponseGSlowAvailability": {
        "T10": {
            "st": [
                0.006969700880542756,
                0.0,
                0.001963591372087515,
                1.001923854984468
            ],
            "conf": [
                0.004313689287820064,
                0.0,
                0.0009329405703060787,
                0.10705031200291974
            ]
        }
    }
}