{
    "meanLatencyFromY": {
        "EndingNMean": {
            "st": [
                0.7413932591078143,
                0.0024647956776913246,
                0.0020922460955134278,
                0.16066045996687983
            ],
            "conf": [
                0.2096073675218419,
                0.001399292147799692,
                0.0009852685509704425,
                0.1118406367652718
            ]
        }
    },
    "meanAvailabilityFromY": {
        "EndingNMean": {
            "st": [
                0.2684511539441852,
                0.006034819911788119,
                0.8573368731485067,
                0.005799442839255255
            ],
            "conf": [
                0.1236446531437507,
                0.002344008589105561,
                0.21546229366593297,
                0.0025300785352399065
            ]
        }
    }
}