{
    "meanAvailabilityFromY": {
        "EndingNMean": [
            0.5171533156698023,
            0.05087267912924688,
            0.03717543034230424,
            0.2926558908717606,
            0.2400977593699893
        ]
    },
    "loadFromY": {
        "EndingNMean": [
            1.01554135940575,
            0.0,
            0.0,
            0.0,
            0.0
        ]
    }
}