{
    "meanAvailabilityFromY": {
        "CrossCorr": [
            0.07395866336804957,
            0.007779368729764759,
            0.011200118398901476,
            0.8708385129153617,
            0.7036537146380077
        ],
        "TimeSeriesCrossCorr": [
            0.20164896036302754,
            0.03637233049336358,
            0.023875532948600082,
            0.956096263495277,
            0.7612883498137073
        ],
        "TimeSeriesCrossCorrOffset": [
            0.569446601439147,
            0.28299770495763665,
            0.24072060879018486,
            0.6263912615830618,
            0.8783282428258359
        ],
        "EndingNMean": [
            0.43924065552500363,
            0.02971928690488873,
            0.014542174943850902,
            0.04966582098604809,
            0.7560499300020403
        ],
        "EndingNSlope": [
            0.6447036483042196,
            0.3232638168249281,
            0.3102839920048693,
            0.39177515025153814,
            0.6812641200350654
        ],
        "StartEndMeanDiff": [
            0.348149974999189,
            0.12462710101627654,
            0.12646184490464607,
            0.8042501614848139,
            0.1987707965223466
        ],
        "M0": [
            0.3145804289689004,
            0.051898719066506685,
            0.012007199631465881,
            0.7722715204004628,
            0.003666596082096879
        ],
        "M1": [
            0.808202892925892,
            0.019674449197208548,
            0.011122369662690187,
            0.14154674822042454,
            0.07609392704962611
        ],
        "M2": [
            0.9787331409767935,
            0.0014168091830922412,
            0.0019888449552526535,
            0.0014572999117214585,
            0.23311242256687292
        ],
        "M3": [
            0.9528210201950696,
            0.0010717542258085813,
            0.0017340571742451997,
            0.0008575451059045846,
            0.1931942727556317
        ],
        "M4": [
            0.9322551889746846,
            0.0014929071467899612,
            0.001344435337690859,
            0.002000364004336242,
            0.19217653386575403
        ],
        "M5": [
            0.8860109321340042,
            0.0005780919549816754,
            0.0013237654716017784,
            0.0012901341918062541,
            0.24858691948722414
        ],
        "S0": [
            0.32619921255930384,
            0.07573737551604198,
            0.05534612088774744,
            0.8561457376473143,
            0.07125722352399538
        ],
        "S1": [
            0.2877012984918037,
            0.11035260275121035,
            0.09880181926067066,
            0.7297943922365049,
            0.4669961544820965
        ],
        "S2": [
            0.8011069512820913,
            0.35149337126171293,
            0.5789580768466032,
            0.6128283842204745,
            0.6919463975302381
        ],
        "S3": [
            1.0805783436469287,
            0.9335134046193445,
            1.2252420065832594,
            1.1703183184603914,
            0.9533020887194471
        ],
        "S4": [
            0.9105718803211238,
            1.1129117627098386,
            0.8881213378971604,
            1.3499150545994028,
            1.3069176650986578
        ],
        "S5": [
            0.8140605266837124,
            0.9787105284276328,
            0.6848736448445202,
            1.0101381728207175,
            0.8641802332868006
        ]
    },
    "loadFromY": {
        "CrossCorr": [
            1.5716818126022003,
            0.5592669074124614,
            0.44829944991057863,
            0.7407142376870833,
            1.0757328009335843
        ],
        "TimeSeriesCrossCorr": [
            0.9929754417299467,
            0.4558656056862592,
            0.4556783086681424,
            0.7472822405010102,
            0.9454174225839308
        ],
        "TimeSeriesCrossCorrOffset": [
            0.8854480286738353,
            0.8108960573476702,
            0.6629390681003584,
            0.7822222222222223,
            0.8235125448028674
        ],
        "EndingNMean": [
            1.0154849351004152,
            0.0,
            0.0,
            0.0,
            0.0
        ],
        "EndingNSlope": [
            0.9999999999999997,
            0.0,
            0.0,
            0.0,
            0.0
        ],
        "StartEndMeanDiff": [
            0.8923013092125436,
            0.0,
            0.0,
            0.0,
            0.0
        ],
        "M0": [
            1.015493945236216,
            0.0,
            0.0,
            0.0,
            0.0
        ],
        "M1": [
            1.0693534465088632,
            0.0,
            0.0,
            0.0,
            0.0
        ],
        "M2": [
            1.14963052121341,
            0.0,
            0.0,
            0.0,
            0.0
        ],
        "M3": [
            1.0035686431410589,
            0.0,
            0.0,
            0.0,
            0.0
        ],
        "M4": [
            1.05716879488127,
            0.0,
            0.0,
            0.0,
            0.0
        ],
        "M5": [
            1.0149345721645795,
            0.0,
            0.0,
            0.0,
            0.0
        ],
        "S0": [
            0.8130081300813006,
            0.0,
            0.0,
            0.0,
            0.0
        ],
        "S1": [
            0.8016797098682953,
            0.0,
            0.0,
            0.0,
            0.0
        ],
        "S2": [
            1.0,
            0.0,
            0.0,
            0.0,
            0.0
        ],
        "S3": [
            0.8658008658008659,
            0.0,
            0.0,
            0.0,
            0.0
        ],
        "S4": [
            0.8144269924374639,
            0.0,
            0.0,
            0.0,
            0.0
        ],
        "S5": [
            0.7812499999999999,
            0.0,
            0.0,
            0.0,
            0.0
        ]
    }
}