{
    "meanAvailabilityFromY": {
        "EndingNMean": [
            0.43924065552500363,
            0.02971928690488873,
            0.014542174943850902,
            0.04966582098604809,
            0.7560499300020403
        ]
    },
    "loadFromY": {
        "EndingNMean": [
            1.0154849351004152,
            0.0,
            0.0,
            0.0,
            0.0
        ]
    }
}