{
    "meanLatencyFromY": {
        "EndingNMean": {
            "st": [
                0.17059287984343494,
                0.6080799027478923,
                0.36049565460535216,
                0.007199725809453207
            ],
            "conf": [
                0.06954316263779317,
                0.19248360058063582,
                0.11963837776252013,
                0.0038223167068449217
            ]
        }
    },
    "meanAvailabilityFromY": {
        "EndingNMean": {
            "st": [
                0.17262761832439555,
                0.6015556709498899,
                0.3745964141496045,
                0.010825167056478891
            ],
            "conf": [
                0.06886888955565604,
                0.2525220784963431,
                0.1488227656748489,
                0.008134917541135194
            ]
        }
    }
}