{
    "meanAvailabilityFromY": {
        "T10": {
            "st": [
                0.0029590800202389275,
                1.5765901846098606e-05,
                0.0,
                0.9986237756531766
            ],
            "conf": [
                0.0005486788306008852,
                2.793101781018385e-06,
                0.0,
                0.09035365829497458
            ]
        }
    },
    "loadFromY": {
        "T10": {
            "st": [
                0.9999116469666397,
                0.0,
                0.0,
                0.0
            ],
            "conf": [
                0.08645119161232945,
                0.0,
                0.0,
                0.0
            ]
        }
    },
    "meanResponseP1Availability": {
        "T10": {
            "st": [
                0.009911234979240393,
                5.8228013294571036e-05,
                0.0,
                0.9940802036979616
            ],
            "conf": [
                0.0015702270256695834,
                1.2713893689227612e-05,
                0.0,
                0.09243568046482248
            ]
        }
    },
    "meanResponseP2Availability": {
        "T10": {
            "st": [
                0.0070887487440163995,
                5.9646858217974285e-05,
                0.0,
                0.992658691466343
            ],
            "conf": [
                0.0010027294921004107,
                1.550048571665769e-05,
                0.0,
                0.08713360033128711
            ]
        }
    },
    "meanResponseP3Availability": {
        "T10": {
            "st": [
                0.006304343074863291,
                6.409188564419692e-05,
                0.0,
                0.9998184582879625
            ],
            "conf": [
                0.000862823607041302,
                1.3877587193175759e-05,
                0.0,
                0.07659903639699815
            ]
        }
    }
}