{
    "meanAvailabilityFromY": {
        "T10": {
            "st": [
                0.0029590800202389275,
                1.5765901846098606e-05,
                0.0,
                0.9986237756531766
            ],
            "conf": [
                0.00044422667728947053,
                2.614812980682329e-06,
                0.0,
                0.0848103425025924
            ]
        }
    },
    "loadFromY": {
        "T10": {
            "st": [
                0.9999116469666397,
                0.0,
                0.0,
                0.0
            ],
            "conf": [
                0.08398615104540894,
                0.0,
                0.0,
                0.0
            ]
        }
    },
    "meanResponseP1Availability": {
        "T10": {
            "st": [
                0.009911234979240393,
                5.8228013294571036e-05,
                0.0,
                0.9940802036979616
            ],
            "conf": [
                0.0015312488928261097,
                1.1574847953665998e-05,
                0.0,
                0.07786398842535028
            ]
        }
    },
    "meanResponseP2Availability": {
        "T10": {
            "st": [
                0.0070887487440163995,
                5.9646858217974285e-05,
                0.0,
                0.992658691466343
            ],
            "conf": [
                0.0010109843884385393,
                1.3512270548075107e-05,
                0.0,
                0.08734244673753579
            ]
        }
    },
    "meanResponseP3Availability": {
        "T10": {
            "st": [
                0.006304343074863291,
                6.409188564419692e-05,
                0.0,
                0.9998184582879625
            ],
            "conf": [
                0.0009037771846222059,
                1.238765270447431e-05,
                0.0,
                0.07769698716431937
            ]
        }
    }
}