{
    "meanLatencyFromY": {
        "CrossCorr": [
            2.784806226742116,
            2.0137930960272037,
            1.9112469509040344,
            2.4481357219512625,
            1.0897803726658444
        ],
        "TimeSeriesCrossCorr": [
            0.8097640661217412,
            0.6130453430224144,
            1.245638152642735,
            0.5952091508038473,
            0.2763633263495734
        ],
        "TimeSeriesCrossCorrOffset": [
            1.4967462039045558,
            1.4099783080260309,
            1.0195227765726687,
            1.1171366594360095,
            0.8134490238611718
        ],
        "EndingNMean": [
            0.7669535797234442,
            2.492036690510626,
            1.7366675132513822,
            0.6923730635265943,
            0.29790002155962103
        ],
        "EndingNSlope": [
            0.9746106399789771,
            0.8138645598950496,
            0.2657345276446837,
            0.5172702157577258,
            0.6284060552389834
        ],
        "StartEndMeanDiff": [
            0.9233732052821854,
            0.8229838756337831,
            0.33950351965369957,
            0.1961498094653615,
            0.5912941749154427
        ],
        "M0": [
            1.696212694114833,
            3.2680622289476915,
            0.8112561265512586,
            1.9242953980538817,
            0.3915365389781776
        ],
        "M1": [
            0.9181814135558197,
            0.5971854004886815,
            0.6202457326753986,
            0.5187064471289943,
            0.6858540461848963
        ],
        "M2": [
            2.1047167805555734e-06,
            2.217589779407888e-06,
            2.5965656723584697e-06,
            6.253074342543842e-06,
            4.882205517230334e-06
        ],
        "M3": [
            0.41686851016500837,
            9.737105706875999e-07,
            2.3388656533018618e-06,
            2.514549174980404e-06,
            4.371001332434004e-07
        ],
        "M4": [
            0.6605097072529044,
            1.9475421306865436e-06,
            7.739912560658038e-06,
            8.238357713314454e-06,
            4.4921652994216746e-06
        ],
        "M5": [
            0.6253622298971439,
            4.899897234631759e-06,
            8.109199328030637e-06,
            5.623828239696383e-06,
            5.313967579398351e-06
        ],
        "S0": [
            3.3918632901342503,
            1.2799042271633796,
            2.6832355783640027,
            1.1062751357924343,
            0.6898818878020558
        ],
        "S1": [
            1.7885823353140116,
            1.0810328221639143,
            0.7581171314863364,
            0.5186389148360165,
            0.5626102537673324
        ],
        "S2": [
            0.9157511105041369,
            1.3184676147531815,
            0.8703350944892038,
            0.4743334066404617,
            0.624213802046637
        ],
        "S3": [
            0.6668512976818687,
            1.2588260865691674,
            0.9891028369694935,
            0.9834882317881537,
            1.906827292794964
        ],
        "S4": [
            0.7436719469431113,
            2.044245979158014,
            0.41674565600712,
            1.484881924814987,
            3.036139480594779
        ],
        "S5": [
            0.348760905300794,
            0.7673487947329029,
            4.689665100585025,
            1.5143902917154897,
            2.1277475410645694
        ]
    },
    "meanAvailabilityFromY": {
        "CrossCorr": [
            0.08030293216854706,
            0.0115220647601838,
            0.5856594503028405,
            0.4775368919247272,
            0.2529248961113518
        ],
        "TimeSeriesCrossCorr": [
            0.09471580422051777,
            0.03273451873959517,
            0.5914432208859189,
            0.43279884811418623,
            0.45312917882444476
        ],
        "TimeSeriesCrossCorrOffset": [
            0.450530035335689,
            0.04416961130742049,
            0.6978798586572437,
            0.017667844522968195,
            0.15017667844522964
        ],
        "EndingNMean": [
            0.00561803638698141,
            0.0015775450033801456,
            0.001856945455300642,
            0.5383875317539627,
            0.12053637381498666
        ],
        "EndingNSlope": [
            1.2832820208064477,
            1.473657285646778,
            0.6355729055433879,
            0.4505617685427694,
            1.946626638094147
        ],
        "StartEndMeanDiff": [
            0.1171029091499012,
            0.1783185453922001,
            0.8009843944136167,
            0.5167528889567797,
            0.1545665700977986
        ],
        "M0": [
            0.0079127684082884,
            0.0017350192602183442,
            0.34679939078042915,
            0.5938565023794665,
            0.0011137837536838579
        ],
        "M1": [
            0.005666199606391869,
            0.00021488058267891554,
            0.0004425577183557711,
            0.5699040633061584,
            0.11911943388627151
        ],
        "M2": [
            0.0019977691555849884,
            0.00010099030854776512,
            7.645121777202373e-05,
            0.20180539157562785,
            0.003902437234753146
        ],
        "M3": [
            0.3993691981156065,
            0.00011136923979180699,
            0.00031715801790156137,
            0.2436095818047888,
            0.006051005437585141
        ],
        "M4": [
            0.7766486495859112,
            0.0003275000607167332,
            0.00026253174858555003,
            0.3345135359933067,
            0.00866314446211263
        ],
        "M5": [
            1.2288203281304408,
            2.7563829117003386e-05,
            0.0007041732742892233,
            0.4587796576484677,
            0.018281131708576634
        ],
        "S0": [
            0.020480947826177674,
            0.019401493110186616,
            0.6488475391050712,
            0.3233632962848937,
            0.17770680660959517
        ],
        "S1": [
            1.403426332398126,
            0.590973385107701,
            1.177497891008763,
            0.8876522341239297,
            1.21972101714018
        ],
        "S2": [
            1.8747269171592207,
            1.8070870686203129,
            1.396032617188763,
            0.28910812794070306,
            1.312041362710026
        ],
        "S3": [
            0.25179271028649636,
            2.1034680105757344,
            1.060065077133256,
            0.44792869496421905,
            1.3060029924720025
        ],
        "S4": [
            1.0474541377322883,
            8.984790124704789,
            2.8554824923841187,
            2.144351529073871,
            2.1831730462093
        ],
        "S5": [
            0.23743580980517034,
            1.1539204824923386,
            0.7297866715237847,
            1.2243048252666886,
            0.3870030320576697
        ]
    }
}