{
    "meanAvailabilityFromY": {
        "T10": {
            "st": [
                0.8470390401499904,
                0.3630465096178288,
                0.16741405991582195,
                0.3309577548192254
            ],
            "conf": [
                0.34950162242127647,
                0.1889707252451222,
                0.09080952062328489,
                0.16332105500497698
            ]
        }
    },
    "loadFromY": {
        "T10": {
            "st": [
                0.9339246306554334,
                0.1346569747601416,
                1.0295939968871084e-05,
                0.0043030777265724894
            ],
            "conf": [
                0.23777184245487268,
                0.07899673385621425,
                4.452955282838522e-06,
                0.00224339730766701
            ]
        }
    },
    "meanResponseP1Availability": {
        "T10": {
            "st": [
                0.7289322309665682,
                0.45142950774792073,
                0.14533078289934687,
                0.3589285398539524
            ],
            "conf": [
                0.3487757567530869,
                0.273802809535019,
                0.08010758577167496,
                0.20249638610037182
            ]
        }
    },
    "meanResponseP2Availability": {
        "T10": {
            "st": [
                0.9650815815353243,
                0.6949869032343636,
                0.4086974770245467,
                0.6945514808842134
            ],
            "conf": [
                0.47673556342951323,
                0.42791049547534876,
                0.23769761044612375,
                0.3460529168169015
            ]
        }
    },
    "meanResponseP3Availability": {
        "T10": {
            "st": [
                0.9469896637693382,
                0.42853582882404556,
                0.2913917335655069,
                0.5903021013235957
            ],
            "conf": [
                0.32245629815888377,
                0.1831953730982342,
                0.13391421417831215,
                0.23126937174768109
            ]
        }
    }
}