{
    "meanAvailabilityFromY": {
        "T10": {
            "st": [
                0.5292537237521434,
                0.47380322261398955,
                0.1353952005190329,
                0.8414560539724918
            ],
            "conf": [
                0.10017430808685313,
                0.10048962579914839,
                0.041338498283340006,
                0.1446189684945561
            ]
        }
    },
    "loadFromY": {
        "T10": {
            "st": [
                0.9805072360825827,
                0.00023558796426292577,
                6.937071094300169e-05,
                0.01691922298813617
            ],
            "conf": [
                0.0848315294668318,
                4.190673294030077e-05,
                2.274223380678435e-05,
                0.0023915263532228396
            ]
        }
    },
    "meanResponseP1Availability": {
        "T10": {
            "st": [
                0.70782808078186,
                0.7336399229956948,
                0.18525487907559984,
                0.8670232465349851
            ],
            "conf": [
                0.15926017374819018,
                0.14906204888594232,
                0.06664081359169431,
                0.2180861349216257
            ]
        }
    },
    "meanResponseP2Availability": {
        "T10": {
            "st": [
                0.6594504643625441,
                0.6880538356270548,
                0.26954309365956136,
                0.7256869784271103
            ],
            "conf": [
                0.16643601632362515,
                0.14736683510710544,
                0.11160208342577765,
                0.1673778667478574
            ]
        }
    },
    "meanResponseP3Availability": {
        "T10": {
            "st": [
                0.7849711292976902,
                0.7121880666869767,
                0.2146900651299058,
                0.9674641177668193
            ],
            "conf": [
                0.18040066093647572,
                0.15830520566086026,
                0.09808557336475382,
                0.21019499968958252
            ]
        }
    }
}