{
    "meanAvailabilityFromY": {
        "T10": {
            "st": 0.8414560539724918,
            "conf": 0.1446189684945561
        }
    },
    "loadFromY": {
        "T10": {
            "st": 0.01691922298813617,
            "conf": 0.0023915263532228396
        }
    },
    "meanResponseP1Availability": {
        "T10": {
            "st": 0.8670232465349851,
            "conf": 0.2180861349216257
        }
    },
    "meanResponseP2Availability": {
        "T10": {
            "st": 0.7256869784271103,
            "conf": 0.1673778667478574
        }
    },
    "meanResponseP3Availability": {
        "T10": {
            "st": 0.9674641177668193,
            "conf": 0.21019499968958252
        }
    }
}