{
    "meanLatencyFromY": {
        "T10": {
            "st": [
                1.16565990292061e-05,
                0.0,
                0.0,
                0.9998804353833673
            ],
            "conf": [
                1.3445497943646653e-06,
                0.0,
                0.0,
                0.09183923974703344
            ]
        }
    },
    "meanAvailabilityFromY": {
        "T10": {
            "st": [
                0.007049813517533777,
                0.0,
                0.9981138748640762,
                7.607551302336917e-05
            ],
            "conf": [
                0.0010889108864119165,
                0.0,
                0.09034375471065767,
                1.897698135676712e-05
            ]
        }
    },
    "meanResponseGFastLatency": {
        "T10": {
            "st": [
                4.356975987751038e-05,
                0.0,
                2.0239082526648704e-09,
                0.9999081749851761
            ],
            "conf": [
                5.717745832084606e-06,
                0.0,
                3.3909190341779076e-10,
                0.08541087174322
            ]
        }
    },
    "meanResponseGMediumLatency": {
        "T10": {
            "st": [
                2.691379618805124e-05,
                0.0,
                2.4305556257531374e-09,
                0.9998521049711849
            ],
            "conf": [
                3.209206378633808e-06,
                0.0,
                3.471953339894265e-10,
                0.09721509915642791
            ]
        }
    },
    "meanResponseGSlowLatency": {
        "T10": {
            "st": [
                4.955921018179631e-05,
                0.0,
                3.245261889179347e-09,
                0.9999191810219346
            ],
            "conf": [
                5.63851600830649e-06,
                0.0,
                4.904586797468912e-10,
                0.08935851085748907
            ]
        }
    },
    "meanResponseGFastAvailability": {
        "T10": {
            "st": [
                0.03662688817760594,
                0.0,
                0.9775210431340859,
                0.0002608840263193977
            ],
            "conf": [
                0.0059708417893052255,
                0.0,
                0.0866963327340439,
                6.339888547394871e-05
            ]
        }
    },
    "meanResponseGMediumAvailability": {
        "T10": {
            "st": [
                0.049935084241731584,
                0.0,
                0.9691523569248147,
                0.0002909161774050334
            ],
            "conf": [
                0.008332900634823968,
                0.0,
                0.09040390432866179,
                7.365942872300224e-05
            ]
        }
    },
    "meanResponseGSlowAvailability": {
        "T10": {
            "st": [
                0.0233636570460816,
                0.0,
                0.9949329256844446,
                0.00022563165171831797
            ],
            "conf": [
                0.004103967260179548,
                0.0,
                0.08517824522562382,
                5.738012104683683e-05
            ]
        }
    }
}