{
    "meanAvailabilityFromY": {
        "T10": {
            "st": 0.05516233088510713,
            "conf": 0.009127964893888363
        }
    },
    "loadFromY": {
        "T10": {
            "st": 0.0,
            "conf": 0.0
        }
    },
    "meanResponseP1Availability": {
        "T10": {
            "st": 0.030058708480099873,
            "conf": 0.004202420860292651
        }
    },
    "meanResponseP2Availability": {
        "T10": {
            "st": 0.07947571405622361,
            "conf": 0.012336484455758792
        }
    },
    "meanResponseP3Availability": {
        "T10": {
            "st": 0.10982530991243233,
            "conf": 0.020477731934716827
        }
    }
}