{
    "meanAvailabilityFromY": {
        "T10": {
            "st": 0.7862009691974572,
            "conf": 0.10210830284639597
        }
    },
    "loadFromY": {
        "T10": {
            "st": 0.01762701062506914,
            "conf": 0.002313004107840217
        }
    },
    "meanResponseP1Availability": {
        "T10": {
            "st": 0.7679267414170915,
            "conf": 0.09985942837719979
        }
    },
    "meanResponseP2Availability": {
        "T10": {
            "st": 0.8506549037753054,
            "conf": 0.11835272154200213
        }
    },
    "meanResponseP3Availability": {
        "T10": {
            "st": 0.7783644745900953,
            "conf": 0.10854913611372773
        }
    }
}