{
    "meanAvailabilityFromY": {
        "EndingNMean": {
            "st": [
                0.10533838523447121,
                0.2994988895102477,
                0.6609609021155877,
                0.303529925695985
            ],
            "conf": [
                0.03413651634984607,
                0.08301966175025344,
                0.16457857198510575,
                0.06960594904548016
            ]
        }
    },
    "loadFromY": {
        "EndingNMean": {
            "st": [
                0.17833426726248025,
                0.8294147698833998,
                0.00034903563269394133,
                0.21290921578670596
            ],
            "conf": [
                0.05983868987692011,
                0.1328190415458965,
                0.00018068142860151786,
                0.07477491490454563
            ]
        }
    },
    "meanResponseP1Availability": {
        "EndingNMean": {
            "st": [
                0.14942371727803386,
                0.32892257882914616,
                0.6420374884525442,
                0.32478135438255273
            ],
            "conf": [
                0.03931634339680576,
                0.09586766026159063,
                0.15140638397689604,
                0.07339559008391026
            ]
        }
    },
    "meanResponseP2Availability": {
        "EndingNMean": {
            "st": [
                0.1641079250263524,
                0.3281874110241268,
                0.6892726091249991,
                0.31979282984989127
            ],
            "conf": [
                0.04264370371664671,
                0.09028683616114941,
                0.1608448571530805,
                0.07383035826123818
            ]
        }
    },
    "meanResponseP3Availability": {
        "EndingNMean": {
            "st": [
                0.14102225981376643,
                0.3430916308650067,
                0.7039376343995544,
                0.3310400283681739
            ],
            "conf": [
                0.03651960530579919,
                0.08835875141940891,
                0.16514869359617618,
                0.08561112652287386
            ]
        }
    }
}