{
    "meanLatencyFromY": {
        "T10": {
            "st": [
                0.026896694224811644,
                0.97761881731584,
                0.003682190128788259,
                0.004333492848351987
            ],
            "conf": [
                0.004390561762679984,
                0.08451248453923565,
                0.0007204777729964926,
                0.0020243270658743414
            ]
        }
    },
    "meanAvailabilityFromY": {
        "T10": {
            "st": [
                0.026665787484828386,
                0.9701512615650573,
                0.003636499087209307,
                0.01185194443594757
            ],
            "conf": [
                0.004572748126057791,
                0.09653785277279535,
                0.0007384882457030686,
                0.004791215887997672
            ]
        }
    },
    "meanResponseGFastLatency": {
        "T10": {
            "st": [
                0.03402691520475787,
                0.9837809484904195,
                0.010564335820885399,
                0.004742678199026227
            ],
            "conf": [
                0.008127881917860002,
                0.09214412060301061,
                0.002109289548050056,
                0.0021626963695702594
            ]
        }
    },
    "meanResponseGMediumLatency": {
        "T10": {
            "st": [
                0.0454647376270246,
                0.9633230764626217,
                0.011208249035565027,
                0.00436398906258022
            ],
            "conf": [
                0.007506551286010772,
                0.09140100101467265,
                0.0023466960183018974,
                0.0027334422655301617
            ]
        }
    },
    "meanResponseGSlowLatency": {
        "T10": {
            "st": [
                0.02910866114242926,
                0.9833204337978677,
                0.012021349455220716,
                0.004919202284176429
            ],
            "conf": [
                0.005514206910966595,
                0.09900376272888059,
                0.0021426170102248183,
                0.003113077115407589
            ]
        }
    },
    "meanResponseGFastAvailability": {
        "T10": {
            "st": [
                0.0339381311038338,
                0.9828725230104787,
                0.010514336134876123,
                0.005716930063924283
            ],
            "conf": [
                0.006251416897239881,
                0.09056368383350545,
                0.001766961780331282,
                0.0025105073277534376
            ]
        }
    },
    "meanResponseGMediumAvailability": {
        "T10": {
            "st": [
                0.044642645172484306,
                0.9532520968148323,
                0.011145941071876497,
                0.015158155798028164
            ],
            "conf": [
                0.00864837463705666,
                0.07971317992728365,
                0.003105965719541783,
                0.006458702705007916
            ]
        }
    },
    "meanResponseGSlowAvailability": {
        "T10": {
            "st": [
                0.028997609118605137,
                0.9713089787063015,
                0.011985145028055397,
                0.016707118420121823
            ],
            "conf": [
                0.005057337916259525,
                0.09828817912145542,
                0.0024757287165151896,
                0.0064490486022902695
            ]
        }
    }
}