{
    "meanLatencyFromY": {
        "T10": {
            "st": 0.004333492848351987,
            "conf": 0.0020243270658743414
        }
    },
    "meanAvailabilityFromY": {
        "T10": {
            "st": 0.01185194443594757,
            "conf": 0.004791215887997672
        }
    },
    "meanResponseGFastLatency": {
        "T10": {
            "st": 0.004742678199026227,
            "conf": 0.0021626963695702594
        }
    },
    "meanResponseGMediumLatency": {
        "T10": {
            "st": 0.00436398906258022,
            "conf": 0.0027334422655301617
        }
    },
    "meanResponseGSlowLatency": {
        "T10": {
            "st": 0.004919202284176429,
            "conf": 0.003113077115407589
        }
    },
    "meanResponseGFastAvailability": {
        "T10": {
            "st": 0.005716930063924283,
            "conf": 0.0025105073277534376
        }
    },
    "meanResponseGMediumAvailability": {
        "T10": {
            "st": 0.015158155798028164,
            "conf": 0.006458702705007916
        }
    },
    "meanResponseGSlowAvailability": {
        "T10": {
            "st": 0.016707118420121823,
            "conf": 0.0064490486022902695
        }
    }
}