{
    "meanLatencyFromY": {
        "EndingNMean": {
            "st": [
                1.0298698765103458,
                0.0003908515512928685,
                0.0,
                0.05228518055982185
            ],
            "conf": [
                0.12512586440406537,
                0.0001583852528256535,
                0.0,
                0.026221839062926112
            ]
        }
    },
    "meanAvailabilityFromY": {
        "EndingNMean": {
            "st": [
                0.2600470244751895,
                0.003837826749873129,
                0.8417706694696714,
                0.005882927893582226
            ],
            "conf": [
                0.07001366812754715,
                0.001043610930681852,
                0.12776979226848967,
                0.001462926202710784
            ]
        }
    },
    "meanResponseGFastLatency": {
        "EndingNMean": {
            "st": [
                0.9978731337161361,
                0.0008814365240259109,
                0.00015834583068481532,
                0.033651360580035206
            ],
            "conf": [
                0.1442181095095331,
                0.00037387799884479084,
                9.784724231281536e-05,
                0.014965697965468523
            ]
        }
    },
    "meanResponseGMediumLatency": {
        "EndingNMean": {
            "st": [
                0.9975703313816471,
                0.000866567457380981,
                0.00012255859485591497,
                0.03615795541155385
            ],
            "conf": [
                0.11994980328828944,
                0.00030575680917457133,
                8.718766101499082e-05,
                0.014238266587877623
            ]
        }
    },
    "meanResponseGSlowLatency": {
        "EndingNMean": {
            "st": [
                0.9933587221354048,
                0.0008934630008675335,
                0.00018290982010736316,
                0.037647569871081615
            ],
            "conf": [
                0.1534962731172667,
                0.0003136595363887205,
                0.00010630957679150184,
                0.016148165503455037
            ]
        }
    },
    "meanResponseGFastAvailability": {
        "EndingNMean": {
            "st": [
                0.27673172866662543,
                0.013791570328586234,
                0.825643995449012,
                0.01674548463298276
            ],
            "conf": [
                0.07605406740254883,
                0.0035212031041553446,
                0.13067077518890383,
                0.004263967233262013
            ]
        }
    },
    "meanResponseGMediumAvailability": {
        "EndingNMean": {
            "st": [
                0.2640715006944782,
                0.012553550779854658,
                0.8478810044863412,
                0.01783510837017365
            ],
            "conf": [
                0.06731820709225228,
                0.003107232013171693,
                0.11839627916292113,
                0.004843095195898962
            ]
        }
    },
    "meanResponseGSlowAvailability": {
        "EndingNMean": {
            "st": [
                0.27099518279962326,
                0.011645969203773848,
                0.8301532646894889,
                0.014912306373230605
            ],
            "conf": [
                0.06896167605320642,
                0.002924835958330275,
                0.1290377549817688,
                0.003678393135954687
            ]
        }
    }
}