{
    "meanAvailabilityFromY": {
        "T10": {
            "st": [
                0.0008289602840335289,
                0.0009629753514889745,
                0.0008951775386148225,
                0.9973099390849725
            ],
            "conf": [
                0.00012844925867851775,
                0.00018383708386169632,
                0.000161769989114806,
                0.08417316663788636
            ]
        }
    },
    "loadFromY": {
        "T10": {
            "st": [
                0.6939375326401991,
                0.00042054371474231644,
                0.00044026743798778037,
                0.32188959574100956
            ],
            "conf": [
                0.08126929351860351,
                8.839901894463435e-05,
                9.075115384155377e-05,
                0.04355414239802694
            ]
        }
    },
    "meanResponseP1Availability": {
        "T10": {
            "st": [
                0.0033736892817940356,
                0.003536222685440798,
                0.0035903317278814777,
                1.002643812442822
            ],
            "conf": [
                0.0005494622777902888,
                0.0005455839665947958,
                0.0005874596042178119,
                0.0939523842047791
            ]
        }
    },
    "meanResponseP2Availability": {
        "T10": {
            "st": [
                0.0028347871186527097,
                0.003230365843166123,
                0.0032820710058382705,
                0.9927940791302069
            ],
            "conf": [
                0.00045389557464295437,
                0.0005218236106108392,
                0.0004092016856264269,
                0.07072495709309416
            ]
        }
    },
    "meanResponseP3Availability": {
        "T10": {
            "st": [
                0.0032958916107056757,
                0.003139783922668095,
                0.003025246549882938,
                0.9960833323577403
            ],
            "conf": [
                0.0004835551476642101,
                0.0005281907825559404,
                0.00044110368580791467,
                0.08378585367135011
            ]
        }
    }
}