{
    "meanLatencyFromY": {
        "T10": {
            "st": [
                0.9704531242220304,
                0.0,
                0.0,
                0.07801336135217425
            ],
            "conf": [
                0.11860890907908768,
                0.0,
                0.0,
                0.023662245343196043
            ]
        }
    },
    "meanAvailabilityFromY": {
        "T10": {
            "st": [
                0.9904225434573997,
                0.0002522404331483775,
                0.08604742026741409,
                0.023954354259346725
            ],
            "conf": [
                0.1011875516930438,
                9.750081054901714e-05,
                0.014232322356633445,
                0.00398832634952056
            ]
        }
    },
    "meanResponseGFastLatency": {
        "T10": {
            "st": [
                0.9810547275733522,
                1.4012879832303087e-07,
                4.7242123040427625e-05,
                0.021699383086830656
            ],
            "conf": [
                0.09480999611321039,
                1.520498955211005e-07,
                6.531710820224769e-06,
                0.0055750950519031
            ]
        }
    },
    "meanResponseGMediumLatency": {
        "T10": {
            "st": [
                0.9843529914677563,
                1.490299368630087e-07,
                6.213740532153982e-05,
                0.02417514256004483
            ],
            "conf": [
                0.08476938681344583,
                1.341375019114214e-07,
                1.1448029803662933e-05,
                0.006046216186781183
            ]
        }
    },
    "meanResponseGSlowLatency": {
        "T10": {
            "st": [
                0.981803600242415,
                1.7824532695549895e-08,
                5.884391210115866e-05,
                0.022791879917031833
            ],
            "conf": [
                0.08864026452292795,
                3.737542768149127e-08,
                1.5364919377784282e-05,
                0.0054836771047919175
            ]
        }
    },
    "meanResponseGFastAvailability": {
        "T10": {
            "st": [
                0.9942731879789128,
                0.0002050909462725989,
                0.040914848783559395,
                0.018202228680060703
            ],
            "conf": [
                0.09336304422294689,
                0.00012001300664747953,
                0.0070712059732734684,
                0.003177331710729572
            ]
        }
    },
    "meanResponseGMediumAvailability": {
        "T10": {
            "st": [
                1.0186181575975168,
                0.0002614439459496029,
                0.05221209855551316,
                0.017863900378694567
            ],
            "conf": [
                0.10321551055395997,
                0.0001383010944222638,
                0.008787010142717842,
                0.0032025402914292547
            ]
        }
    },
    "meanResponseGSlowAvailability": {
        "T10": {
            "st": [
                0.9682277159479438,
                0.00011818769158134057,
                0.10109192208044906,
                0.02084870604994829
            ],
            "conf": [
                0.11352214908955793,
                0.0001582774822590901,
                0.021230038310891933,
                0.004015660988169509
            ]
        }
    }
}