{
    "meanLatencyFromY": {
        "T10": {
            "st": [
                1.0086507361265982,
                0.0,
                0.0,
                0.059039617442569754
            ],
            "conf": [
                0.12505511824998128,
                0.0,
                0.0,
                0.01828012018404676
            ]
        }
    },
    "meanAvailabilityFromY": {
        "T10": {
            "st": [
                0.990203264879208,
                0.00025225133907333207,
                0.08604840545600535,
                0.023963391899675612
            ],
            "conf": [
                0.0962455602407377,
                0.00011298424157501619,
                0.0132222279170938,
                0.003604552633181113
            ]
        }
    },
    "meanResponseGFastLatency": {
        "T10": {
            "st": [
                0.9861446646727117,
                6.302365500212248e-08,
                4.764795669629475e-05,
                0.020919028009988495
            ],
            "conf": [
                0.0974388364473463,
                7.14063917779573e-08,
                7.533771261559109e-06,
                0.0059424582637670415
            ]
        }
    },
    "meanResponseGMediumLatency": {
        "T10": {
            "st": [
                0.9798363817220639,
                2.9113716276971427e-07,
                5.9025961108486354e-05,
                0.02413694018946299
            ],
            "conf": [
                0.086422298050865,
                2.149007916156708e-07,
                1.212281926092709e-05,
                0.006432752994867322
            ]
        }
    },
    "meanResponseGSlowLatency": {
        "T10": {
            "st": [
                0.9772058923965091,
                9.128225790073197e-08,
                6.560880188272168e-05,
                0.02226479349131099
            ],
            "conf": [
                0.08116223122922676,
                1.62069111191428e-07,
                1.2350103898641034e-05,
                0.005656457329143304
            ]
        }
    },
    "meanResponseGFastAvailability": {
        "T10": {
            "st": [
                0.9944121853623352,
                0.00020507442619099764,
                0.04090953016758524,
                0.018205833537923738
            ],
            "conf": [
                0.09946834967613195,
                0.00012311078549185226,
                0.006523747832527214,
                0.002768294574104619
            ]
        }
    },
    "meanResponseGMediumAvailability": {
        "T10": {
            "st": [
                1.0189312991526511,
                0.000261452330912687,
                0.05221377273986272,
                0.01785877335330535
            ],
            "conf": [
                0.09861874336141434,
                0.00012965732082155604,
                0.007117942066618123,
                0.0027753738330762996
            ]
        }
    },
    "meanResponseGSlowAvailability": {
        "T10": {
            "st": [
                0.9682270943600542,
                0.0001181904901201761,
                0.10109552542850321,
                0.020843632922332683
            ],
            "conf": [
                0.10601678705872607,
                0.00015034124811422444,
                0.019016536072638025,
                0.0037162727386932325
            ]
        }
    }
}