{
    "meanAvailabilityFromY": {
        "T10": {
            "st": [
                0.6393269830396879,
                0.0011953164825054493,
                0.0048178564578303254,
                0.004329538309595
            ],
            "conf": [
                0.4838639873705586,
                0.0028813717602123035,
                0.009721406859329039,
                0.007098683665521115
            ]
        }
    },
    "loadFromY": {
        "T10": {
            "st": [
                0.9594814004648792,
                0.0,
                0.0,
                0.0
            ],
            "conf": [
                0.24956784272362165,
                0.0,
                0.0,
                0.0
            ]
        }
    },
    "meanResponseP1Availability": {
        "T10": {
            "st": [
                0.8138982560079632,
                0.001247764693166673,
                0.001002760459925223,
                0.0037888263664055577
            ],
            "conf": [
                0.36786618579184144,
                0.0015204048914020038,
                0.0009793796409434767,
                0.0031557055629506613
            ]
        }
    },
    "meanResponseP2Availability": {
        "T10": {
            "st": [
                0.5463865648777796,
                0.008417244552638498,
                0.009692788148717987,
                0.021787643656032862
            ],
            "conf": [
                0.3982261140793774,
                0.009620272519122322,
                0.010790775920226491,
                0.018860176017100383
            ]
        }
    },
    "meanResponseP3Availability": {
        "T10": {
            "st": [
                0.7695345096929214,
                0.003383988980565194,
                0.01521699811352721,
                0.01556115496118001
            ],
            "conf": [
                0.4454915856930035,
                0.0035419558621615564,
                0.01780404314806004,
                0.011358986821519538
            ]
        }
    }
}