{
    "meanAvailabilityFromY": {
        "EndingNMean": {
            "st": [
                0.7934922751445989,
                0.06456873141437271,
                0.4311103112836329,
                0.2724745871392205
            ],
            "conf": [
                0.2856268517349155,
                0.023040564723701674,
                0.19050148157818703,
                0.11874336136556174
            ]
        }
    },
    "loadFromY": {
        "EndingNMean": {
            "st": [
                0.6579122553129141,
                0.00024452991306794363,
                0.0002493732464369513,
                0.4019371262076601
            ],
            "conf": [
                0.07921344591328468,
                4.1252025266862086e-05,
                4.278568032028141e-05,
                0.054103395983287506
            ]
        }
    },
    "meanResponseP1Availability": {
        "EndingNMean": {
            "st": [
                0.8462089387707147,
                0.16217234781960166,
                0.45043373511692847,
                0.30905079728191154
            ],
            "conf": [
                0.27338713816156446,
                0.05627934951850632,
                0.16162854650826267,
                0.11060358840640389
            ]
        }
    },
    "meanResponseP2Availability": {
        "EndingNMean": {
            "st": [
                0.7738844208107699,
                0.1776626300094772,
                0.48785289072898624,
                0.34228489818110136
            ],
            "conf": [
                0.28126974819639283,
                0.06360613573993826,
                0.1649132252499674,
                0.11782178863829343
            ]
        }
    },
    "meanResponseP3Availability": {
        "EndingNMean": {
            "st": [
                0.8337291137019202,
                0.1743883697006565,
                0.5540387193463266,
                0.3498933690067849
            ],
            "conf": [
                0.3107146021975052,
                0.06576975898284981,
                0.255445982284427,
                0.12589978826048123
            ]
        }
    }
}