{
    "meanAvailabilityFromY": {
        "T10": {
            "st": [
                0.8160023652586385,
                0.7490529999928593,
                0.728600335360591,
                0.9159031292529194
            ],
            "conf": [
                0.09730569302459054,
                0.09667669485171822,
                0.08905355311400866,
                0.11528327060325766
            ]
        }
    },
    "loadFromY": {
        "T10": {
            "st": [
                0.3566222465429951,
                0.00038435959325563854,
                0.0003960468124061908,
                0.6752027619606218
            ],
            "conf": [
                0.05100564632404835,
                6.698051126596644e-05,
                7.086542568140513e-05,
                0.07570084516036359
            ]
        }
    },
    "meanResponseP1Availability": {
        "T10": {
            "st": [
                0.9211302680051819,
                0.9433567378321046,
                0.9434923048776493,
                0.8610506866543679
            ],
            "conf": [
                0.11228990780092567,
                0.1321658793346838,
                0.11210417077857222,
                0.12736116700486455
            ]
        }
    },
    "meanResponseP2Availability": {
        "T10": {
            "st": [
                0.8458326756050367,
                0.786746099296628,
                0.7241378709047905,
                1.011679238249389
            ],
            "conf": [
                0.10795229162217898,
                0.11417201422599746,
                0.10498303171787475,
                0.12681235637937283
            ]
        }
    },
    "meanResponseP3Availability": {
        "T10": {
            "st": [
                0.9194788693122634,
                0.785973549259076,
                0.8230978617681904,
                0.9300880729633688
            ],
            "conf": [
                0.12046636284412408,
                0.10548627619046477,
                0.09556368950640078,
                0.12801140534614822
            ]
        }
    }
}