{
    "meanAvailabilityFromY": {
        "T10": {
            "st": 0.9159031292529194,
            "conf": 0.11528327060325766
        }
    },
    "loadFromY": {
        "T10": {
            "st": 0.6752027619606218,
            "conf": 0.07570084516036359
        }
    },
    "meanResponseP1Availability": {
        "T10": {
            "st": 0.8610506866543679,
            "conf": 0.12736116700486455
        }
    },
    "meanResponseP2Availability": {
        "T10": {
            "st": 1.011679238249389,
            "conf": 0.12681235637937283
        }
    },
    "meanResponseP3Availability": {
        "T10": {
            "st": 0.9300880729633688,
            "conf": 0.12801140534614822
        }
    }
}