{
    "meanAvailabilityFromY": {
        "CrossCorr": [
            0.060922917586802613,
            0.030931543251324464,
            0.011463038525611063,
            0.5937017828373876,
            0.5377439137313168
        ],
        "TimeSeriesCrossCorr": [
            0.0635638485086004,
            0.030896139454729916,
            0.011641812999560009,
            0.5930831655669092,
            0.5366846425515576
        ],
        "TimeSeriesCrossCorrOffset": [
            0.007048458149779739,
            0.28898678414096923,
            0.007048458149779739,
            0.2607929515418503,
            0.5145374449339208
        ],
        "EndingNMean": [
            0.013366319348837499,
            0.14155425830056662,
            0.036934981251537706,
            0.001595036603922172,
            0.9224551850297267
        ],
        "EndingNSlope": [
            1.3184105660052954,
            0.17109627618281378,
            0.10959460102963155,
            0.7182750771528001,
            1.1885381614197794
        ],
        "StartEndMeanDiff": [
            1.1207463766847556,
            0.3155443373993408,
            0.27304650322439444,
            0.7778463171598281,
            1.1238729056302055
        ],
        "M0": [
            0.009640113965383562,
            0.12150850229265642,
            0.025162589276892706,
            0.9093590363702906,
            0.0003056307907635242
        ],
        "M1": [
            0.41241516766183833,
            0.09150161561154083,
            0.00964982738835143,
            0.00039200483027630143,
            0.545650044395339
        ],
        "M2": [
            0.9338403716611631,
            0.005166515776496316,
            0.0023488569814042867,
            0.0002655645699667442,
            0.239809258747559
        ],
        "M3": [
            0.9226007651481757,
            0.00016718036202222875,
            0.00011778032358495768,
            9.801603529853084e-05,
            0.1631445301572456
        ],
        "M4": [
            0.918739161920411,
            0.00017183158855353217,
            8.717939895007255e-05,
            0.00011771574879424366,
            0.1469703928116719
        ],
        "M5": [
            0.8891990876429902,
            0.00025299950507982595,
            0.0001190940827272988,
            0.0001434479790756941,
            0.17216718471246145
        ],
        "S0": [
            0.014841692791866786,
            0.01912543303603135,
            0.01911333949479066,
            0.5299152156622738,
            0.5831844923939598
        ],
        "S1": [
            1.1373396587391402,
            0.8251556015545183,
            1.0415524921979609,
            1.1605632711422071,
            0.9324349644815655
        ],
        "S2": [
            1.2600341910592137,
            1.0433324262916757,
            1.2589238496386528,
            1.2205813052481729,
            0.7539545629286849
        ],
        "S3": [
            0.7099970105423871,
            0.6418739463233925,
            0.759780886856514,
            0.8283100829980312,
            0.4980947075875637
        ],
        "S4": [
            0.9614760484044107,
            1.0110018640787948,
            0.7204971484301627,
            0.705693226563809,
            1.3776485591597214
        ],
        "S5": [
            1.0455348277764585,
            2.0555529209671715,
            1.2184850701056194,
            0.874287277468706,
            1.3260886421644973
        ]
    },
    "loadFromY": {
        "CrossCorr": [
            0.048043387770971197,
            0.023623957990667424,
            0.04034052842540238,
            0.1542585905139357,
            0.1329069176937243
        ],
        "TimeSeriesCrossCorr": [
            0.04804338777097118,
            0.023623957990667428,
            0.040340528425402374,
            0.1553657613961221,
            0.13290691769372426
        ],
        "TimeSeriesCrossCorrOffset": [
            0.0,
            0.0,
            0.0,
            0.01402918069584736,
            0.0
        ],
        "EndingNMean": [
            0.6963189994473985,
            0.06203450676142839,
            0.01750503895077456,
            0.0012864166868839743,
            0.3648973117228959
        ],
        "EndingNSlope": [
            1.3863009780342679,
            0.0456930504265743,
            0.12544890522702823,
            0.7869203404941182,
            0.8388292466531011
        ],
        "StartEndMeanDiff": [
            1.1676394012476792,
            0.0822011005200106,
            0.17053311025545168,
            0.8227026615241537,
            0.7285510744118233
        ],
        "M0": [
            0.6420132371064791,
            0.054972704247572314,
            0.007253744330839632,
            0.3460379887460786,
            0.00016471688131883887
        ],
        "M1": [
            0.8331775414906955,
            0.0627331023182652,
            0.0031933416502503316,
            0.00012621505245114734,
            0.28726779001966163
        ],
        "M2": [
            1.0927195320224814,
            0.003916264688929345,
            0.0015372681134661918,
            9.749931343412818e-05,
            0.16692540698756606
        ],
        "M3": [
            0.9213658692838481,
            0.00011139414684684199,
            6.928685352089947e-05,
            5.274315114165216e-05,
            0.1130730746045361
        ],
        "M4": [
            0.9959129233941255,
            0.0001668898702835113,
            0.00011986060468216261,
            0.000119085255591321,
            0.10837479236948211
        ],
        "M5": [
            1.1177032904980049,
            0.0001103658082860476,
            0.00010336599975425158,
            7.654420255602771e-05,
            0.1473009893431835
        ],
        "S0": [
            0.18745186610119136,
            0.026574931997343284,
            0.02328131753619099,
            0.500413618032865,
            0.66584772878423
        ],
        "S1": [
            0.7565595281932586,
            0.8107351815158373,
            1.0686448999631766,
            0.8892770929410185,
            0.9160909361903592
        ],
        "S2": [
            1.7974263349304707,
            1.3118856705594337,
            1.000423452458271,
            1.364510871563193,
            0.8660351642546213
        ],
        "S3": [
            1.1053244451944984,
            0.8265294068011139,
            1.1652687536916715,
            0.7813011560205891,
            0.6491266559783984
        ],
        "S4": [
            0.6653416495591267,
            0.7337718093893153,
            0.7801909942422776,
            0.4753063012408959,
            1.186631274762347
        ],
        "S5": [
            1.1558390615276875,
            0.848601102031344,
            1.1825375473127973,
            0.7915074170447242,
            1.301653868507904
        ]
    }
}