{
    "meanAvailabilityFromY": {
        "EndingNMean": [
            0.013366319348837499,
            0.14155425830056662,
            0.036934981251537706,
            0.001595036603922172,
            0.9224551850297267
        ]
    },
    "loadFromY": {
        "EndingNMean": [
            0.6963189994473985,
            0.06203450676142839,
            0.01750503895077456,
            0.0012864166868839743,
            0.3648973117228959
        ]
    }
}