{
    "meanAvailabilityFromY": {
        "EndingNMean": [
            0.013887996562682118,
            0.14421224359356044,
            0.037240060539495315,
            0.0017191193126004877,
            0.9342360830035765
        ]
    },
    "loadFromY": {
        "EndingNMean": [
            0.699140925248691,
            0.06329812511921272,
            0.01767338584548966,
            0.0011214896412281685,
            0.3695352236907233
        ]
    }
}