{
    "meanLatencyFromY": {
        "EndingNMean": {
            "st": [
                0.7979749366382254,
                0.14276043728134608,
                0.0,
                0.7321525899279844
            ],
            "conf": [
                0.21099611303660717,
                0.05564975080600072,
                0.0,
                0.3048456561168977
            ]
        }
    },
    "meanAvailabilityFromY": {
        "EndingNMean": {
            "st": [
                0.24971850265238438,
                0.0041053127394446625,
                0.8383879202374911,
                0.009309768649625917
            ],
            "conf": [
                0.08595340340231197,
                0.0016476376225176934,
                0.22152581184354406,
                0.0049755044530519
            ]
        }
    },
    "meanResponseGFastLatency": {
        "EndingNMean": {
            "st": [
                1.089987966479603,
                0.0017638389443470318,
                0.00030770600150075,
                0.05228947277692487
            ],
            "conf": [
                0.20590803876790303,
                0.0008045543181924929,
                0.00022183524877783504,
                0.026266619546354317
            ]
        }
    },
    "meanResponseGMediumLatency": {
        "EndingNMean": {
            "st": [
                1.0377927265781417,
                0.001760317343827599,
                0.0004987140893747975,
                0.05275299017364091
            ],
            "conf": [
                0.2031649427378302,
                0.0006531024001682789,
                0.0005384233227024854,
                0.027460614777241012
            ]
        }
    },
    "meanResponseGSlowLatency": {
        "EndingNMean": {
            "st": [
                1.063762026820947,
                0.002814450350248378,
                0.0013909597108798773,
                0.05234136161217136
            ],
            "conf": [
                0.2007890376470453,
                0.0014297819694188718,
                0.0015679173372066641,
                0.028372563918682033
            ]
        }
    },
    "meanResponseGFastAvailability": {
        "EndingNMean": {
            "st": [
                0.260865729022139,
                0.013599440571927844,
                0.8408061753385885,
                0.013275002779697006
            ],
            "conf": [
                0.10636113522617345,
                0.004713025640034418,
                0.20201125609982887,
                0.005759145204060178
            ]
        }
    },
    "meanResponseGMediumAvailability": {
        "EndingNMean": {
            "st": [
                0.2644598524622294,
                0.009913955149504427,
                0.8424167457661849,
                0.016190239905392048
            ],
            "conf": [
                0.10479031792170565,
                0.0038881790001658433,
                0.2025883768781444,
                0.0061844914533507565
            ]
        }
    },
    "meanResponseGSlowAvailability": {
        "EndingNMean": {
            "st": [
                0.24428302511943867,
                0.014194599835635247,
                0.804189733244253,
                0.034031380624201864
            ],
            "conf": [
                0.10861884954682705,
                0.005346581372675269,
                0.23563432673651968,
                0.017596977201174854
            ]
        }
    }
}