{
    "loadFromY": {
        "EndingNMean": {
            "st": [
                6.123370720024347e-08,
                0.0,
                0.0,
                0.9961182870801636
            ],
            "conf": [
                2.8015829712521656e-08,
                0.0,
                0.0,
                0.17581327172080408
            ]
        }
    },
    "meanLatencyFromY": {
        "EndingNMean": {
            "st": [
                5.127316384587162e-06,
                1.0033469096910435,
                0.0,
                5.471326742491122e-06
            ],
            "conf": [
                1.4252238679880993e-06,
                0.16658384885867475,
                0.0,
                1.3616114609582942e-06
            ]
        }
    },
    "meanResponseP1Latency": {
        "EndingNMean": {
            "st": [
                1.688271555945218e-05,
                1.0042333458476758,
                9.353183293391169e-08,
                1.9811785928683574e-05
            ],
            "conf": [
                6.2600819768014146e-06,
                0.17073207100787718,
                2.2212313950899033e-08,
                4.950696094228137e-06
            ]
        }
    },
    "meanResponseP2Latency": {
        "EndingNMean": {
            "st": [
                1.5390050382413285e-05,
                1.0037174487228027,
                9.529553115237939e-08,
                1.9232825954749465e-05
            ],
            "conf": [
                4.624994220768536e-06,
                0.17405213694984645,
                2.4168860053624473e-08,
                5.2984924049865335e-06
            ]
        }
    },
    "meanResponseP3Latency": {
        "EndingNMean": {
            "st": [
                1.857541520125323e-05,
                1.0023480466689971,
                9.405656268430527e-08,
                2.2732705144222525e-05
            ],
            "conf": [
                5.250905687390486e-06,
                0.17029289931309666,
                2.4485269235371752e-08,
                7.089175696474925e-06
            ]
        }
    }
}