{
    "loadFromY": {
        "EndingNMean": {
            "st": [
                6.123370720024347e-08,
                0.0,
                0.0,
                0.9961182870801636
            ],
            "conf": [
                2.5275840970151373e-08,
                0.0,
                0.0,
                0.16066505254402108
            ]
        }
    },
    "meanLatencyFromY": {
        "EndingNMean": {
            "st": [
                5.127316384587162e-06,
                1.0033469096910435,
                0.0,
                5.471326742491122e-06
            ],
            "conf": [
                1.6693990901263495e-06,
                0.1619377251169689,
                0.0,
                1.2161698033450725e-06
            ]
        }
    },
    "meanResponseP1Availability": {
        "EndingNMean": {
            "st": [
                0.0009106060966581992,
                0.0008898684190928427,
                0.9951366705811232,
                0.0008296925454267029
            ],
            "conf": [
                0.00033342884657530214,
                0.00023018939124802202,
                0.1751055274784139,
                0.00031627436852772924
            ]
        }
    },
    "meanResponseP2Availability": {
        "EndingNMean": {
            "st": [
                0.0008852012004150089,
                0.0008996927232660759,
                0.9960254755428812,
                0.0009302872988745342
            ],
            "conf": [
                0.0002560217049230031,
                0.00021723521211588844,
                0.20254979250935629,
                0.00025428006580556413
            ]
        }
    },
    "meanResponseP3Availability": {
        "EndingNMean": {
            "st": [
                0.000929933052485296,
                0.0006852869269264888,
                0.99794582171179,
                0.0010150429818262022
            ],
            "conf": [
                0.00036208296679606205,
                0.00021162143986524687,
                0.1610188583830706,
                0.00034627763317974494
            ]
        }
    }
}