{
    "meanAvailabilityFromY": {
        "T10": {
            "st": [
                0.7092018334013993,
                0.007287930510217054,
                0.021482142043806135,
                0.4373181730215833
            ],
            "conf": [
                0.2009780185827717,
                0.002908355277287138,
                0.008212850194212532,
                0.12551510576272348
            ]
        }
    },
    "loadFromY": {
        "T10": {
            "st": [
                0.9990956656665594,
                0.0,
                0.0,
                0.0
            ],
            "conf": [
                0.17273462439391438,
                0.0,
                0.0,
                0.0
            ]
        }
    },
    "meanResponseP1Availability": {
        "T10": {
            "st": [
                0.9979997841613588,
                0.0036414903010572935,
                0.013664741414662968,
                0.1591053553804332
            ],
            "conf": [
                0.1793806345307875,
                0.001396723691094273,
                0.0064635542511472955,
                0.057130048191024116
            ]
        }
    },
    "meanResponseP2Availability": {
        "T10": {
            "st": [
                0.9797839060549077,
                0.006385886527817644,
                0.02166793614142685,
                0.3116915772266323
            ],
            "conf": [
                0.20523438026781293,
                0.002069297475842351,
                0.008468158361037531,
                0.08719362346615626
            ]
        }
    },
    "meanResponseP3Availability": {
        "T10": {
            "st": [
                0.6443148719426396,
                0.021439608890411545,
                0.057445418253675315,
                0.5915738441817343
            ],
            "conf": [
                0.1942605960548546,
                0.007423988366563388,
                0.020176201130315225,
                0.158545647983436
            ]
        }
    }
}