{
    "meanAvailabilityFromY": {
        "T10": {
            "st": [
                0.7092018334013993,
                0.007287930510217054,
                0.021482142043806135,
                0.4373181730215833
            ],
            "conf": [
                0.23515688942684543,
                0.0030301153135433236,
                0.008253648109790184,
                0.162815807799251
            ]
        }
    },
    "loadFromY": {
        "T10": {
            "st": [
                0.9990956656665594,
                0.0,
                0.0,
                0.0
            ],
            "conf": [
                0.1572603046990957,
                0.0,
                0.0,
                0.0
            ]
        }
    },
    "meanResponseP1Availability": {
        "T10": {
            "st": [
                0.9979997841613588,
                0.0036414903010572935,
                0.013664741414662968,
                0.1591053553804332
            ],
            "conf": [
                0.1618833195193765,
                0.001201200180605548,
                0.006121529546627222,
                0.054272175940263435
            ]
        }
    },
    "meanResponseP2Availability": {
        "T10": {
            "st": [
                0.9797839060549077,
                0.006385886527817644,
                0.02166793614142685,
                0.3116915772266323
            ],
            "conf": [
                0.20989477967974868,
                0.0020357502282957107,
                0.008200302243442337,
                0.09658755443818136
            ]
        }
    },
    "meanResponseP3Availability": {
        "T10": {
            "st": [
                0.6443148719426396,
                0.021439608890411545,
                0.057445418253675315,
                0.5915738441817343
            ],
            "conf": [
                0.19516955289202387,
                0.008208480502480934,
                0.020815722057005253,
                0.18610452893804383
            ]
        }
    }
}