{
    "loadFromX": {
        "T10": {
            "st": 0.9999431594872066,
            "conf": 0.07152142500788658
        }
    },
    "loadFromY": {
        "T10": {
            "st": 0.00024101585829273002,
            "conf": 3.738240761345545e-05
        }
    },
    "meanLatencyFromY": {
        "T10": {
            "st": 0.6455385725881098,
            "conf": 0.08044020053436848
        }
    },
    "meanAvailabilityFromY": {
        "T10": {
            "st": 0.02634961212308811,
            "conf": 0.004659280330069904
        }
    },
    "throughput": {
        "T10": {
            "st": 0.00048605122658275206,
            "conf": 7.047747257427303e-05
        }
    },
    "queueSize": {
        "T10": {
            "st": 0.875907442909761,
            "conf": 0.08895909233958732
        }
    }
}