{
    "loadFromX": {
        "T10": {
            "st": [
                9.427150641197653e-09,
                0.0,
                0.0,
                0.9999431594872066
            ],
            "conf": [
                1.1487165389852523e-09,
                0.0,
                0.0,
                0.07152142500788658
            ]
        }
    },
    "loadFromY": {
        "T10": {
            "st": [
                0.000263230256813366,
                0.994840078439317,
                0.0053099461110511495,
                0.00024101585829273002
            ],
            "conf": [
                3.745447596456748e-05,
                0.07668190197590481,
                0.0007019112781445484,
                3.738240761345545e-05
            ]
        }
    },
    "meanLatencyFromY": {
        "T10": {
            "st": [
                0.1505448805335412,
                0.23085960208164044,
                0.018942738824614676,
                0.6455385725881098
            ],
            "conf": [
                0.02779340663453604,
                0.0431449781474394,
                0.003411571645340997,
                0.08044020053436848
            ]
        }
    },
    "meanAvailabilityFromY": {
        "T10": {
            "st": [
                0.0285032498937619,
                0.028775932077467772,
                1.0208863671912254,
                0.02634961212308811
            ],
            "conf": [
                0.004757480131195864,
                0.0046992485204994695,
                0.07925411967188896,
                0.004659280330069904
            ]
        }
    },
    "throughput": {
        "T10": {
            "st": [
                0.0005083012155446413,
                0.9229704085328195,
                0.07836085039905137,
                0.00048605122658275206
            ],
            "conf": [
                7.400750694197356e-05,
                0.08219900368373842,
                0.009708623963220626,
                7.047747257427303e-05
            ]
        }
    },
    "queueSize": {
        "T10": {
            "st": [
                0.047514640527451406,
                0.07849866759816565,
                0.006687062872360609,
                0.875907442909761
            ],
            "conf": [
                0.007350262024459926,
                0.011863499336519916,
                0.0010107210686914523,
                0.08895909233958732
            ]
        }
    }
}