{
    "loadFromY": {
        "EndingNMean": {
            "st": [
                0.0003110366625706462,
                0.11471832240162667,
                1.737374581462863e-07,
                0.9863185165438967
            ],
            "conf": [
                0.0002462460168939858,
                0.044472345687800396,
                1.7433791787630093e-07,
                0.16691923579581214
            ]
        }
    },
    "meanLatencyFromY": {
        "EndingNMean": {
            "st": [
                0.05634088153099721,
                0.9059370452738531,
                0.005302040157193699,
                0.46291865096082224
            ],
            "conf": [
                0.03925501870546109,
                0.2261805415191753,
                0.006525178100218124,
                0.15201231770425017
            ]
        }
    }
}