{
    "meanAvailabilityFromY": {
        "T10": {
            "st": 0.9973099390849725,
            "conf": 0.08375403619231438
        }
    },
    "loadFromY": {
        "T10": {
            "st": 0.32188959574100956,
            "conf": 0.03932975550530688
        }
    },
    "meanResponseP1Availability": {
        "T10": {
            "st": 1.002643812442822,
            "conf": 0.09697488623751974
        }
    },
    "meanResponseP2Availability": {
        "T10": {
            "st": 0.9927940791302069,
            "conf": 0.08803022433569739
        }
    },
    "meanResponseP3Availability": {
        "T10": {
            "st": 0.9960833323577403,
            "conf": 0.0850654397873625
        }
    }
}