{
    "meanAvailabilityFromY": {
        "T10": {
            "st": [
                0.0008289602840335289,
                0.0009629753514889745,
                0.0008951775386148225,
                0.9973099390849725
            ],
            "conf": [
                0.00011192450773026116,
                0.0001621120869650801,
                0.00013131443860737874,
                0.08375403619231438
            ]
        }
    },
    "loadFromY": {
        "T10": {
            "st": [
                0.6939375326401991,
                0.00042054371474231644,
                0.00044026743798778037,
                0.32188959574100956
            ],
            "conf": [
                0.07225179338743642,
                6.980324038665002e-05,
                7.387992803729618e-05,
                0.03932975550530688
            ]
        }
    },
    "meanResponseP1Availability": {
        "T10": {
            "st": [
                0.0033736892817940356,
                0.003536222685440798,
                0.0035903317278814777,
                1.002643812442822
            ],
            "conf": [
                0.0005625627383184639,
                0.000525863601228607,
                0.0005575941615553212,
                0.09697488623751974
            ]
        }
    },
    "meanResponseP2Availability": {
        "T10": {
            "st": [
                0.0028347871186527097,
                0.003230365843166123,
                0.0032820710058382705,
                0.9927940791302069
            ],
            "conf": [
                0.00040978790349678596,
                0.0004894646282890485,
                0.0005550273182880416,
                0.08803022433569739
            ]
        }
    },
    "meanResponseP3Availability": {
        "T10": {
            "st": [
                0.0032958916107056757,
                0.003139783922668095,
                0.003025246549882938,
                0.9960833323577403
            ],
            "conf": [
                0.0004501397200791841,
                0.0005593557712790239,
                0.0005534675251149942,
                0.0850654397873625
            ]
        }
    }
}