{
    "meanAvailabilityFromY": {
        "T10": {
            "st": [
                0.8479352012615875,
                0.00871034297307286,
                0.02627884014521841,
                0.4616861350508769
            ],
            "conf": [
                0.10269350437941008,
                0.0014072357053336946,
                0.005575748415352151,
                0.06872699275225623
            ]
        }
    },
    "loadFromY": {
        "T10": {
            "st": [
                0.9999259853168527,
                0.0,
                0.0,
                0.0
            ],
            "conf": [
                0.0911863816344827,
                0.0,
                0.0,
                0.0
            ]
        }
    },
    "meanResponseP1Availability": {
        "T10": {
            "st": [
                0.9636075129387089,
                0.004211521343164438,
                0.014908035644898327,
                0.14858979353237758
            ],
            "conf": [
                0.09030399034166545,
                0.0007573070008843528,
                0.002637937930162734,
                0.024672866327717886
            ]
        }
    },
    "meanResponseP2Availability": {
        "T10": {
            "st": [
                0.8736805659060936,
                0.008234601983681082,
                0.02765200686357255,
                0.29315443014002723
            ],
            "conf": [
                0.09951306876882265,
                0.0013976507588748302,
                0.004312902933392981,
                0.045651847227105816
            ]
        }
    },
    "meanResponseP3Availability": {
        "T10": {
            "st": [
                0.7136332369759908,
                0.02470758210858031,
                0.08140337047492276,
                0.6459754278919065
            ],
            "conf": [
                0.10234863668402963,
                0.006016107728471568,
                0.01722253359817589,
                0.09771778444531574
            ]
        }
    }
}