{
    "meanAvailabilityFromY": {
        "EndingNMean": [
            0.008913331289894829,
            0.06147687342480854,
            0.011034408550721641,
            0.0026939032547109863,
            0.9926138578064061
        ]
    },
    "loadFromY": {
        "EndingNMean": [
            1.0155703530773064,
            0.0,
            6.676620933213222e-07,
            0.0,
            0.0
        ]
    }
}