{
    "meanAvailabilityFromY": {
        "EndingNMean": [
            0.009580165538952044,
            0.06230058133313741,
            0.011244818909631537,
            0.0025204819664306037,
            1.0019073901604891
        ]
    },
    "loadFromY": {
        "EndingNMean": [
            1.0158040646198876,
            4.8353668065615544e-06,
            1.169511682337136e-06,
            1.071557660286186e-06,
            0.0
        ]
    }
}