{
    "meanAvailabilityFromY": {
        "CrossCorr": [
            0.0,
            0.0,
            8.53535387935861e-15,
            0.0,
            1.0136566066974554e-11
        ],
        "TimeSeriesCrossCorr": [
            0.0,
            0.0,
            8.53535387935861e-15,
            0.0,
            1.0136566066974554e-11
        ],
        "TimeSeriesCrossCorrOffset": [
            0.0,
            0.0,
            0.0,
            0.0,
            0.0
        ],
        "EndingNMean": [
            0.009580165538952044,
            0.06230058133313741,
            0.011244818909631537,
            0.0025204819664306037,
            1.0019073901604891
        ],
        "EndingNSlope": [
            1.308922448400894,
            0.10694148070521645,
            0.19369726417062094,
            0.9222397178410108,
            0.7714190544369238
        ],
        "StartEndMeanDiff": [
            1.3149407837737153,
            0.23450898135509907,
            0.2549598982254549,
            0.9227736022161254,
            0.8401317464335218
        ],
        "M0": [
            0.005216443214893646,
            0.056165564786173815,
            0.0032350728240237558,
            0.9762551826449258,
            0.0008166882526538434
        ],
        "M1": [
            0.2654223571821138,
            0.05253856767870072,
            0.005035072863801043,
            0.0006493178782886928,
            0.7587258069812172
        ],
        "M2": [
            0.8108208923173772,
            0.0011404687872482084,
            0.003475936606152884,
            0.0003740871266596122,
            0.40369128638975416
        ],
        "M3": [
            0.8808713246887266,
            0.0007330480782665108,
            0.0007745756408328034,
            0.0006814249982654459,
            0.32674515091317946
        ],
        "M4": [
            0.8869007557483304,
            0.0005298974318106626,
            0.0005202963005672594,
            0.0003236065018360967,
            0.31111368516632887
        ],
        "M5": [
            0.828281004265144,
            0.0005634486775383034,
            0.00026988290645088445,
            0.0003888476090525194,
            0.34893605219589696
        ],
        "S0": [
            0.014886245384730823,
            0.02177318108935457,
            0.017155404979654735,
            0.5094712967704308,
            0.5346420373989879
        ],
        "S1": [
            1.0754141513913245,
            0.7282262117570552,
            0.7800806753799739,
            0.5577686331757609,
            0.9260378345674005
        ],
        "S2": [
            0.689046638520514,
            0.6894484183710977,
            0.6052976268550527,
            0.5608191046121264,
            0.8694102125523828
        ],
        "S3": [
            1.4362393947655787,
            0.6063889224591617,
            0.954214181017899,
            1.0387230003455907,
            1.3502912022525684
        ],
        "S4": [
            0.9023054069872253,
            0.6894302625593632,
            1.4221065721788677,
            0.6104578817332428,
            0.7419726462593762
        ],
        "S5": [
            1.1580894691919958,
            0.8494938136112133,
            1.1745463548874218,
            0.9835820653327148,
            1.3201337787761764
        ]
    },
    "loadFromY": {
        "CrossCorr": [
            0.5544620874085046,
            0.5245947361502661,
            0.43872120764271283,
            0.5676022418439991,
            0.6111279036015071
        ],
        "TimeSeriesCrossCorr": [
            0.973295514295263,
            0.5217950195869392,
            0.6730958407106762,
            0.6689301536403154,
            0.8421442327784697
        ],
        "TimeSeriesCrossCorrOffset": [
            0.9673594995459593,
            0.8424982342851378,
            0.7100696196145699,
            0.8916860054484917,
            0.9408737766118458
        ],
        "EndingNMean": [
            1.0158040646198876,
            4.8353668065615544e-06,
            1.169511682337136e-06,
            1.071557660286186e-06,
            0.0
        ],
        "EndingNSlope": [
            0.4239281643030925,
            0.8330265092606832,
            0.17284405120328358,
            0.16568483078477564,
            0.0
        ],
        "StartEndMeanDiff": [
            0.4452737532859856,
            0.7988446374291888,
            0.1657516819374711,
            0.15888622643383563,
            0.0
        ],
        "M0": [
            1.015493945236216,
            0.0,
            0.0,
            0.0,
            0.0
        ],
        "M1": [
            1.0125562765223683,
            0.0,
            0.0,
            0.0,
            0.0
        ],
        "M2": [
            1.14963052121341,
            0.0,
            0.0,
            0.0,
            0.0
        ],
        "M3": [
            1.0035686431410589,
            0.0,
            0.0,
            0.0,
            0.0
        ],
        "M4": [
            0.9896383988641536,
            0.0,
            0.0,
            0.0,
            0.0
        ],
        "M5": [
            1.0149345721645795,
            0.0,
            0.0,
            0.0,
            0.0
        ],
        "S0": [
            0.9616978942132317,
            0.0,
            0.0,
            0.0,
            0.0
        ],
        "S1": [
            0.9373297002724795,
            0.0,
            0.0,
            0.0,
            0.0
        ],
        "S2": [
            0.888888888888889,
            0.0,
            0.0,
            0.0,
            0.0
        ],
        "S3": [
            0.8865248226950357,
            0.0,
            0.0,
            0.0,
            0.0
        ],
        "S4": [
            0.8144269924374639,
            0.0,
            0.0,
            0.0,
            0.0
        ],
        "S5": [
            0.7812499999999999,
            0.0,
            0.0,
            0.0,
            0.0
        ]
    }
}