{
    "meanAvailabilityFromY": {
        "T10": {
            "st": [
                0.006861435006590234,
                6.14042137557628e-05,
                0.0,
                0.996849164244182
            ],
            "conf": [
                0.0011355222569818643,
                1.1580813817755001e-05,
                0.0,
                0.08696568320647928
            ]
        }
    },
    "loadFromY": {
        "T10": {
            "st": [
                0.9999116469666397,
                0.0,
                0.0,
                0.0
            ],
            "conf": [
                0.08255970181039458,
                0.0,
                0.0,
                0.0
            ]
        }
    },
    "meanResponseP1Availability": {
        "T10": {
            "st": [
                0.038873024570160855,
                0.00027300669999153496,
                0.0,
                0.9791658092129281
            ],
            "conf": [
                0.006306634753960815,
                8.81085693091915e-05,
                0.0,
                0.09660097552093874
            ]
        }
    },
    "meanResponseP2Availability": {
        "T10": {
            "st": [
                0.04835707961422189,
                0.00021228875047674467,
                0.0,
                0.9621693314672704
            ],
            "conf": [
                0.00655815331783329,
                4.275492177788714e-05,
                0.0,
                0.09162241612348891
            ]
        }
    },
    "meanResponseP3Availability": {
        "T10": {
            "st": [
                0.02280770678762155,
                0.0001856927911145229,
                0.0,
                0.9982022339123606
            ],
            "conf": [
                0.0038056463496343104,
                4.234642806924814e-05,
                0.0,
                0.09300708466523623
            ]
        }
    }
}