{
    "meanAvailabilityFromY": {
        "T10": {
            "st": [
                0.00692407004847624,
                2.4856685835445944e-05,
                0.0,
                1.024434697310926
            ],
            "conf": [
                0.0030885469061124687,
                1.0524006349295382e-05,
                0.0,
                0.21371475528646944
            ]
        }
    },
    "loadFromY": {
        "T10": {
            "st": [
                0.9594891973703469,
                0.0,
                0.0,
                0.0
            ],
            "conf": [
                0.22174921154128482,
                0.0,
                0.0,
                0.0
            ]
        }
    },
    "meanResponseP1Availability": {
        "T10": {
            "st": [
                0.020166897322161783,
                0.00011069161127123162,
                0.0,
                1.0458070927999008
            ],
            "conf": [
                0.009338339795386973,
                7.697645894342153e-05,
                0.0,
                0.20212412047042905
            ]
        }
    },
    "meanResponseP2Availability": {
        "T10": {
            "st": [
                0.010159089106016884,
                6.881135219442816e-05,
                0.0,
                1.015655213938231
            ],
            "conf": [
                0.005289286041305954,
                3.3264979226629415e-05,
                0.0,
                0.21354104430596194
            ]
        }
    },
    "meanResponseP3Availability": {
        "T10": {
            "st": [
                0.01402946082566391,
                0.00011084605310186191,
                0.0,
                1.002481736782703
            ],
            "conf": [
                0.005510991570528441,
                9.27024877938262e-05,
                0.0,
                0.23606519541966722
            ]
        }
    }
}