{
    "meanAvailabilityFromY": {
        "T10": {
            "st": [
                0.8647805043743048,
                0.8484947484628169,
                0.7723193522873026,
                0.8530199647298714
            ],
            "conf": [
                0.1122252128638893,
                0.11236672588059589,
                0.11284033919714763,
                0.1090861988961397
            ]
        }
    },
    "loadFromY": {
        "T10": {
            "st": [
                0.06012868580940944,
                0.9131837755811018,
                0.00024081126807903806,
                0.2167857998577953
            ],
            "conf": [
                0.020923812719351294,
                0.12809885924971248,
                9.43968629444267e-05,
                0.07478234085881116
            ]
        }
    },
    "meanResponseP1Availability": {
        "T10": {
            "st": [
                0.9420006846293857,
                0.8854428248692222,
                0.8838459278744827,
                0.8738954626034589
            ],
            "conf": [
                0.12317673177280879,
                0.11728906080553976,
                0.11101424987604626,
                0.12471369199303879
            ]
        }
    },
    "meanResponseP2Availability": {
        "T10": {
            "st": [
                0.8589235882703214,
                0.8593525068734511,
                0.848534477259125,
                0.7932520667008894
            ],
            "conf": [
                0.10723514444252899,
                0.13449125511550447,
                0.11621788709415118,
                0.09438056758422442
            ]
        }
    },
    "meanResponseP3Availability": {
        "T10": {
            "st": [
                0.9296886896307479,
                0.9124407339321539,
                0.9761355884721952,
                0.8676359073849309
            ],
            "conf": [
                0.11341513354232752,
                0.126402969718314,
                0.1293507377452089,
                0.10643971500357659
            ]
        }
    }
}