{
    "loadFromY": {
        "EndingNMean": {
            "st": [
                0.00033744886932755657,
                0.12816116219826174,
                0.0,
                0.9702392317717863
            ],
            "conf": [
                0.0003032169918350813,
                0.0603281670015047,
                0.0,
                0.18142098700678122
            ]
        }
    },
    "meanLatencyFromY": {
        "EndingNMean": {
            "st": [
                0.0514810250899128,
                0.9414021380039485,
                0.0,
                0.4426977763498038
            ],
            "conf": [
                0.03157350297391556,
                0.32466300669642817,
                0.0,
                0.17876295742328022
            ]
        }
    },
    "meanResponseP1Availability": {
        "EndingNMean": {
            "st": [
                0.004358488008185155,
                0.24018032782080315,
                0.8206868830736441,
                0.18052491894191403
            ],
            "conf": [
                0.0021361090775836207,
                0.12344944872551061,
                0.16363278831260147,
                0.09814817197298056
            ]
        }
    },
    "meanResponseP2Availability": {
        "EndingNMean": {
            "st": [
                0.004065184295296973,
                0.010846505847784078,
                1.0016256266760635,
                0.0041993653595007695
            ],
            "conf": [
                0.0017158889193848734,
                0.01209234759309698,
                0.18449878827542865,
                0.001600674766192534
            ]
        }
    },
    "meanResponseP3Availability": {
        "EndingNMean": {
            "st": [
                0.0031750955667555853,
                0.002968470846219074,
                1.0041948566315866,
                0.003259540912020844
            ],
            "conf": [
                0.0012820716206460212,
                0.0009872965077480757,
                0.18228148739756275,
                0.0010062395507937434
            ]
        }
    }
}