{
    "loadFromY": {
        "EndingNMean": {
            "st": [
                0.00033744886932755657,
                0.12816116219826174,
                0.0,
                0.9702392317717863
            ],
            "conf": [
                0.00036453701473947256,
                0.05846861951416512,
                0.0,
                0.19884139401213152
            ]
        }
    },
    "meanLatencyFromY": {
        "EndingNMean": {
            "st": [
                0.0514810250899128,
                0.9414021380039485,
                0.0,
                0.4426977763498038
            ],
            "conf": [
                0.04219894642025671,
                0.3317069101675331,
                0.0,
                0.17760957704993108
            ]
        }
    },
    "meanResponseP1Latency": {
        "EndingNMean": {
            "st": [
                0.06141005272471378,
                0.9603902074849184,
                4.394482196259561e-11,
                0.5230696959522878
            ],
            "conf": [
                0.0407025185826288,
                0.4253564638512392,
                2.3389010795513004e-11,
                0.25205709097465256
            ]
        }
    },
    "meanResponseP2Latency": {
        "EndingNMean": {
            "st": [
                0.033633674962563476,
                1.0831601184470565,
                3.401923390130194e-10,
                0.5308740418694566
            ],
            "conf": [
                0.037096783133918024,
                0.8846901978253104,
                3.300101089013688e-10,
                0.5391855024517452
            ]
        }
    },
    "meanResponseP3Latency": {
        "EndingNMean": {
            "st": [
                0.00019312472330843987,
                1.011883539406924,
                1.4111697758368174e-08,
                0.0022865330421562554
            ],
            "conf": [
                0.00012916063423686126,
                0.16390844225756515,
                5.018207075838133e-09,
                0.0009988539539157798
            ]
        }
    }
}