{
    "meanLatencyFromY": {
        "EndingNMean": {
            "st": [
                0.002841253113979361,
                0.0018917080741771687,
                1.1103790361424364e-05,
                1.0086293314632837
            ],
            "conf": [
                0.002353173695838243,
                0.0023194298749608113,
                4.125609497735944e-06,
                0.14176258018277402
            ]
        }
    },
    "meanAvailabilityFromY": {
        "EndingNMean": {
            "st": [
                0.0028475075172925937,
                0.0008565226886374371,
                0.5855699804263513,
                0.5137794146197213
            ],
            "conf": [
                0.0015657190673960023,
                0.0007123647834198597,
                0.12595192196536345,
                0.13137783699464747
            ]
        }
    }
}