{
    "meanLatencyFromY": {
        "EndingNMean": {
            "st": [
                1.000330105248742,
                0.0011883709695557339,
                0.0,
                0.13763412592503918
            ],
            "conf": [
                0.14432899297621696,
                0.00034387019647331003,
                0.0,
                0.05313009603746939
            ]
        }
    },
    "meanAvailabilityFromY": {
        "EndingNMean": {
            "st": [
                0.2569455718020848,
                0.003644077394836893,
                0.8434077019316778,
                0.005199090307320918
            ],
            "conf": [
                0.058243603605649195,
                0.000939600487741957,
                0.13032237100734365,
                0.0011599044793481274
            ]
        }
    },
    "meanResponseGFastLatency": {
        "EndingNMean": {
            "st": [
                1.011215205801729,
                0.0026234567318480714,
                0.00046501704814373956,
                0.08374373024503368
            ],
            "conf": [
                0.13232159433898277,
                0.0007627136631521605,
                0.0005372027534807336,
                0.0352677149113004
            ]
        }
    },
    "meanResponseGMediumLatency": {
        "EndingNMean": {
            "st": [
                1.0083677284301067,
                0.0023773970070526174,
                0.0002478300383906301,
                0.08720313742389507
            ],
            "conf": [
                0.13108407314133166,
                0.0007566141583447549,
                0.00017323054327273614,
                0.029255625464368832
            ]
        }
    },
    "meanResponseGSlowLatency": {
        "EndingNMean": {
            "st": [
                0.9981330605643759,
                0.0026643751898900838,
                0.00036395812198578286,
                0.09046831808405931
            ],
            "conf": [
                0.11506473602221347,
                0.0009031805949472545,
                0.0004086309582152815,
                0.036583336777374034
            ]
        }
    },
    "meanResponseGFastAvailability": {
        "EndingNMean": {
            "st": [
                0.28315408404667114,
                0.013942310786502612,
                0.8290256720288999,
                0.017246968725969623
            ],
            "conf": [
                0.07158708585006275,
                0.003363373378823419,
                0.13120895635671953,
                0.004683377367289501
            ]
        }
    },
    "meanResponseGMediumAvailability": {
        "EndingNMean": {
            "st": [
                0.26312770793085416,
                0.013235312095333983,
                0.8500990277719369,
                0.018270119306765382
            ],
            "conf": [
                0.07144694937591951,
                0.003515429506895194,
                0.1152080204158543,
                0.0037957168416635624
            ]
        }
    },
    "meanResponseGSlowAvailability": {
        "EndingNMean": {
            "st": [
                0.2585167657968948,
                0.011749521202223393,
                0.8255714590474896,
                0.013262575967548111
            ],
            "conf": [
                0.06851235711040678,
                0.002740577480298592,
                0.13498863580760714,
                0.0031797174173127402
            ]
        }
    }
}