{
    "meanAvailabilityFromY": {
        "T10": {
            "st": [
                0.6379101436706537,
                0.0004210263396925905,
                0.002946165327887286,
                0.058835254553203715
            ],
            "conf": [
                0.38095455920745647,
                0.0003202269470152599,
                0.002996978050854195,
                0.04466796993376661
            ]
        }
    },
    "loadFromY": {
        "T10": {
            "st": [
                0.9594814004648792,
                0.0,
                0.0,
                0.0
            ],
            "conf": [
                0.23350175382799293,
                0.0,
                0.0,
                0.0
            ]
        }
    },
    "meanResponseP1Availability": {
        "T10": {
            "st": [
                0.7956837005569772,
                0.000786980580630582,
                0.002390492929509104,
                0.05639096346562977
            ],
            "conf": [
                0.31984719834216135,
                0.00045016071379670584,
                0.00165790550517858,
                0.027858272915497376
            ]
        }
    },
    "meanResponseP2Availability": {
        "T10": {
            "st": [
                0.5924342431612759,
                0.001201854634039393,
                0.004804291707276657,
                0.06563177451193122
            ],
            "conf": [
                0.36641781549381564,
                0.000963658847404211,
                0.0033352399945336506,
                0.03845242738250419
            ]
        }
    },
    "meanResponseP3Availability": {
        "T10": {
            "st": [
                0.5922733718263825,
                0.0011301089504896732,
                0.007878947853408024,
                0.07911743482298764
            ],
            "conf": [
                0.3935341213241588,
                0.001274259572317306,
                0.008979304377929397,
                0.08097927190858362
            ]
        }
    }
}