{
    "loadFromY": {
        "EndingNMean": {
            "st": [
                1.437511000198737e-07,
                0.0,
                0.0,
                1.0077679966264272
            ],
            "conf": [
                8.089560098120042e-08,
                0.0,
                0.0,
                0.13540849794981588
            ]
        }
    },
    "meanLatencyFromY": {
        "EndingNMean": {
            "st": [
                2.3387034163108047e-05,
                1.0093598269024309,
                0.0,
                2.231897367000639e-05
            ],
            "conf": [
                5.034796172774822e-06,
                0.13138132129972183,
                0.0,
                4.741361138308474e-06
            ]
        }
    }
}