{
    "meanAvailabilityFromY": {
        "T10": {
            "st": [
                0.3627305929396645,
                0.06960128700052579,
                0.07510306799409526,
                0.14874221239078247
            ],
            "conf": [
                0.4971767958019782,
                0.09233131409711103,
                0.09879330577833947,
                0.19616692188699103
            ]
        }
    },
    "loadFromY": {
        "T10": {
            "st": [
                0.5837237040675991,
                0.00021553333889155212,
                0.0002369347439272569,
                0.43028468140753173
            ],
            "conf": [
                0.18966612362035412,
                9.953290533040459e-05,
                9.606348941724926e-05,
                0.16462140955648577
            ]
        }
    },
    "meanResponseP1Availability": {
        "T10": {
            "st": [
                0.4613635283928855,
                0.13539720806148492,
                0.22567587456513638,
                0.23237253430333948
            ],
            "conf": [
                0.4079407807051874,
                0.1418930744899799,
                0.20863506343304977,
                0.2346315502011366
            ]
        }
    },
    "meanResponseP2Availability": {
        "T10": {
            "st": [
                0.5146945023669831,
                0.18882009288191473,
                0.19177281021948853,
                0.2761544644621718
            ],
            "conf": [
                0.45151188026754,
                0.15933360310771041,
                0.172450409240216,
                0.2541733534733592
            ]
        }
    },
    "meanResponseP3Availability": {
        "T10": {
            "st": [
                0.28464519352784334,
                0.3005611752672981,
                0.2440236310619791,
                0.25597600354932615
            ],
            "conf": [
                0.3098056263421344,
                0.30619486323531214,
                0.28710522575579245,
                0.2458681035333212
            ]
        }
    }
}