{
    "meanLatencyFromY": {
        "T10": {
            "st": [
                0.8677900891894814,
                0.0,
                0.0,
                0.11909516545730515
            ],
            "conf": [
                0.17466895682751532,
                0.0,
                0.0,
                0.07080526259438852
            ]
        }
    },
    "meanAvailabilityFromY": {
        "T10": {
            "st": [
                1.081113064679129,
                0.0002661685297195267,
                0.10779245693230109,
                0.028240873948245492
            ],
            "conf": [
                0.18644046263456335,
                0.00024018449858128696,
                0.04405684707136114,
                0.00933223296464555
            ]
        }
    },
    "meanResponseGFastLatency": {
        "T10": {
            "st": [
                0.9150310162382415,
                6.645723080623696e-07,
                0.0001868903576721577,
                0.0534616294324627
            ],
            "conf": [
                0.20053388911348172,
                1.477800101957502e-06,
                0.0001344462809335194,
                0.03741728142712395
            ]
        }
    },
    "meanResponseGMediumLatency": {
        "T10": {
            "st": [
                0.8814467995900579,
                0.0,
                0.00017930980212062405,
                0.05039375451119311
            ],
            "conf": [
                0.1706983060769534,
                0.0,
                6.583916130135413e-05,
                0.03505293567540951
            ]
        }
    },
    "meanResponseGSlowLatency": {
        "T10": {
            "st": [
                0.9009992107881287,
                1.2677979822838495e-06,
                0.00020231698614871287,
                0.05235660433713266
            ],
            "conf": [
                0.19826306191255283,
                2.6680008158084063e-06,
                8.081888528573915e-05,
                0.030830507557535233
            ]
        }
    },
    "meanResponseGFastAvailability": {
        "T10": {
            "st": [
                0.9994913406605918,
                0.00025715829564408035,
                0.053623117998946174,
                0.018737029214138685
            ],
            "conf": [
                0.1860072785501729,
                0.00026280703284136954,
                0.019150644182366755,
                0.005753614216791579
            ]
        }
    },
    "meanResponseGMediumAvailability": {
        "T10": {
            "st": [
                1.0080859576244046,
                0.0002581919914444551,
                0.05658788735023305,
                0.016540571814289928
            ],
            "conf": [
                0.2234469684758639,
                0.00029756715455557547,
                0.01668623933788528,
                0.005244596358315945
            ]
        }
    },
    "meanResponseGSlowAvailability": {
        "T10": {
            "st": [
                0.9932037751760728,
                0.0002795779369814644,
                0.10257067835598016,
                0.01856222702314757
            ],
            "conf": [
                0.18394837295692773,
                0.0005776603832953176,
                0.038095020039915085,
                0.004838027131850347
            ]
        }
    }
}