{
    "meanLatencyFromY": {
        "T10": {
            "st": [
                0.8677900891894814,
                0.0,
                0.0,
                0.11909516545730515
            ],
            "conf": [
                0.17494266940822023,
                0.0,
                0.0,
                0.08311117777436504
            ]
        }
    },
    "meanAvailabilityFromY": {
        "T10": {
            "st": [
                1.081113064679129,
                0.0002661685297195267,
                0.10779245693230109,
                0.028240873948245492
            ],
            "conf": [
                0.17825080677853897,
                0.0002307962073138909,
                0.04029934267402356,
                0.009261266493839326
            ]
        }
    },
    "meanResponseGFastLatency": {
        "T10": {
            "st": [
                0.9150310162382415,
                6.645723080623696e-07,
                0.0001868903576721577,
                0.0534616294324627
            ],
            "conf": [
                0.1952029177698914,
                1.3204405109680558e-06,
                0.00014877079449426243,
                0.038858166803968225
            ]
        }
    },
    "meanResponseGMediumLatency": {
        "T10": {
            "st": [
                0.8814467995900579,
                0.0,
                0.00017930980212062405,
                0.05039375451119311
            ],
            "conf": [
                0.17494708923521143,
                0.0,
                7.352608416794093e-05,
                0.03330782914636364
            ]
        }
    },
    "meanResponseGSlowLatency": {
        "T10": {
            "st": [
                0.9009992107881287,
                1.2677979822838495e-06,
                0.00020231698614871287,
                0.05235660433713266
            ],
            "conf": [
                0.17961190615610076,
                2.5392232677367776e-06,
                7.682306609587748e-05,
                0.030293407703926675
            ]
        }
    },
    "meanResponseGFastAvailability": {
        "T10": {
            "st": [
                0.9994913406605918,
                0.00025715829564408035,
                0.053623117998946174,
                0.018737029214138685
            ],
            "conf": [
                0.16430259179084886,
                0.0002660834047477623,
                0.019121853897930367,
                0.005951706288614498
            ]
        }
    },
    "meanResponseGMediumAvailability": {
        "T10": {
            "st": [
                1.0080859576244046,
                0.0002581919914444551,
                0.05658788735023305,
                0.016540571814289928
            ],
            "conf": [
                0.21217567992655695,
                0.0002520142162161664,
                0.016834442019144327,
                0.005419802436009492
            ]
        }
    },
    "meanResponseGSlowAvailability": {
        "T10": {
            "st": [
                0.9932037751760728,
                0.0002795779369814644,
                0.10257067835598016,
                0.01856222702314757
            ],
            "conf": [
                0.19584079995379794,
                0.0006026200866902818,
                0.039868267752158036,
                0.004317981837165285
            ]
        }
    }
}