{
    "loadFromX": {
        "T10": {
            "st": 0.9999457129621147,
            "conf": 0.09451970835350988
        }
    },
    "loadFromY": {
        "T10": {
            "st": 0.953133004964019,
            "conf": 0.10419760749620036
        }
    },
    "meanLatencyFromY": {
        "T10": {
            "st": 0.8844105604042415,
            "conf": 0.09288262103390658
        }
    },
    "meanAvailabilityFromY": {
        "T10": {
            "st": 0.9700512970255938,
            "conf": 0.10013992406275617
        }
    },
    "throughput": {
        "T10": {
            "st": 0.9509461744435512,
            "conf": 0.12544463808096604
        }
    },
    "queueSize": {
        "T10": {
            "st": 0.9568454926888588,
            "conf": 0.09753256971058161
        }
    }
}