{
    "loadFromX": {
        "T10": {
            "st": [
                1.3333495715561365e-08,
                4.2188013787516474e-09,
                4.479221216946815e-09,
                0.9999457129621147
            ],
            "conf": [
                2.4683977284144134e-09,
                2.3823094963080262e-09,
                2.6303564183239064e-09,
                0.09451970835350988
            ]
        }
    },
    "loadFromY": {
        "T10": {
            "st": [
                0.03213695844679842,
                0.3698878664938371,
                0.12221454194070207,
                0.953133004964019
            ],
            "conf": [
                0.026481688072779994,
                0.0825691739797817,
                0.05055805352436247,
                0.10419760749620036
            ]
        }
    },
    "meanLatencyFromY": {
        "T10": {
            "st": [
                0.07010639433372487,
                0.6235135450766198,
                0.255050052891004,
                0.8844105604042415
            ],
            "conf": [
                0.04527216720472315,
                0.14690574138626128,
                0.10468333531013133,
                0.09288262103390658
            ]
        }
    },
    "meanAvailabilityFromY": {
        "T10": {
            "st": [
                0.015716047627607456,
                0.1877122416005956,
                0.06477057380254746,
                0.9700512970255938
            ],
            "conf": [
                0.01117228227548622,
                0.050952473009623495,
                0.027121191477758974,
                0.10013992406275617
            ]
        }
    },
    "throughput": {
        "T10": {
            "st": [
                0.032396128888629104,
                0.370870619988247,
                0.12759780523548864,
                0.9509461744435512
            ],
            "conf": [
                0.022252835646088653,
                0.08141182693805951,
                0.05491063553954238,
                0.12544463808096604
            ]
        }
    },
    "queueSize": {
        "T10": {
            "st": [
                0.019972772049583185,
                0.26613096384727236,
                0.09169655742623319,
                0.9568454926888588
            ],
            "conf": [
                0.015547238066055324,
                0.06734245037759615,
                0.03709687035938842,
                0.09753256971058161
            ]
        }
    }
}