{
    "meanAvailabilityFromY": {
        "T10": {
            "st": [
                0.8819985402530031,
                0.8564362586504138,
                0.7541269948397912,
                0.8951351173787733
            ],
            "conf": [
                0.07791230713146721,
                0.07713567971367638,
                0.06937302621416896,
                0.08979743594107814
            ]
        }
    },
    "loadFromY": {
        "T10": {
            "st": [
                0.05966091304116414,
                0.928605933818912,
                0.0002059367957248982,
                0.2079144335019704
            ],
            "conf": [
                0.01431966564680479,
                0.08342679374238493,
                5.198745052043549e-05,
                0.05042430547076777
            ]
        }
    },
    "meanResponseP1Availability": {
        "T10": {
            "st": [
                0.9717664360496163,
                0.924953140036982,
                0.8570291685864783,
                0.8859665177516863
            ],
            "conf": [
                0.08836161023317297,
                0.0753142086949738,
                0.07024554659104047,
                0.07976968273405054
            ]
        }
    },
    "meanResponseP2Availability": {
        "T10": {
            "st": [
                0.8744248149522041,
                0.8484530094206765,
                0.8509128211763836,
                0.7648663877760092
            ],
            "conf": [
                0.08487049852517366,
                0.08650365145697594,
                0.07536864255644134,
                0.07342747817244837
            ]
        }
    },
    "meanResponseP3Availability": {
        "T10": {
            "st": [
                0.9014684863435307,
                0.9166448386874197,
                0.9186538306160631,
                0.8692817835135368
            ],
            "conf": [
                0.07803370686921568,
                0.07208617595009435,
                0.08050274075610267,
                0.07207479715677914
            ]
        }
    }
}