{
    "meanAvailabilityFromY": {
        "T10": {
            "st": 0.8951351173787733,
            "conf": 0.08979743594107814
        }
    },
    "loadFromY": {
        "T10": {
            "st": 0.2079144335019704,
            "conf": 0.05042430547076777
        }
    },
    "meanResponseP1Availability": {
        "T10": {
            "st": 0.8859665177516863,
            "conf": 0.07976968273405054
        }
    },
    "meanResponseP2Availability": {
        "T10": {
            "st": 0.7648663877760092,
            "conf": 0.07342747817244837
        }
    },
    "meanResponseP3Availability": {
        "T10": {
            "st": 0.8692817835135368,
            "conf": 0.07207479715677914
        }
    }
}