{
    "meanLatencyFromY": {
        "T10": {
            "st": [
                1.0097284658328995,
                0.0,
                0.0,
                0.00102074766090542
            ],
            "conf": [
                0.08070369103766309,
                0.0,
                0.0,
                0.00024282798808449854
            ]
        }
    },
    "meanAvailabilityFromY": {
        "T10": {
            "st": [
                1.0129661368201812,
                0.0014468589328277695,
                0.07356830958145111,
                0.03647585456997564
            ],
            "conf": [
                0.10947893526563458,
                0.0003888734417884704,
                0.010331818820813106,
                0.0060280362055112535
            ]
        }
    },
    "meanResponseGFastLatency": {
        "T10": {
            "st": [
                0.9297938063944681,
                1.726891900642452e-07,
                6.207860237770414e-06,
                0.059092119709075866
            ],
            "conf": [
                0.09000680961438577,
                2.659819965163944e-07,
                3.089502586759578e-06,
                0.019900530935983655
            ]
        }
    },
    "meanResponseGMediumLatency": {
        "T10": {
            "st": [
                0.9442240658831648,
                0.0,
                8.43797003316532e-06,
                0.053248787696107934
            ],
            "conf": [
                0.08047508251107889,
                0.0,
                2.078485682084881e-06,
                0.01363673174890148
            ]
        }
    },
    "meanResponseGSlowLatency": {
        "T10": {
            "st": [
                0.9577442979296245,
                0.0,
                6.245151579019549e-06,
                0.056774645060855014
            ],
            "conf": [
                0.08740898024743336,
                0.0,
                1.8812665663935147e-06,
                0.014824635405521081
            ]
        }
    },
    "meanResponseGFastAvailability": {
        "T10": {
            "st": [
                1.0044517231857923,
                0.001662593461919807,
                0.03364029068795742,
                0.02157586182636985
            ],
            "conf": [
                0.0887482373790167,
                0.0005237660090915904,
                0.006241898979568982,
                0.002839305550378303
            ]
        }
    },
    "meanResponseGMediumAvailability": {
        "T10": {
            "st": [
                0.9833111018622145,
                0.000816154485089619,
                0.0709046674460107,
                0.020533587999387985
            ],
            "conf": [
                0.09968287782989614,
                0.00033873494114411207,
                0.010478004695921438,
                0.003391496841988012
            ]
        }
    },
    "meanResponseGSlowAvailability": {
        "T10": {
            "st": [
                0.9951229915476927,
                0.000691124109989702,
                0.12016185824472245,
                0.01970717211869958
            ],
            "conf": [
                0.11204661342341829,
                0.00029475914743413913,
                0.026035019387258784,
                0.004075068314667685
            ]
        }
    }
}