{
    "meanAvailabilityFromY": {
        "T10": {
            "st": [
                0.8084711058740268,
                0.8104871799970094,
                0.1677826113258287,
                0.7862009691974572
            ],
            "conf": [
                0.11446866368450374,
                0.11497032462322045,
                0.041708333846895304,
                0.10210830284639597
            ]
        }
    },
    "loadFromY": {
        "T10": {
            "st": [
                0.9829534731473171,
                0.0002820478775274377,
                4.4549974815468245e-05,
                0.01762701062506914
            ],
            "conf": [
                0.08284488704897894,
                5.770847224433718e-05,
                1.8884910496083667e-05,
                0.002313004107840217
            ]
        }
    },
    "meanResponseP1Availability": {
        "T10": {
            "st": [
                0.8084114721970318,
                0.7239672800938047,
                0.1857159297856731,
                0.7679267414170915
            ],
            "conf": [
                0.09869087133663876,
                0.11904241618059026,
                0.0376495758888426,
                0.09985942837719979
            ]
        }
    },
    "meanResponseP2Availability": {
        "T10": {
            "st": [
                0.8040514003301663,
                0.7580770748952836,
                0.17171657562680648,
                0.8506549037753054
            ],
            "conf": [
                0.11150454297684292,
                0.1154066596617943,
                0.042414056414901674,
                0.11835272154200213
            ]
        }
    },
    "meanResponseP3Availability": {
        "T10": {
            "st": [
                0.9127467699516454,
                0.7524520790494711,
                0.16551180367224216,
                0.7783644745900953
            ],
            "conf": [
                0.12914032483423804,
                0.1036297745582799,
                0.03770889910370192,
                0.10854913611372773
            ]
        }
    }
}