{
    "meanLatencyFromY": {
        "T10": {
            "st": [
                0.003808309638562858,
                0.002999409078373608,
                0.0034606758885949605,
                1.006293276728827
            ],
            "conf": [
                0.000643007654830788,
                0.0005629351208364308,
                0.0005780579864607717,
                0.0733241319840574
            ]
        }
    },
    "meanAvailabilityFromY": {
        "T10": {
            "st": [
                0.03375185047182298,
                0.029177408547375213,
                0.8736082952341517,
                0.1527917251986952
            ],
            "conf": [
                0.005493324267704784,
                0.004965236689068671,
                0.08310097799863114,
                0.03853254036322957
            ]
        }
    },
    "meanResponseGFastLatency": {
        "T10": {
            "st": [
                0.008568336816818269,
                0.007971531218324357,
                0.010090256832468178,
                0.9988582997570175
            ],
            "conf": [
                0.0014512860057478948,
                0.0019384151668344076,
                0.0019938921282715927,
                0.08413062728238785
            ]
        }
    },
    "meanResponseGMediumLatency": {
        "T10": {
            "st": [
                0.010555873680433316,
                0.007920023259604945,
                0.008836627183388221,
                1.0124939035252478
            ],
            "conf": [
                0.002221198826152701,
                0.0014257250157914563,
                0.0013228381145171237,
                0.087578838627036
            ]
        }
    },
    "meanResponseGSlowLatency": {
        "T10": {
            "st": [
                0.009240520116183997,
                0.007165140224782964,
                0.007304396126305882,
                0.9991347586634425
            ],
            "conf": [
                0.001683119894908297,
                0.00123225333353454,
                0.0011085326249838582,
                0.08744878711002471
            ]
        }
    },
    "meanResponseGFastAvailability": {
        "T10": {
            "st": [
                0.099881916547525,
                0.08257599902876328,
                0.8958083732736967,
                0.1497242872516235
            ],
            "conf": [
                0.016789945344066654,
                0.014688103344536652,
                0.08703275836187506,
                0.0337669154484778
            ]
        }
    },
    "meanResponseGMediumAvailability": {
        "T10": {
            "st": [
                0.10070352701864936,
                0.08954669007945082,
                0.8617430180066986,
                0.19803120306496558
            ],
            "conf": [
                0.01601691759737086,
                0.01714228946664223,
                0.10102910621162209,
                0.04453721187250643
            ]
        }
    },
    "meanResponseGSlowAvailability": {
        "T10": {
            "st": [
                0.09692884348036435,
                0.0873301087142676,
                0.8696688105453678,
                0.1677245583952349
            ],
            "conf": [
                0.01353792989993819,
                0.015300007422504477,
                0.09697349818887892,
                0.04392507793995408
            ]
        }
    }
}