{
    "meanLatencyFromY": {
        "T10": {
            "st": [
                0.8835092335671896,
                0.10066658949136913,
                0.13260531776176376,
                0.04705446574038482
            ],
            "conf": [
                0.09161049803129095,
                0.015903701107756713,
                0.01959357144837329,
                0.012751572425529848
            ]
        }
    },
    "meanAvailabilityFromY": {
        "T10": {
            "st": [
                0.7408761585913771,
                0.08510063874107048,
                0.11395420899276373,
                0.19806875498539844
            ],
            "conf": [
                0.08799357532917543,
                0.013349495539759346,
                0.01927289115748952,
                0.04491961941300902
            ]
        }
    },
    "meanResponseGFastLatency": {
        "T10": {
            "st": [
                0.8714125884960356,
                0.34081252522956773,
                0.30058913018075434,
                0.056831448135818724
            ],
            "conf": [
                0.12082660045404414,
                0.041508043285833185,
                0.04378045046254129,
                0.022399507427297728
            ]
        }
    },
    "meanResponseGMediumLatency": {
        "T10": {
            "st": [
                0.9268964802538306,
                0.22377748804028658,
                0.26952887251177543,
                0.0344890269353382
            ],
            "conf": [
                0.10082320581549341,
                0.031966420210363077,
                0.051276619446817294,
                0.011413503367034514
            ]
        }
    },
    "meanResponseGSlowLatency": {
        "T10": {
            "st": [
                0.8534151644922499,
                0.2927378457259874,
                0.3460965752432346,
                0.03927215296622492
            ],
            "conf": [
                0.11486092560156176,
                0.03787578392183269,
                0.0498661129394276,
                0.017274228623700785
            ]
        }
    },
    "meanResponseGFastAvailability": {
        "T10": {
            "st": [
                0.7381185026152851,
                0.28710327103341204,
                0.2538194088380084,
                0.20786910545179915
            ],
            "conf": [
                0.10273522589933891,
                0.03871445684661718,
                0.03767135198801803,
                0.056953954643412304
            ]
        }
    },
    "meanResponseGMediumAvailability": {
        "T10": {
            "st": [
                0.837559010526551,
                0.20428242560762264,
                0.24820449391468985,
                0.12435790069627227
            ],
            "conf": [
                0.08417018484350489,
                0.028175415907572016,
                0.03737277169378733,
                0.032403699063156675
            ]
        }
    },
    "meanResponseGSlowAvailability": {
        "T10": {
            "st": [
                0.7391654784017198,
                0.25388477827552386,
                0.30633821257101207,
                0.16214404403384375
            ],
            "conf": [
                0.10557634789158321,
                0.04258971531772531,
                0.04560043286702864,
                0.0483326866190248
            ]
        }
    }
}