{
    "loadFromY": {
        "EndingNMean": {
            "st": [
                0.00033680791807693387,
                0.12795160434890435,
                0.0,
                0.9703412273224596
            ],
            "conf": [
                0.00031703865068745976,
                0.05608256441283946,
                0.0,
                0.1942759362745479
            ]
        }
    },
    "meanLatencyFromY": {
        "EndingNMean": {
            "st": [
                0.02419813048459972,
                0.9130682647439734,
                0.0,
                0.49639657204126825
            ],
            "conf": [
                0.02523888113261318,
                0.27287674781566507,
                0.0,
                0.18521954907232668
            ]
        }
    },
    "meanResponseP1Availability": {
        "EndingNMean": {
            "st": [
                0.0039867385951262695,
                0.0364505062793546,
                0.9869661068651064,
                0.023834087782833174
            ],
            "conf": [
                0.0017856747785356289,
                0.019381333996234932,
                0.19249675241040895,
                0.012838876293015427
            ]
        }
    },
    "meanResponseP2Availability": {
        "EndingNMean": {
            "st": [
                0.004527712442573528,
                0.04399655184271772,
                0.9859393490060117,
                0.02632161697024139
            ],
            "conf": [
                0.001872808275596557,
                0.022870019424595236,
                0.18087586476981368,
                0.011334949236878973
            ]
        }
    },
    "meanResponseP3Availability": {
        "EndingNMean": {
            "st": [
                0.0027962738368317217,
                0.04033426418709011,
                0.9815140211345282,
                0.027286755734230353
            ],
            "conf": [
                0.001025737226463917,
                0.022944176874497374,
                0.18091131568190774,
                0.014252546304829923
            ]
        }
    }
}