{
    "loadFromY": {
        "EndingNMean": {
            "st": [
                0.00033680791807693387,
                0.12795160434890435,
                0.0,
                0.9703412273224596
            ],
            "conf": [
                0.00037191116039100587,
                0.04663859323933274,
                0.0,
                0.20566647662493495
            ]
        }
    },
    "meanLatencyFromY": {
        "EndingNMean": {
            "st": [
                0.02419813048459972,
                0.9130682647439734,
                0.0,
                0.49639657204126825
            ],
            "conf": [
                0.025531814242666265,
                0.29201999258924155,
                0.0,
                0.21632488209906597
            ]
        }
    },
    "meanResponseP1Latency": {
        "EndingNMean": {
            "st": [
                0.024562217977940563,
                0.9174354124282866,
                2.9603502905260195e-10,
                0.4978063522236687
            ],
            "conf": [
                0.024099025971187345,
                0.28565870217917233,
                1.316448937355769e-10,
                0.19199889113259225
            ]
        }
    },
    "meanResponseP2Latency": {
        "EndingNMean": {
            "st": [
                0.024682103920783488,
                0.9179777414169092,
                3.064651665996452e-10,
                0.49711599403924517
            ],
            "conf": [
                0.02432456248517777,
                0.29403673960987287,
                1.3257442255340996e-10,
                0.19976551842757415
            ]
        }
    },
    "meanResponseP3Latency": {
        "EndingNMean": {
            "st": [
                0.02400422057426109,
                0.9043939354218837,
                2.7849864661517637e-10,
                0.49484324795193163
            ],
            "conf": [
                0.025106117933752826,
                0.28453679649026004,
                1.193440388224852e-10,
                0.19819185920786825
            ]
        }
    }
}