{
    "meanLatencyFromY": {
        "T10": {
            "st": [
                6.364918004814464e-06,
                0.0,
                0.0,
                0.9996273323185784
            ],
            "conf": [
                8.982206822735429e-07,
                0.0,
                0.0,
                0.08612646913788838
            ]
        }
    },
    "meanAvailabilityFromY": {
        "T10": {
            "st": [
                9.380054806880384e-05,
                0.0,
                0.005132830583301292,
                0.9976455151206356
            ],
            "conf": [
                2.3693486313630735e-05,
                0.0,
                0.0007948232536090525,
                0.08653566079929749
            ]
        }
    },
    "meanResponseGFastLatency": {
        "T10": {
            "st": [
                3.0173012460531312e-05,
                0.0,
                1.1731923182524215e-09,
                1.0000942322451891
            ],
            "conf": [
                3.7897209287989397e-06,
                0.0,
                2.0040561561489713e-10,
                0.07749636079835981
            ]
        }
    },
    "meanResponseGMediumLatency": {
        "T10": {
            "st": [
                1.5392129804587422e-05,
                0.0,
                1.3692563239501347e-09,
                0.9996728762969789
            ],
            "conf": [
                2.346847055157916e-06,
                0.0,
                2.3140078709251888e-10,
                0.08615494412934963
            ]
        }
    },
    "meanResponseGSlowLatency": {
        "T10": {
            "st": [
                2.8248657453845317e-05,
                0.0,
                1.6757910494139055e-09,
                0.9993546659276712
            ],
            "conf": [
                3.6834411359602897e-06,
                0.0,
                2.4118700021094915e-10,
                0.0960427192947613
            ]
        }
    },
    "meanResponseGFastAvailability": {
        "T10": {
            "st": [
                0.00025364243832919016,
                0.0,
                0.002968343817213314,
                0.9999665013669118
            ],
            "conf": [
                7.239919303675746e-05,
                0.0,
                0.0004727128121155031,
                0.08744278892369613
            ]
        }
    },
    "meanResponseGMediumAvailability": {
        "T10": {
            "st": [
                0.00032593247746296025,
                0.0,
                0.0047055244525726824,
                0.9966521261808874
            ],
            "conf": [
                7.534850939876756e-05,
                0.0,
                0.000776466879145331,
                0.08698741039582243
            ]
        }
    },
    "meanResponseGSlowAvailability": {
        "T10": {
            "st": [
                0.00040711462686341044,
                0.0,
                0.00872105572366907,
                0.9948188948375568
            ],
            "conf": [
                8.86447088459345e-05,
                0.0,
                0.001537740980182419,
                0.07218091412788662
            ]
        }
    }
}