{
    "meanAvailabilityFromY": {
        "EndingNMean": {
            "st": [
                0.0011510365494792447,
                6.590682589094401e-06,
                0.0,
                0.9979438379379606
            ],
            "conf": [
                0.00017994802991280366,
                1.5369793433388816e-06,
                0.0,
                0.07150100580363024
            ]
        }
    },
    "loadFromY": {
        "EndingNMean": {
            "st": [
                0.9999273967943121,
                0.0,
                0.0,
                0.0
            ],
            "conf": [
                0.09898933086414398,
                0.0,
                0.0,
                0.0
            ]
        }
    },
    "meanResponseP1Availability": {
        "EndingNMean": {
            "st": [
                0.0032697018532130986,
                3.569032160291384e-05,
                0.0,
                0.9981923423612532
            ],
            "conf": [
                0.0006736093122758569,
                1.3791651924820887e-05,
                0.0,
                0.09034536036210088
            ]
        }
    },
    "meanResponseP2Availability": {
        "EndingNMean": {
            "st": [
                0.0025124667297385223,
                2.3297220493678594e-05,
                0.0,
                0.9976278446548684
            ],
            "conf": [
                0.00039934610805471705,
                5.193788566043307e-06,
                0.0,
                0.0798961078251575
            ]
        }
    },
    "meanResponseP3Availability": {
        "EndingNMean": {
            "st": [
                0.0039328226820064295,
                2.5007156241418247e-05,
                0.0,
                0.9943545017493781
            ],
            "conf": [
                0.0007713432384743657,
                5.914212259957234e-06,
                0.0,
                0.08422420977568706
            ]
        }
    }
}