{
    "meanLatencyFromY": {
        "EndingNMean": {
            "st": [
                0.05403021862476003,
                0.06226428623133136,
                0.13965793456654912,
                0.8309661878967111
            ],
            "conf": [
                0.016207193791612024,
                0.031600816706337756,
                0.035626625360971075,
                0.14152382199102947
            ]
        }
    },
    "meanAvailabilityFromY": {
        "EndingNMean": {
            "st": [
                0.035888796011831925,
                0.04295473462458835,
                0.5805989670018123,
                0.454816552860995
            ],
            "conf": [
                0.012545691311805248,
                0.02325074823568212,
                0.11421309137187398,
                0.11146741364733181
            ]
        }
    }
}