{
    "meanAvailabilityFromY": {
        "T10": {
            "st": [
                0.8596684690352526,
                0.8419859511484605,
                0.7579538966722335,
                0.9122992399270139
            ],
            "conf": [
                0.1165788600659922,
                0.11017834852886868,
                0.0951609038859243,
                0.1130195670525303
            ]
        }
    },
    "loadFromY": {
        "T10": {
            "st": [
                0.3561105198811093,
                0.00040735305314517945,
                0.00040540221284843714,
                0.6773978907130975
            ],
            "conf": [
                0.05550910275271374,
                5.99953673839314e-05,
                7.44438373735026e-05,
                0.08090973521568982
            ]
        }
    },
    "meanResponseP1Availability": {
        "T10": {
            "st": [
                0.9007138525046354,
                0.896811513127688,
                0.8414409858987529,
                0.9086736109120511
            ],
            "conf": [
                0.09506530635034775,
                0.11233947726460272,
                0.10009750414712691,
                0.120965970459992
            ]
        }
    },
    "meanResponseP2Availability": {
        "T10": {
            "st": [
                0.9014938075523719,
                0.9001579495203131,
                0.8595283889871346,
                0.927735093491584
            ],
            "conf": [
                0.12401970933637323,
                0.12640071140127135,
                0.11062636438060132,
                0.10894516007813965
            ]
        }
    },
    "meanResponseP3Availability": {
        "T10": {
            "st": [
                0.9161306895826439,
                0.8936883527425104,
                0.8535469358947665,
                0.8575344735890594
            ],
            "conf": [
                0.14707009106812038,
                0.10781957090634858,
                0.1261770398159269,
                0.13018908685324937
            ]
        }
    }
}