{
    "meanAvailabilityFromY": {
        "T10": {
            "st": 0.9122992399270139,
            "conf": 0.1130195670525303
        }
    },
    "loadFromY": {
        "T10": {
            "st": 0.6773978907130975,
            "conf": 0.08090973521568982
        }
    },
    "meanResponseP1Availability": {
        "T10": {
            "st": 0.9086736109120511,
            "conf": 0.120965970459992
        }
    },
    "meanResponseP2Availability": {
        "T10": {
            "st": 0.927735093491584,
            "conf": 0.10894516007813965
        }
    },
    "meanResponseP3Availability": {
        "T10": {
            "st": 0.8575344735890594,
            "conf": 0.13018908685324937
        }
    }
}