{
    "meanLatencyFromY": {
        "CrossCorr": [
            9.931587203063612e-08,
            9.999704167245916e-08,
            0.16071555328440046,
            2.918172941201334e-07,
            0.0006620947680349007
        ],
        "TimeSeriesCrossCorr": [
            9.931587203063778e-08,
            9.999704167244696e-08,
            0.16071555328440046,
            2.9181729412013675e-07,
            0.000662094768034901
        ],
        "TimeSeriesCrossCorrOffset": [
            0.0,
            0.0,
            0.0,
            0.0,
            0.0
        ],
        "EndingNMean": [
            9.882017811282837e-06,
            1.2668962166797856e-05,
            1.6717138384475024e-05,
            1.1440887038342229e-05,
            0.8661159893699478
        ],
        "EndingNSlope": [
            0.9847147909921498,
            0.9936431668235132,
            0.6707101162885436,
            0.8802149535626691,
            0.9361863858214967
        ],
        "StartEndMeanDiff": [
            0.5202537587723263,
            0.6923666184664613,
            0.453251575508623,
            0.7402029384859672,
            1.0612852569455515
        ],
        "M0": [
            1.0237722959639378e-05,
            7.109646765243692e-06,
            0.6105366260295167,
            1.0558130167203662e-05,
            1.7618752214803871e-06
        ],
        "M1": [
            1.3431963981302838e-05,
            2.015486271381804e-05,
            1.1643938114934547e-05,
            1.0555711407829005e-05,
            0.869055090598686
        ],
        "M2": [
            1.0101540439602575e-05,
            2.709572610307965e-06,
            1.2808073042640614e-05,
            1.4319148499219899e-05,
            0.25316550919413583
        ],
        "M3": [
            0.27995673117210984,
            8.38496135610972e-06,
            5.637640275655842e-05,
            5.051750371998039e-06,
            0.34602059423747394
        ],
        "M4": [
            0.7326738192284453,
            1.8676981620888532e-06,
            6.094675344140715e-07,
            3.3795414360817094e-06,
            0.36964248055549614
        ],
        "M5": [
            0.5773250805217826,
            2.00405900720439e-05,
            4.773752715155703e-07,
            4.200557077136628e-06,
            0.5991094466605451
        ],
        "S0": [
            0.0005134593452864779,
            0.0006177032978083771,
            0.6360372965741155,
            0.000991895243086041,
            0.935501771630799
        ],
        "S1": [
            0.24640969443689306,
            0.1771381531359037,
            0.6695871900776744,
            0.16795011579609972,
            1.2465807663945594
        ],
        "S2": [
            2.018336468099425,
            5.088927410726374,
            1.1105487678391344,
            1.9860136930308412,
            3.5288461884076643
        ],
        "S3": [
            0.9960885713674444,
            2.041403517166299,
            2.128798896266411,
            0.9107749976867163,
            0.5069324779496234
        ],
        "S4": [
            1.9176106018005439,
            1.75589972029849,
            8.720882292299038,
            6.145040840159454,
            2.578545888799064
        ],
        "S5": [
            0.5213829872148066,
            0.15137729230501926,
            0.3759698942840151,
            0.39088268092745243,
            0.5890653793387344
        ]
    },
    "meanAvailabilityFromY": {
        "CrossCorr": [
            0.03978923235805559,
            0.014103604734731812,
            0.41870254047589733,
            0.009457892704828377,
            0.7545507747230799
        ],
        "TimeSeriesCrossCorr": [
            0.033982103176969244,
            0.06747690520518004,
            0.5584970092495625,
            0.005691553869114071,
            0.8022298479336428
        ],
        "TimeSeriesCrossCorrOffset": [
            0.23809523809523808,
            0.3366174055829229,
            0.6321839080459771,
            0.35303776683087035,
            0.7060755336617407
        ],
        "EndingNMean": [
            0.0006467266482505517,
            0.0002205345390160286,
            0.000711492770765306,
            0.5700593335346655,
            0.3584320108743305
        ],
        "EndingNSlope": [
            0.786874075617456,
            1.3378456791176472,
            0.8925899404611749,
            1.5330865799501745,
            1.397268658472965
        ],
        "StartEndMeanDiff": [
            2.388145509536286,
            1.740761820743466,
            2.538587379398805,
            2.778637174357394,
            1.2129717257800112
        ],
        "M0": [
            0.0005176233817131054,
            0.00031030981929578273,
            0.8190398070213749,
            0.5742219543537456,
            0.00029617501195087126
        ],
        "M1": [
            0.0005223248995970304,
            0.0011337527189995943,
            0.00031603497845330967,
            0.5772255163338955,
            0.37191811286392756
        ],
        "M2": [
            0.00038142582668462593,
            0.0008418288233918802,
            0.00034282360697084606,
            0.3252726174862248,
            0.010243815377344917
        ],
        "M3": [
            0.4402907620841926,
            0.0003164023636641129,
            7.950860719030038e-05,
            0.4234864925921203,
            0.0066026352506438095
        ],
        "M4": [
            0.8374332287768224,
            0.00013514426188229175,
            0.00022044366942148677,
            0.6501290901396124,
            0.010848764361190448
        ],
        "M5": [
            1.3031136849481244,
            0.0005258240611622477,
            6.684963607081845e-05,
            0.40676695668369234,
            0.03203849260035469
        ],
        "S0": [
            0.015206740675819692,
            0.004834629488153088,
            0.5540746200054169,
            0.2585305775002496,
            0.3817784610047287
        ],
        "S1": [
            0.3722410611633446,
            0.24229570557205002,
            0.8083714801645552,
            1.0791098514306827,
            0.49969319817698166
        ],
        "S2": [
            0.43222943422423693,
            0.3025890661290208,
            4.987442618259736,
            1.7009303420764454,
            1.901416540248521
        ],
        "S3": [
            1.3693382973390364,
            0.5373177860801429,
            0.7021571889501094,
            0.7495205132877838,
            1.3729929699637942
        ],
        "S4": [
            1.0930497519437337,
            2.165058080336712,
            0.8517844299258421,
            1.4203287208562652,
            1.5303789446709521
        ],
        "S5": [
            1.9353578058003462,
            1.2469428907192088,
            0.46744258457858096,
            0.10046940027856295,
            1.315366003343194
        ]
    }
}