{
    "meanLatencyFromY": {
        "T10": {
            "st": [
                0.9781705197376769,
                0.0,
                0.0,
                0.012766548834754447
            ],
            "conf": [
                0.0859627782738438,
                0.0,
                0.0,
                0.003353893552172539
            ]
        }
    },
    "meanAvailabilityFromY": {
        "T10": {
            "st": [
                0.024497281558491804,
                0.0,
                0.5101697113206624,
                0.4726322578390765
            ],
            "conf": [
                0.004122221163626631,
                0.0,
                0.07505043424692803,
                0.07438656636155332
            ]
        }
    },
    "meanResponseGFastLatency": {
        "T10": {
            "st": [
                0.9049451056737756,
                0.0,
                1.081003556597971e-05,
                0.058540571534799815
            ],
            "conf": [
                0.09070225721529449,
                0.0,
                3.5480281708150927e-06,
                0.016659730206114026
            ]
        }
    },
    "meanResponseGMediumLatency": {
        "T10": {
            "st": [
                0.9285264286401127,
                0.0,
                1.6123389139814266e-05,
                0.057240830116010506
            ],
            "conf": [
                0.08533364345229505,
                0.0,
                5.369692889912748e-06,
                0.016211144996164408
            ]
        }
    },
    "meanResponseGSlowLatency": {
        "T10": {
            "st": [
                0.9697186177268611,
                0.0,
                4.359003122391221e-05,
                0.05486524986476653
            ],
            "conf": [
                0.08564779463873431,
                0.0,
                1.2703985196837544e-05,
                0.01549035397370857
            ]
        }
    },
    "meanResponseGFastAvailability": {
        "T10": {
            "st": [
                0.023803879143689602,
                0.0,
                0.11439302699651076,
                0.8730486175252622
            ],
            "conf": [
                0.004837708031796135,
                0.0,
                0.026503343662055843,
                0.08946092408234234
            ]
        }
    },
    "meanResponseGMediumAvailability": {
        "T10": {
            "st": [
                0.17049196755639404,
                0.0,
                0.7953976741516633,
                0.08679795016564984
            ],
            "conf": [
                0.026419211916641813,
                0.0,
                0.09762525656026069,
                0.02264006847443567
            ]
        }
    },
    "meanResponseGSlowAvailability": {
        "T10": {
            "st": [
                0.07544085952448186,
                0.0,
                0.9944664357316259,
                0.00036799487700391444
            ],
            "conf": [
                0.012410101289359689,
                0.0,
                0.09372056503677013,
                0.0001489311246775628
            ]
        }
    }
}