{
    "meanAvailabilityFromY": {
        "EndingNMean": {
            "st": [
                0.005599009769290981,
                2.3969716923549203e-05,
                0.0,
                0.9987917274663761
            ],
            "conf": [
                0.0009891415844410557,
                6.100462979657132e-06,
                0.0,
                0.08852554970349422
            ]
        }
    },
    "loadFromY": {
        "EndingNMean": {
            "st": [
                0.9999273967943121,
                0.0,
                0.0,
                0.0
            ],
            "conf": [
                0.09369822186309885,
                0.0,
                0.0,
                0.0
            ]
        }
    },
    "meanResponseP1Availability": {
        "EndingNMean": {
            "st": [
                0.01801850560485742,
                0.00012177030348211613,
                0.0,
                0.9950897361316131
            ],
            "conf": [
                0.0030618169662189653,
                3.870353895022895e-05,
                0.0,
                0.09032000390348394
            ]
        }
    },
    "meanResponseP2Availability": {
        "EndingNMean": {
            "st": [
                0.009766997556162971,
                7.736173054862049e-05,
                0.0,
                1.0001344965420578
            ],
            "conf": [
                0.0017703005489441224,
                1.4605816968183015e-05,
                0.0,
                0.08564509470398864
            ]
        }
    },
    "meanResponseP3Availability": {
        "EndingNMean": {
            "st": [
                0.013506392202350372,
                9.794802192140644e-05,
                0.0,
                0.9895994197174197
            ],
            "conf": [
                0.0024152019343308888,
                2.309816356819121e-05,
                0.0,
                0.08323197932860084
            ]
        }
    }
}