{
    "meanLatencyFromY": {
        "EndingNMean": {
            "st": [
                0.24042396117302772,
                0.0,
                0.0,
                0.7411247117088885
            ],
            "conf": [
                0.05961288411995178,
                0.0,
                0.0,
                0.10157240388995159
            ]
        }
    },
    "meanAvailabilityFromY": {
        "EndingNMean": {
            "st": [
                0.005252071193347125,
                0.0,
                0.25548566897992875,
                0.972384682341524
            ],
            "conf": [
                0.0020846659131024004,
                0.0,
                0.10639819851904515,
                0.1748780870751952
            ]
        }
    },
    "meanResponseGFastLatency": {
        "EndingNMean": {
            "st": [
                0.10149047927905294,
                0.0,
                7.509497112971843e-05,
                1.0529975845153177
            ],
            "conf": [
                0.05770153590279916,
                0.0,
                6.712754387402673e-05,
                0.2519545483058863
            ]
        }
    },
    "meanResponseGMediumLatency": {
        "EndingNMean": {
            "st": [
                0.00693164238387966,
                0.0,
                7.577348359039552e-06,
                0.9137113230411891
            ],
            "conf": [
                0.004440893270335899,
                0.0,
                5.246359844077613e-06,
                0.1811273342691152
            ]
        }
    },
    "meanResponseGSlowLatency": {
        "EndingNMean": {
            "st": [
                0.002557220277093768,
                0.0,
                4.403819569668039e-06,
                0.9884848066540021
            ],
            "conf": [
                0.0010919974063383373,
                0.0,
                2.28524792294949e-06,
                0.12392790254798768
            ]
        }
    },
    "meanResponseGFastAvailability": {
        "EndingNMean": {
            "st": [
                0.08413917961372415,
                0.0,
                0.23632237551298854,
                1.1107919509030102
            ],
            "conf": [
                0.06411962287768816,
                0.0,
                0.13220138767538175,
                0.4377156342279981
            ]
        }
    },
    "meanResponseGMediumAvailability": {
        "EndingNMean": {
            "st": [
                0.014701619738694377,
                0.0,
                0.21048180800759939,
                0.9866455991223375
            ],
            "conf": [
                0.008983104986871231,
                0.0,
                0.09918960858226489,
                0.2697402820254791
            ]
        }
    },
    "meanResponseGSlowAvailability": {
        "EndingNMean": {
            "st": [
                0.00526756579288017,
                0.0,
                0.2625932068311393,
                0.9666111157360572
            ],
            "conf": [
                0.002308728922560701,
                0.0,
                0.11146558239640486,
                0.2291739247511892
            ]
        }
    }
}