{
    "meanAvailabilityFromY": {
        "EndingNMean": [
            0.24590855367412687,
            0.12256877720765195,
            0.08351823846389383,
            0.09684706144530321,
            0.1546613083302542
        ]
    },
    "loadFromY": {
        "EndingNMean": [
            0.49344225728432684,
            0.18144259217064992,
            0.06294402319597545,
            0.0025194296662878106,
            0.5901297677515002
        ]
    }
}