{
    "meanAvailabilityFromY": {
        "CrossCorr": [
            0.07025568372174823,
            0.025891667291064742,
            0.016030291225960714,
            0.752255686847873,
            0.54862154962515
        ],
        "TimeSeriesCrossCorr": [
            0.18662595328229215,
            0.10061089526297123,
            0.06862570051877274,
            0.7430907197623903,
            0.564026012466377
        ],
        "TimeSeriesCrossCorrOffset": [
            0.6217238291343209,
            0.4015537391840016,
            0.2977429713835921,
            0.49053439729863835,
            0.8898065811463673
        ],
        "EndingNMean": [
            0.24075337178092052,
            0.07388493983000266,
            0.04075169896332839,
            0.0202542914249703,
            0.5228670235295793
        ],
        "EndingNSlope": [
            0.9175553916834351,
            0.7018536038952604,
            0.7048840133996018,
            0.6901822679513385,
            0.8485582539257889
        ],
        "StartEndMeanDiff": [
            0.4673870810545766,
            0.3876160157365419,
            0.2845718852829831,
            0.5218884928641592,
            0.3286442364309075
        ],
        "M0": [
            0.43004628925573074,
            0.18392396586366655,
            0.056142720556027474,
            0.45586451494145724,
            0.005551906063336112
        ],
        "M1": [
            0.9717696126617167,
            0.020085195033679375,
            0.010249043463027204,
            0.019547451687049563,
            0.017371236503000285
        ],
        "M2": [
            1.0986261119948506,
            0.0018562536953519772,
            0.001699382459090731,
            0.0008868675263916084,
            0.0397789702067825
        ],
        "M3": [
            0.9583878337036935,
            0.0011116709916691777,
            0.0007336781386181656,
            0.001052586231068837,
            0.042279862811322115
        ],
        "M4": [
            0.9792890654826997,
            0.0006012754426287082,
            0.0008483707015627971,
            0.0012741103157613263,
            0.05126919086144549
        ],
        "M5": [
            0.928439511478163,
            0.0017440193504551715,
            0.0010136130984080107,
            0.0010040671021298874,
            0.060448667572879033
        ],
        "S0": [
            0.41328363142817476,
            0.411187795562256,
            0.21033285269379584,
            0.5630627297779139,
            0.18265466062458496
        ],
        "S1": [
            0.5483943304623915,
            0.4607721314311361,
            0.26072799747057324,
            0.7595462852765408,
            0.5148022247042067
        ],
        "S2": [
            1.1428606998117317,
            0.7891215579960771,
            0.8413202465659638,
            0.8107277539077475,
            1.0637084180560354
        ],
        "S3": [
            1.4692790847625152,
            1.0175928505795162,
            1.0429658173265548,
            1.4467574110937915,
            1.011085166633565
        ],
        "S4": [
            2.2863730905982593,
            1.1396933575584303,
            1.3930402135990334,
            2.22338419187214,
            2.1024931335970782
        ],
        "S5": [
            1.0204851132694428,
            0.3499806303742418,
            0.675236787696439,
            0.7648501243437238,
            1.4643689983240276
        ]
    },
    "loadFromY": {
        "CrossCorr": [
            0.05804455232096444,
            0.07643898810402938,
            0.033410268326487344,
            0.12590310504978067,
            0.08673644181137198
        ],
        "TimeSeriesCrossCorr": [
            0.058044552320964414,
            0.07643898810402938,
            0.03328910815038604,
            0.12590310504978058,
            0.073973391090473
        ],
        "TimeSeriesCrossCorrOffset": [
            0.0,
            0.0,
            0.014029180695847352,
            0.0,
            0.014029180695847352
        ],
        "EndingNMean": [
            0.4983161189604588,
            0.18166233406197446,
            0.06029265416829582,
            0.002590783282336794,
            0.5889585976288194
        ],
        "EndingNSlope": [
            1.25999403411277,
            0.07054881048089098,
            0.10998386781859505,
            0.7017201983843704,
            0.8556084085651297
        ],
        "StartEndMeanDiff": [
            0.9710844965468138,
            0.08710131355651321,
            0.12471166610752031,
            0.85143461360945,
            0.5697484315047052
        ],
        "M0": [
            0.42990916259282297,
            0.14497026504602284,
            0.025899940413269585,
            0.5604541043095268,
            0.00021100921342926527
        ],
        "M1": [
            0.6097487035869938,
            0.19787605284157678,
            0.01922262270420923,
            0.00017361312545985855,
            0.4456101662865981
        ],
        "M2": [
            0.9640136310456625,
            0.030550433252538776,
            0.008072360030216766,
            0.00022392599981866168,
            0.3924897121405771
        ],
        "M3": [
            0.8909644824167894,
            0.0025397585346333676,
            0.00017059559260398994,
            0.00014521148434307543,
            0.2369534888138002
        ],
        "M4": [
            1.129730061331802,
            0.0009551366923324038,
            0.0002435254174990713,
            0.00035544918232590885,
            0.25772946815863
        ],
        "M5": [
            1.1720582727994575,
            0.002112257746058213,
            0.0002721489931427152,
            9.313410194997806e-05,
            0.32203513973643055
        ],
        "S0": [
            0.21914896027818334,
            0.04575602804933712,
            0.04678803328763216,
            0.45816628516467517,
            0.6847834035308487
        ],
        "S1": [
            0.5460003504746936,
            0.40470360113984877,
            0.5749795577046869,
            0.4702512498829484,
            0.9140183119055748
        ],
        "S2": [
            1.1277118191384736,
            1.2522202811374845,
            1.3934206430642697,
            1.2430422576122437,
            1.57468660768778
        ],
        "S3": [
            0.6865433282775579,
            1.1181150266378814,
            0.4250231312290604,
            0.7902038264152902,
            0.41258990699827564
        ],
        "S4": [
            0.753328238748341,
            1.1128182439769942,
            0.731528777701806,
            1.012106342758316,
            0.4398503800828541
        ],
        "S5": [
            0.9439637069058704,
            1.269895231580537,
            0.9390128483032172,
            0.9768044023034697,
            0.5898122881960806
        ]
    }
}