{
    "meanAvailabilityFromY": {
        "EndingNMean": [
            0.24075337178092052,
            0.07388493983000266,
            0.04075169896332839,
            0.0202542914249703,
            0.5228670235295793
        ]
    },
    "loadFromY": {
        "EndingNMean": [
            0.4983161189604588,
            0.18166233406197446,
            0.06029265416829582,
            0.002590783282336794,
            0.5889585976288194
        ]
    }
}