{
    "meanLatencyFromY": {
        "T10": {
            "st": [
                6.1037177391717586e-06,
                0.0,
                0.0,
                0.9974302599585602
            ],
            "conf": [
                1.9574504827694117e-06,
                0.0,
                0.0,
                0.1750647775652076
            ]
        }
    },
    "meanAvailabilityFromY": {
        "T10": {
            "st": [
                0.00013252528104669897,
                0.0,
                0.004921059297431801,
                1.0018393549840845
            ],
            "conf": [
                7.341928896894964e-05,
                0.0,
                0.001978265064738146,
                0.18373777126896637
            ]
        }
    },
    "meanResponseGFastLatency": {
        "T10": {
            "st": [
                3.000953851472266e-05,
                0.0,
                1.0192791869263748e-09,
                0.998846976561851
            ],
            "conf": [
                8.6759521639672e-06,
                0.0,
                3.7892149130397185e-10,
                0.17772583943673592
            ]
        }
    },
    "meanResponseGMediumLatency": {
        "T10": {
            "st": [
                1.4322908044202677e-05,
                0.0,
                1.3541624024800045e-09,
                0.9968306240830955
            ],
            "conf": [
                5.436654241470627e-06,
                0.0,
                4.676099587767515e-10,
                0.14452756194478958
            ]
        }
    },
    "meanResponseGSlowLatency": {
        "T10": {
            "st": [
                2.5137780015346255e-05,
                0.0,
                1.6728749207662352e-09,
                0.9968687242540462
            ],
            "conf": [
                7.580201735051485e-06,
                0.0,
                6.512866229228349e-10,
                0.17576458301191927
            ]
        }
    },
    "meanResponseGFastAvailability": {
        "T10": {
            "st": [
                0.00029942449649712793,
                0.0,
                0.0027333397186578407,
                1.0199606563364911
            ],
            "conf": [
                0.0001654128156055462,
                0.0,
                0.0007652924601890895,
                0.16061729555696422
            ]
        }
    },
    "meanResponseGMediumAvailability": {
        "T10": {
            "st": [
                0.00038312321256945626,
                0.0,
                0.004509277144970712,
                1.0038904418595562
            ],
            "conf": [
                0.00019638182385374307,
                0.0,
                0.0016712977833272067,
                0.19432038300747573
            ]
        }
    },
    "meanResponseGSlowAvailability": {
        "T10": {
            "st": [
                0.00042419747320186513,
                0.0,
                0.00868756911775148,
                0.9661741114344987
            ],
            "conf": [
                0.00019539068665188502,
                0.0,
                0.0031407569512637884,
                0.18916759688031964
            ]
        }
    }
}