{
    "meanLatencyFromY": {
        "T10": {
            "st": [
                6.1037177391717586e-06,
                0.0,
                0.0,
                0.9974302599585602
            ],
            "conf": [
                1.7194126730785728e-06,
                0.0,
                0.0,
                0.18671343046040503
            ]
        }
    },
    "meanAvailabilityFromY": {
        "T10": {
            "st": [
                0.00013252528104669897,
                0.0,
                0.004921059297431801,
                1.0018393549840845
            ],
            "conf": [
                7.040474331222611e-05,
                0.0,
                0.0018723281835135704,
                0.17738209761235388
            ]
        }
    },
    "meanResponseGFastLatency": {
        "T10": {
            "st": [
                3.000953851472266e-05,
                0.0,
                1.0192791869263748e-09,
                0.998846976561851
            ],
            "conf": [
                8.375387828166278e-06,
                0.0,
                3.593263004278273e-10,
                0.18260727415499856
            ]
        }
    },
    "meanResponseGMediumLatency": {
        "T10": {
            "st": [
                1.4322908044202677e-05,
                0.0,
                1.3541624024800045e-09,
                0.9968306240830955
            ],
            "conf": [
                5.2505979570725775e-06,
                0.0,
                5.104323386171124e-10,
                0.15906557692294412
            ]
        }
    },
    "meanResponseGSlowLatency": {
        "T10": {
            "st": [
                2.5137780015346255e-05,
                0.0,
                1.6728749207662352e-09,
                0.9968687242540462
            ],
            "conf": [
                7.362662756200788e-06,
                0.0,
                6.175884699207429e-10,
                0.16911162969944765
            ]
        }
    },
    "meanResponseGFastAvailability": {
        "T10": {
            "st": [
                0.00029942449649712793,
                0.0,
                0.0027333397186578407,
                1.0199606563364911
            ],
            "conf": [
                0.00017547328824839143,
                0.0,
                0.0008843796478651198,
                0.16519381815256232
            ]
        }
    },
    "meanResponseGMediumAvailability": {
        "T10": {
            "st": [
                0.00038312321256945626,
                0.0,
                0.004509277144970712,
                1.0038904418595562
            ],
            "conf": [
                0.00017881033414539942,
                0.0,
                0.0015405542731148074,
                0.19207760222824535
            ]
        }
    },
    "meanResponseGSlowAvailability": {
        "T10": {
            "st": [
                0.00042419747320186513,
                0.0,
                0.00868756911775148,
                0.9661741114344987
            ],
            "conf": [
                0.00020150865506382454,
                0.0,
                0.003103838187570577,
                0.17271974912793958
            ]
        }
    }
}