{
    "meanLatencyFromY": {
        "T10": {
            "st": [
                1.0197200750508928,
                0.0,
                0.0,
                0.009741103827279367
            ],
            "conf": [
                0.09505923798173108,
                0.0,
                0.0,
                0.0030223512109730528
            ]
        }
    },
    "meanAvailabilityFromY": {
        "T10": {
            "st": [
                0.9961473935837898,
                0.0003061950870987158,
                0.06185451694064363,
                0.027279992114726974
            ],
            "conf": [
                0.09840476750606736,
                0.00016667251116204594,
                0.009221987334488707,
                0.004584197486993613
            ]
        }
    },
    "meanResponseGFastLatency": {
        "T10": {
            "st": [
                0.9974757250241058,
                0.0,
                3.354623229693921e-06,
                0.058126855563362945
            ],
            "conf": [
                0.08515828810346135,
                0.0,
                8.233167373270185e-07,
                0.01713528492278908
            ]
        }
    },
    "meanResponseGMediumLatency": {
        "T10": {
            "st": [
                1.0122742534167755,
                0.0,
                7.822059397506613e-06,
                0.05381928004227743
            ],
            "conf": [
                0.09231026957749132,
                0.0,
                2.0162913016017235e-06,
                0.01473384186029807
            ]
        }
    },
    "meanResponseGSlowLatency": {
        "T10": {
            "st": [
                1.0052693923847775,
                0.0,
                8.098368840366672e-06,
                0.05600756596529383
            ],
            "conf": [
                0.09813655125584551,
                0.0,
                2.15097735265561e-06,
                0.016319618870343142
            ]
        }
    },
    "meanResponseGFastAvailability": {
        "T10": {
            "st": [
                0.9898039695956837,
                0.0001477965466032772,
                0.02990101967075349,
                0.012646884287792244
            ],
            "conf": [
                0.09140714334299307,
                7.986190866884564e-05,
                0.004361771047834381,
                0.001965282329746298
            ]
        }
    },
    "meanResponseGMediumAvailability": {
        "T10": {
            "st": [
                0.9826240985259718,
                0.00019498340733397625,
                0.06860163964489223,
                0.022068605630695334
            ],
            "conf": [
                0.09996906992039319,
                0.00021280929119752017,
                0.011497152933358736,
                0.0032750678194251835
            ]
        }
    },
    "meanResponseGSlowAvailability": {
        "T10": {
            "st": [
                0.9886075609903103,
                0.00025512771710695114,
                0.12039130692866984,
                0.021666657428803086
            ],
            "conf": [
                0.10134806950745777,
                0.000190517262293874,
                0.02323910077708547,
                0.003983016701738075
            ]
        }
    }
}