{
    "meanLatencyFromY": {
        "EndingNMean": [
            0.08076301951980124,
            0.061995945867537705,
            0.015128954048193812,
            0.09362371281759216,
            0.8549718688975413
        ]
    },
    "meanAvailabilityFromY": {
        "EndingNMean": [
            0.050927654819479765,
            0.008471580868155531,
            0.022464675638645123,
            0.38815825172133317,
            0.5901540792348621
        ]
    }
}