{
    "meanLatencyFromY": {
        "CrossCorr": [
            0.09234077454824106,
            0.11455001630349068,
            0.8040604770583596,
            0.1039850137898649,
            0.6706239143475411
        ],
        "TimeSeriesCrossCorr": [
            0.06881846749854142,
            0.2488718455017895,
            0.9001263335590687,
            0.1040451842689649,
            0.4966799927084325
        ],
        "TimeSeriesCrossCorrOffset": [
            0.32910673415860603,
            0.11192970146510965,
            0.5521308408092349,
            0.4143069546768238,
            0.9154847224310463
        ],
        "EndingNMean": [
            0.08076301951980124,
            0.061995945867537705,
            0.015128954048193812,
            0.09362371281759216,
            0.8549718688975413
        ],
        "EndingNSlope": [
            0.6784730412494555,
            0.0352190387776614,
            0.5237629254863155,
            0.13620103667617092,
            0.536477616072459
        ],
        "StartEndMeanDiff": [
            0.3563523078906876,
            0.07635555437274107,
            0.6431208604411137,
            0.21793447068004268,
            0.2359113242347654
        ],
        "M0": [
            0.02933907899397331,
            0.06005113728319983,
            0.8944102213951739,
            0.039326934566756996,
            0.00023864684723347632
        ],
        "M1": [
            0.3579119060022383,
            0.059557053397115665,
            0.048593372689115656,
            0.11171399927565533,
            0.5682755094541645
        ],
        "M2": [
            0.879614799313128,
            0.005895630737284479,
            0.0004566169220784753,
            0.026209147746457016,
            0.3434893900315885
        ],
        "M3": [
            0.9086937205675135,
            0.0002652309378942143,
            0.0001770002890453873,
            0.01821316830198718,
            0.29948287416359315
        ],
        "M4": [
            0.9610748425782445,
            0.0002040298684210207,
            0.0002224540016888739,
            0.02040507307200387,
            0.2710314075502862
        ],
        "M5": [
            0.9321530425756163,
            8.989827384668807e-05,
            0.00011157220239944484,
            0.010775436536533858,
            0.2931601818214083
        ],
        "S0": [
            0.039329002245817535,
            0.019886963692615257,
            0.5249226734031512,
            0.14381780232985614,
            0.453508443693603
        ],
        "S1": [
            0.28425085916113574,
            0.04849860790606714,
            0.513587396296196,
            0.24176301272099396,
            0.6599056040686171
        ],
        "S2": [
            0.6769799363808228,
            0.7826329206169894,
            0.7834450566723761,
            0.792253124644757,
            1.0457460036729074
        ],
        "S3": [
            1.0162307025912274,
            1.0406594045606035,
            0.6558975541944262,
            0.7323340412369441,
            0.8569607544782443
        ],
        "S4": [
            0.9998397192313887,
            1.2474353636701465,
            0.848614591623783,
            0.600125940518719,
            1.042064332488853
        ],
        "S5": [
            0.41732457015623753,
            0.22322121098706355,
            0.41834205192834034,
            0.3464454597136339,
            0.5353345793463827
        ]
    },
    "meanAvailabilityFromY": {
        "CrossCorr": [
            0.05072362608273789,
            0.07907811797944214,
            0.6747524289626231,
            0.13990871966394836,
            0.7053494839059201
        ],
        "TimeSeriesCrossCorr": [
            0.06366557486266525,
            0.13816188166884252,
            0.6926632792472055,
            0.14362155554770237,
            0.6924972702745159
        ],
        "TimeSeriesCrossCorrOffset": [
            0.38306418957223143,
            0.27940199873661703,
            0.3773951635109088,
            0.5013038759941043,
            0.9661640130225628
        ],
        "EndingNMean": [
            0.050927654819479765,
            0.008471580868155531,
            0.022464675638645123,
            0.38815825172133317,
            0.5901540792348621
        ],
        "EndingNSlope": [
            0.6984141678559044,
            0.07391115400842735,
            0.5887400633940151,
            0.20119146193676762,
            0.6217862538646161
        ],
        "StartEndMeanDiff": [
            0.45868727345422433,
            0.14089377313523166,
            0.796604901726398,
            0.33486947169274817,
            0.35737880016326423
        ],
        "M0": [
            0.011416918889551396,
            0.016766779522990726,
            0.6909778766448718,
            0.45146602445003464,
            0.0004950114886258589
        ],
        "M1": [
            0.3094760529813449,
            0.008265236961013321,
            0.044189768269190334,
            0.3728651953299107,
            0.3531501523005731
        ],
        "M2": [
            0.7930878827653404,
            0.0005718503727250003,
            0.0004924019781843487,
            0.17722502201746143,
            0.32722358554048514
        ],
        "M3": [
            0.7782517489303368,
            0.0005006667578128246,
            0.00043612962953511154,
            0.15182554404513354,
            0.3612260453278017
        ],
        "M4": [
            0.8373376318134468,
            0.0002839327378908626,
            0.0010505501834432536,
            0.18162003379606567,
            0.3583882683706015
        ],
        "M5": [
            0.8350911804523276,
            0.00036418824627691855,
            0.0003279000539410198,
            0.15062133047513104,
            0.4282890842719491
        ],
        "S0": [
            0.09418176682807956,
            0.05638348261644335,
            0.6621675535846719,
            0.4699294861393882,
            0.49280260003780263
        ],
        "S1": [
            0.2738181930562924,
            0.05702418649678526,
            0.4829511150293404,
            0.25589169612734225,
            0.6801623385395944
        ],
        "S2": [
            0.6128372107156258,
            0.9822343443809421,
            0.7538032086411165,
            0.5194296465810089,
            1.184052919270278
        ],
        "S3": [
            1.0130997089205733,
            0.8730180212844711,
            0.9883534174030557,
            1.064956871653712,
            1.0493012925114467
        ],
        "S4": [
            1.3494288172143887,
            0.8174547613882858,
            1.119410522066032,
            0.990464797055572,
            1.856680357991997
        ],
        "S5": [
            0.6541980615247499,
            0.5189586218762983,
            1.8700356226504689,
            0.4908250660046126,
            1.137920841720557
        ]
    }
}