{
    "meanLatencyFromY": {
        "EndingNMean": [
            0.05201655177341306,
            0.07676691583676433,
            0.061716633043428726,
            0.15560934292002807,
            0.8122509345661587
        ]
    },
    "meanAvailabilityFromY": {
        "EndingNMean": [
            0.03145799536486901,
            0.009647391127241155,
            0.05729847961492697,
            0.5044059353467283,
            0.46830721428827415
        ]
    }
}