{
    "meanLatencyFromY": {
        "CrossCorr": [
            0.09234077454824106,
            0.11455001630349068,
            0.8040604770583596,
            0.1039850137898649,
            0.6706239143475411
        ],
        "TimeSeriesCrossCorr": [
            0.06881846749854142,
            0.2488718455017895,
            0.9001263335590687,
            0.1040451842689649,
            0.4966799927084325
        ],
        "TimeSeriesCrossCorrOffset": [
            0.32910673415860603,
            0.11192970146510965,
            0.5521308408092349,
            0.4143069546768238,
            0.9154847224310463
        ],
        "EndingNMean": [
            0.08076301951980124,
            0.061995945867537705,
            0.015128954048193812,
            0.09362371281759216,
            0.8549718688975413
        ],
        "EndingNSlope": [
            0.6784730412494555,
            0.0352190387776614,
            0.5237629254863155,
            0.13620103667617092,
            0.536477616072459
        ],
        "StartEndMeanDiff": [
            0.3563523078906876,
            0.07635555437274107,
            0.6431208604411137,
            0.21793447068004268,
            0.2359113242347654
        ]
    },
    "meanAvailabilityFromY": {
        "CrossCorr": [
            0.05072362608273789,
            0.07907811797944214,
            0.6747524289626231,
            0.13990871966394836,
            0.7053494839059201
        ],
        "TimeSeriesCrossCorr": [
            0.06366557486266525,
            0.13816188166884252,
            0.6926632792472055,
            0.14362155554770237,
            0.6924972702745159
        ],
        "TimeSeriesCrossCorrOffset": [
            0.38306418957223143,
            0.27940199873661703,
            0.3773951635109088,
            0.5013038759941043,
            0.9661640130225628
        ],
        "EndingNMean": [
            0.050927654819479765,
            0.008471580868155531,
            0.022464675638645123,
            0.38815825172133317,
            0.5901540792348621
        ],
        "EndingNSlope": [
            0.6984141678559044,
            0.07391115400842735,
            0.5887400633940151,
            0.20119146193676762,
            0.6217862538646161
        ],
        "StartEndMeanDiff": [
            0.45868727345422433,
            0.14089377313523166,
            0.796604901726398,
            0.33486947169274817,
            0.35737880016326423
        ]
    }
}