{
    "meanAvailabilityFromY": {
        "T10": {
            "st": [
                0.860778984303322,
                0.005298475116535973,
                0.025059311062379838,
                0.4599283021763845
            ],
            "conf": [
                0.08685963821398003,
                0.0007597739223738454,
                0.004332702647172263,
                0.04424297110950717
            ]
        }
    },
    "loadFromY": {
        "T10": {
            "st": [
                0.999988967504105,
                0.0,
                0.0,
                0.0
            ],
            "conf": [
                0.057966340725400564,
                0.0,
                0.0,
                0.0
            ]
        }
    },
    "meanResponseP1Availability": {
        "T10": {
            "st": [
                0.9745336934661072,
                0.0028969616899834788,
                0.014291394591641634,
                0.1508931487092446
            ],
            "conf": [
                0.06830338607825125,
                0.0003692475493540159,
                0.0017045223029124195,
                0.014389395962760133
            ]
        }
    },
    "meanResponseP2Availability": {
        "T10": {
            "st": [
                0.8650349215882116,
                0.005832948717837118,
                0.026712042332384108,
                0.2963219444119003
            ],
            "conf": [
                0.0770572956881991,
                0.0009384464538634791,
                0.0036813755576165694,
                0.029759037914123977
            ]
        }
    },
    "meanResponseP3Availability": {
        "T10": {
            "st": [
                0.7325593734003959,
                0.015498103310095119,
                0.07872031871701914,
                0.6564733952190229
            ],
            "conf": [
                0.06214450344837364,
                0.0022411667531268427,
                0.010004765640067812,
                0.06962777362915695
            ]
        }
    }
}