{
    "meanAvailabilityFromY": {
        "T10": {
            "st": [
                0.8193369884519768,
                0.7256117653406148,
                0.7581698796591814,
                0.9178518092242602
            ],
            "conf": [
                0.07108270465466142,
                0.06506613938549605,
                0.06650405494162188,
                0.08649510079107069
            ]
        }
    },
    "loadFromY": {
        "T10": {
            "st": [
                0.35692884792263424,
                0.00038932322417910715,
                0.00040700304217888893,
                0.6770414670330852
            ],
            "conf": [
                0.03590165920869417,
                4.346176161628688e-05,
                4.4898735725031356e-05,
                0.05564337098152588
            ]
        }
    },
    "meanResponseP1Availability": {
        "T10": {
            "st": [
                0.9034388399752001,
                0.8729056572977443,
                0.8903858251085149,
                0.858455794636509
            ],
            "conf": [
                0.09160848085304625,
                0.07354277253188347,
                0.08262496428617383,
                0.08683785975978742
            ]
        }
    },
    "meanResponseP2Availability": {
        "T10": {
            "st": [
                0.9035278077287523,
                0.8463130528107127,
                0.8037250137247319,
                0.9530684982103044
            ],
            "conf": [
                0.0790767064916443,
                0.08261478864058512,
                0.08045678820471103,
                0.0945023115686051
            ]
        }
    },
    "meanResponseP3Availability": {
        "T10": {
            "st": [
                0.9400590362371332,
                0.7876653249997971,
                0.8351147262951354,
                0.9208749737172821
            ],
            "conf": [
                0.07248477698296314,
                0.0680554868158429,
                0.06828782889354579,
                0.08901688888968554
            ]
        }
    }
}