{
    "meanAvailabilityFromY": {
        "T10": {
            "st": 0.9178518092242602,
            "conf": 0.08649510079107069
        }
    },
    "loadFromY": {
        "T10": {
            "st": 0.6770414670330852,
            "conf": 0.05564337098152588
        }
    },
    "meanResponseP1Availability": {
        "T10": {
            "st": 0.858455794636509,
            "conf": 0.08683785975978742
        }
    },
    "meanResponseP2Availability": {
        "T10": {
            "st": 0.9530684982103044,
            "conf": 0.0945023115686051
        }
    },
    "meanResponseP3Availability": {
        "T10": {
            "st": 0.9208749737172821,
            "conf": 0.08901688888968554
        }
    }
}