{
    "meanLatencyFromY": {
        "T10": {
            "st": [
                0.9331305601294603,
                0.0,
                0.0,
                0.01395873919474789
            ],
            "conf": [
                0.17948602372443498,
                0.0,
                0.0,
                0.010717442866078423
            ]
        }
    },
    "meanAvailabilityFromY": {
        "T10": {
            "st": [
                0.0007093649729291849,
                8.567083496910827e-08,
                0.004297766539839114,
                1.0053761318566763
            ],
            "conf": [
                0.0002425863016820232,
                8.558101067333712e-08,
                0.0016052508256620933,
                0.16521097019785255
            ]
        }
    },
    "meanResponseGFastLatency": {
        "T10": {
            "st": [
                0.8235633519873008,
                0.0,
                1.0665750009192522e-05,
                0.08656639603412478
            ],
            "conf": [
                0.1752362245499849,
                0.0,
                1.203083946472106e-05,
                0.04897977566693372
            ]
        }
    },
    "meanResponseGMediumLatency": {
        "T10": {
            "st": [
                0.8389609857019831,
                0.0,
                1.2814442869280995e-05,
                0.07136089422112525
            ],
            "conf": [
                0.14836216727769325,
                0.0,
                1.0381325144049249e-05,
                0.03876391366882331
            ]
        }
    },
    "meanResponseGSlowLatency": {
        "T10": {
            "st": [
                0.8267570244734727,
                0.0,
                3.4302774328220424e-05,
                0.07102011316137465
            ],
            "conf": [
                0.1866495229024615,
                0.0,
                2.3343742344162764e-05,
                0.039428854013931446
            ]
        }
    },
    "meanResponseGFastAvailability": {
        "T10": {
            "st": [
                0.002061164198369469,
                4.4712297869832615e-07,
                0.0028801042313167905,
                1.0177693639463081
            ],
            "conf": [
                0.0006552661542159901,
                6.857501672444455e-07,
                0.0009968035671917732,
                0.18064704813680293
            ]
        }
    },
    "meanResponseGMediumAvailability": {
        "T10": {
            "st": [
                0.002158722720402301,
                0.0,
                0.004163418679115676,
                1.0146321140550927
            ],
            "conf": [
                0.0006136666893416463,
                0.0,
                0.0015538843821195744,
                0.16815662972476952
            ]
        }
    },
    "meanResponseGSlowAvailability": {
        "T10": {
            "st": [
                0.0019154326014870027,
                3.3035652648498137e-07,
                0.0074540936337677555,
                0.9684561741790343
            ],
            "conf": [
                0.0008953064553500846,
                6.433802527533323e-07,
                0.0024992941905421302,
                0.19127743787525212
            ]
        }
    }
}