{
    "meanLatencyFromY": {
        "T10": {
            "st": [
                0.9331305601294603,
                0.0,
                0.0,
                0.01395873919474789
            ],
            "conf": [
                0.19884281941953544,
                0.0,
                0.0,
                0.009424789195643915
            ]
        }
    },
    "meanAvailabilityFromY": {
        "T10": {
            "st": [
                0.0007093649729291849,
                8.567083496910827e-08,
                0.004297766539839114,
                1.0053761318566763
            ],
            "conf": [
                0.00022091001517185997,
                1.0195648145191102e-07,
                0.0014264556635622283,
                0.1663675256588658
            ]
        }
    },
    "meanResponseGFastLatency": {
        "T10": {
            "st": [
                0.8235633519873008,
                0.0,
                1.0665750009192522e-05,
                0.08656639603412478
            ],
            "conf": [
                0.1802443294956378,
                0.0,
                1.4017284884174614e-05,
                0.047055145180861006
            ]
        }
    },
    "meanResponseGMediumLatency": {
        "T10": {
            "st": [
                0.8389609857019831,
                0.0,
                1.2814442869280995e-05,
                0.07136089422112525
            ],
            "conf": [
                0.1730301492255778,
                0.0,
                1.0767198481868916e-05,
                0.042078707508884566
            ]
        }
    },
    "meanResponseGSlowLatency": {
        "T10": {
            "st": [
                0.8267570244734727,
                0.0,
                3.4302774328220424e-05,
                0.07102011316137465
            ],
            "conf": [
                0.17448575246819653,
                0.0,
                2.2205181452396614e-05,
                0.037273503358123065
            ]
        }
    },
    "meanResponseGFastAvailability": {
        "T10": {
            "st": [
                0.002061164198369469,
                4.4712297869832615e-07,
                0.0028801042313167905,
                1.0177693639463081
            ],
            "conf": [
                0.0006195073544125416,
                7.449400543844416e-07,
                0.001019803291846286,
                0.15963556018586053
            ]
        }
    },
    "meanResponseGMediumAvailability": {
        "T10": {
            "st": [
                0.002158722720402301,
                0.0,
                0.004163418679115676,
                1.0146321140550927
            ],
            "conf": [
                0.0006480399805137626,
                0.0,
                0.001337536099603565,
                0.17953377195313935
            ]
        }
    },
    "meanResponseGSlowAvailability": {
        "T10": {
            "st": [
                0.0019154326014870027,
                3.3035652648498137e-07,
                0.0074540936337677555,
                0.9684561741790343
            ],
            "conf": [
                0.000917159685307503,
                5.179091996993019e-07,
                0.002738209784342757,
                0.16835917841721004
            ]
        }
    }
}