{
    "meanLatencyFromY": {
        "EndingNMean": {
            "st": [
                0.9287966328782216,
                0.0,
                0.0,
                0.10793877083107406
            ],
            "conf": [
                0.08113370770545283,
                0.0,
                0.0,
                0.03338190562342684
            ]
        }
    },
    "meanAvailabilityFromY": {
        "EndingNMean": {
            "st": [
                0.24176591871655856,
                1.0329252237004179e-05,
                0.8533295185613724,
                2.07548870593515e-05
            ],
            "conf": [
                0.04917470039519771,
                2.979244525560422e-06,
                0.09966241370231234,
                4.891555053276212e-06
            ]
        }
    },
    "meanResponseGFastLatency": {
        "EndingNMean": {
            "st": [
                0.892102901756189,
                6.475278332445139e-06,
                0.08872099914705309,
                0.031978532375779946
            ],
            "conf": [
                0.08734446687349187,
                3.4511644955524787e-06,
                0.016887608253644427,
                0.0097769401958365
            ]
        }
    },
    "meanResponseGMediumLatency": {
        "EndingNMean": {
            "st": [
                0.8942473364002147,
                5.254539160525337e-06,
                0.08356397096555576,
                0.036580097542654566
            ],
            "conf": [
                0.09147571919652339,
                2.5292406604576337e-06,
                0.018092337154168112,
                0.009904138745236223
            ]
        }
    },
    "meanResponseGSlowLatency": {
        "EndingNMean": {
            "st": [
                0.8991262257888,
                3.3181899897071843e-06,
                0.07507916158501743,
                0.03765968590442401
            ],
            "conf": [
                0.09679759283121166,
                1.5151498903428995e-06,
                0.01523606168680643,
                0.011196380789556617
            ]
        }
    },
    "meanResponseGFastAvailability": {
        "EndingNMean": {
            "st": [
                0.2803475215929875,
                2.0304668995405057e-05,
                0.797941955246726,
                4.680252078622169e-05
            ],
            "conf": [
                0.04046450552747324,
                7.80057048153608e-06,
                0.07753333662856592,
                1.1505492534758962e-05
            ]
        }
    },
    "meanResponseGMediumAvailability": {
        "EndingNMean": {
            "st": [
                0.22788887452716444,
                3.462960020880532e-05,
                0.8668694207579468,
                6.38669491707378e-05
            ],
            "conf": [
                0.04399786893052469,
                1.6721689465766354e-05,
                0.0771877084610676,
                2.098295364706168e-05
            ]
        }
    },
    "meanResponseGSlowAvailability": {
        "EndingNMean": {
            "st": [
                0.2564445755329491,
                1.7737137764161847e-05,
                0.8736569567987847,
                4.937948498072083e-05
            ],
            "conf": [
                0.05174515575579062,
                5.891080199640829e-06,
                0.0825922523454717,
                1.0831982316103885e-05
            ]
        }
    }
}