{
    "meanAvailabilityFromY": {
        "T10": {
            "st": [
                0.0008953760225115352,
                0.0007961293374846119,
                0.0008939402379614473,
                0.9950092500014643
            ],
            "conf": [
                0.00024641173131682696,
                0.00026219244897470156,
                0.00025602933709988545,
                0.1550127261262178
            ]
        }
    },
    "loadFromY": {
        "T10": {
            "st": [
                0.6759113884754876,
                0.0004420989245348083,
                0.0004666437587895558,
                0.3190138726656221
            ],
            "conf": [
                0.1311782650668437,
                0.00017612024750037828,
                0.00014918599463306683,
                0.08042064529095538
            ]
        }
    },
    "meanResponseP1Availability": {
        "T10": {
            "st": [
                0.0032972550547828825,
                0.0035016497887350663,
                0.0033095871922004918,
                1.0143718921525162
            ],
            "conf": [
                0.001152643437413073,
                0.001150017390067261,
                0.001073247066881216,
                0.16307292380778285
            ]
        }
    },
    "meanResponseP2Availability": {
        "T10": {
            "st": [
                0.0030783289248621157,
                0.0031077416810025493,
                0.0026051114111349362,
                0.9830047693471471
            ],
            "conf": [
                0.0012034881024003785,
                0.0009620990727194946,
                0.0008418406391627104,
                0.17099433284575727
            ]
        }
    },
    "meanResponseP3Availability": {
        "T10": {
            "st": [
                0.003001976928290396,
                0.002600094931361099,
                0.00358147448140255,
                0.9861751021034492
            ],
            "conf": [
                0.0009240249588237689,
                0.000872349819559179,
                0.0010372535329998844,
                0.1678766786053047
            ]
        }
    }
}