{
    "meanAvailabilityFromY": {
        "T10": {
            "st": [
                0.0008953760225115352,
                0.0007961293374846119,
                0.0008939402379614473,
                0.9950092500014643
            ],
            "conf": [
                0.0002543824624691475,
                0.0002523911301824791,
                0.0002693526004380438,
                0.17582672763586996
            ]
        }
    },
    "loadFromY": {
        "T10": {
            "st": [
                0.6759113884754876,
                0.0004420989245348083,
                0.0004666437587895558,
                0.3190138726656221
            ],
            "conf": [
                0.15043648690969452,
                0.00018150201729998566,
                0.00017514496188259903,
                0.08070139427656454
            ]
        }
    },
    "meanResponseP1Availability": {
        "T10": {
            "st": [
                0.0032972550547828825,
                0.0035016497887350663,
                0.0033095871922004918,
                1.0143718921525162
            ],
            "conf": [
                0.0010629502881109383,
                0.0010407750796547,
                0.001099811969613339,
                0.18422137991413665
            ]
        }
    },
    "meanResponseP2Availability": {
        "T10": {
            "st": [
                0.0030783289248621157,
                0.0031077416810025493,
                0.0026051114111349362,
                0.9830047693471471
            ],
            "conf": [
                0.001116908315882259,
                0.001117797232853383,
                0.0010067377006473077,
                0.1761261331105225
            ]
        }
    },
    "meanResponseP3Availability": {
        "T10": {
            "st": [
                0.003001976928290396,
                0.002600094931361099,
                0.00358147448140255,
                0.9861751021034492
            ],
            "conf": [
                0.0011105585071648735,
                0.0008468150241625143,
                0.0012457289359697383,
                0.173906178844753
            ]
        }
    }
}