{
    "meanAvailabilityFromY": {
        "T10": {
            "st": 0.9950092500014643,
            "conf": 0.1550127261262178
        }
    },
    "loadFromY": {
        "T10": {
            "st": 0.3190138726656221,
            "conf": 0.08042064529095538
        }
    },
    "meanResponseP1Availability": {
        "T10": {
            "st": 1.0143718921525162,
            "conf": 0.16307292380778285
        }
    },
    "meanResponseP2Availability": {
        "T10": {
            "st": 0.9830047693471471,
            "conf": 0.17099433284575727
        }
    },
    "meanResponseP3Availability": {
        "T10": {
            "st": 0.9861751021034492,
            "conf": 0.1678766786053047
        }
    }
}