{
    "meanAvailabilityFromY": {
        "EndingNMean": [
            0.11257828275482755,
            0.09221567921819912,
            0.17444339843158943,
            0.3062188584051458,
            0.2528618034858089
        ]
    },
    "loadFromY": {
        "EndingNMean": [
            0.046424792491865395,
            0.747472028314059,
            0.08466941253711363,
            2.869249575332507e-06,
            0.0018188247566844028
        ]
    },
    "meanResponseP1Availability": {
        "EndingNMean": [
            0.15558605234766906,
            0.14502163409776045,
            0.2358065251656277,
            0.34077947483556614,
            0.3367023669013759
        ]
    },
    "meanResponseP2Availability": {
        "EndingNMean": [
            0.17515873989991784,
            0.1610745498858599,
            0.21898161927737425,
            0.3576990531997678,
            0.27361805573421616
        ]
    },
    "meanResponseP3Availability": {
        "EndingNMean": [
            0.15849110383270043,
            0.1346895388862672,
            0.2044720998118516,
            0.3167297563144488,
            0.2703459709482694
        ]
    }
}