{
    "loadFromY": {
        "CrossCorr": [
            0.3034376210295703,
            0.11204278794042154,
            0.5269334898689594,
            0.03182943038120566,
            0.6603068609206999
        ],
        "TimeSeriesCrossCorr": [
            0.5858613272954125,
            0.10877945293389804,
            0.4573672265168454,
            0.039207997877461806,
            0.7364424343026804
        ],
        "TimeSeriesCrossCorrOffset": [
            0.5622619896029626,
            0.11979765563857835,
            0.4949304605214258,
            0.03585185314731177,
            0.6392123085532904
        ],
        "EndingNMean": [
            0.0008416661090756321,
            0.023057794923330897,
            0.09006593547222519,
            6.946018724455737e-06,
            0.9266440675674079
        ],
        "EndingNSlope": [
            1.3895763473225073,
            0.26984261003214555,
            1.5494637511612541,
            0.2992451885273053,
            0.8215324300418918
        ],
        "StartEndMeanDiff": [
            1.2364769886894245,
            0.3659245269964848,
            1.3015952395395953,
            0.28910654757427035,
            0.710142971361487
        ],
        "M0": [
            0.9794917808683343,
            0.01086166198625695,
            0.12533155016125386,
            2.0210830195757757e-06,
            1.6364252835920024e-06
        ],
        "M1": [
            0.053475332263900346,
            0.024262018567328885,
            0.12266667864656311,
            4.5200820100913964e-06,
            0.9326171245853446
        ],
        "M2": [
            0.4039520223352426,
            0.04944214242735727,
            0.35460190543097075,
            6.19923783160526e-07,
            0.741634985176395
        ],
        "M3": [
            0.5357534939772737,
            0.0,
            0.0663023425317929,
            0.0,
            0.9279475064703115
        ],
        "M4": [
            0.44055301757109444,
            0.0,
            0.0,
            0.0,
            0.8436239844652572
        ],
        "M5": [
            0.2704606076793987,
            0.0,
            0.0,
            0.0,
            0.9780594369127946
        ],
        "S0": [
            0.503144527966216,
            0.003967702820016995,
            0.17065814417469846,
            0.00028598281249717924,
            0.49176004118685945
        ],
        "S1": [
            1.0690962248748654,
            0.011692519513927977,
            0.6104567710563583,
            0.0019896829177151343,
            0.5100304075672504
        ],
        "S2": [
            0.8316742862071942,
            0.009937030966962822,
            0.9425457891256218,
            0.011317174156818769,
            1.3055694528307313
        ],
        "S3": [
            3.2676056338028165,
            0.0,
            0.0,
            0.0,
            0.676056338028169
        ],
        "S4": [
            0.5818181818181818,
            0.0,
            0.0,
            0.0,
            1.0181818181818183
        ],
        "S5": [
            1.0152284263959392,
            0.0,
            0.0,
            0.0,
            0.6768189509306262
        ]
    },
    "meanLatencyFromY": {
        "CrossCorr": [
            0.5905855744517162,
            0.40170502206408903,
            0.8124934052048062,
            0.11702808144579366,
            0.7607004516825755
        ],
        "TimeSeriesCrossCorr": [
            0.6899860982930474,
            0.32315612274994615,
            0.973222666133944,
            0.13578603733451464,
            0.7773079651492846
        ],
        "TimeSeriesCrossCorrOffset": [
            0.6820050299895918,
            0.6253062745272743,
            1.023817527205278,
            0.49084922585949253,
            0.8820706385494841
        ],
        "EndingNMean": [
            0.055185026572854345,
            0.19001765865785478,
            0.8106844800984511,
            1.5829268588507704e-05,
            0.5839961724697468
        ],
        "EndingNSlope": [
            0.015579268895617757,
            0.12650279504938336,
            0.572981708774047,
            1.3927639517786496e-05,
            0.5244029507568111
        ],
        "StartEndMeanDiff": [
            0.3504205857577848,
            0.004898911571212126,
            0.5533147316131671,
            1.31224383074246e-05,
            0.2769128637483839
        ],
        "M0": [
            0.6365778582273479,
            0.0895008006131048,
            0.8333209722575456,
            2.2881389383922597e-05,
            1.816826610348798e-05
        ],
        "M1": [
            0.4419227613048313,
            0.11900473017391976,
            0.8773168200003146,
            9.591976828970305e-06,
            0.10868657471415696
        ],
        "M2": [
            0.12566992920290873,
            0.19803820936014493,
            0.8234646420210535,
            3.5099222549898072e-06,
            0.46494816702382624
        ],
        "M3": [
            411.1910914279966,
            8.10719430837513e-06,
            142.45859934561645,
            5.5531473510241935e-06,
            0.9769035239738899
        ],
        "M4": [
            0.4623011676855208,
            1.1951523875686078e-05,
            0.2249635298801141,
            5.71969676018236e-06,
            1.135844803749731
        ],
        "M5": [
            0.3467534131265964,
            6.215808056908065e-06,
            0.13235202875131805,
            9.695518662277607e-06,
            1.2532154454942934
        ],
        "S0": [
            0.6633850667998117,
            0.0868495019402443,
            0.819713315679076,
            1.3551818056682464e-05,
            0.00023713100103976375
        ],
        "S1": [
            0.24754736393801963,
            0.09156330119987377,
            0.5901296869982933,
            2.166489285614917e-05,
            0.8579408681209164
        ],
        "S2": [
            0.37815086680857063,
            0.13343702832031543,
            0.7350390622100442,
            8.351455528023986e-06,
            0.5713510840937888
        ],
        "S3": [
            342820.1831384013,
            1.1504928779508865,
            1.0460114213329903,
            1.14577749123962,
            0.9476812403960312
        ],
        "S4": [
            0.9845647334698151,
            0.8304125123043519,
            1.3996637902693907,
            2.4288582224758106,
            0.9667877614439511
        ],
        "S5": [
            0.3779928491969692,
            0.6577498616422569,
            0.9525243023146605,
            1.197364840584851,
            1.258121206421524
        ]
    }
}