{
    "loadFromY": {
        "EndingNMean": [
            0.0008416661090756321,
            0.023057794923330897,
            0.09006593547222519,
            6.946018724455737e-06,
            0.9266440675674079
        ]
    },
    "meanLatencyFromY": {
        "EndingNMean": [
            0.055185026572854345,
            0.19001765865785478,
            0.8106844800984511,
            1.5829268588507704e-05,
            0.5839961724697468
        ]
    }
}