{
    "loadFromY": {
        "EndingNMean": [
            0.05149093379217636,
            0.024005624591164954,
            0.1265279132940661,
            7.413915867612666e-06,
            0.9158680951659077
        ]
    },
    "meanLatencyFromY": {
        "EndingNMean": [
            0.4257612169727783,
            0.1140657585717059,
            0.8713551157615159,
            1.0014872805187253e-05,
            0.12273003096221785
        ]
    }
}