{
    "meanAvailabilityFromY": {
        "T10": {
            "st": [
                0.8638680506879582,
                0.8709040794405607,
                0.7193218184182952,
                0.8487709330498644
            ],
            "conf": [
                0.13422775202287385,
                0.11065765241032863,
                0.10365292965917691,
                0.1030976990394287
            ]
        }
    },
    "loadFromY": {
        "T10": {
            "st": [
                0.040081873136866425,
                0.9418711412977927,
                0.00015114461420847607,
                0.1544322661182003
            ],
            "conf": [
                0.016626607267000874,
                0.14730340086111016,
                6.0798200900083905e-05,
                0.059168229279012434
            ]
        }
    },
    "meanResponseP1Availability": {
        "T10": {
            "st": [
                0.9718483657503917,
                0.9034626709303332,
                0.8132795262209814,
                0.7004163557674093
            ],
            "conf": [
                0.11597976829569619,
                0.1126494928846419,
                0.09895950769576543,
                0.10284116408420313
            ]
        }
    },
    "meanResponseP2Availability": {
        "T10": {
            "st": [
                0.981150030155079,
                0.9206611300968449,
                0.8115610782448754,
                0.7426281849893369
            ],
            "conf": [
                0.12543503180093674,
                0.11044556045040696,
                0.11713888597644335,
                0.09695960141418981
            ]
        }
    },
    "meanResponseP3Availability": {
        "T10": {
            "st": [
                0.8955587384405187,
                1.0794197357231583,
                0.8319862425773663,
                0.7992266060690321
            ],
            "conf": [
                0.11599871487732316,
                0.12999730633258194,
                0.11572868258771504,
                0.12917268449773806
            ]
        }
    }
}