{
    "meanAvailabilityFromY": {
        "T10": {
            "st": 0.8487709330498644,
            "conf": 0.1030976990394287
        }
    },
    "loadFromY": {
        "T10": {
            "st": 0.1544322661182003,
            "conf": 0.059168229279012434
        }
    },
    "meanResponseP1Availability": {
        "T10": {
            "st": 0.7004163557674093,
            "conf": 0.10284116408420313
        }
    },
    "meanResponseP2Availability": {
        "T10": {
            "st": 0.7426281849893369,
            "conf": 0.09695960141418981
        }
    },
    "meanResponseP3Availability": {
        "T10": {
            "st": 0.7992266060690321,
            "conf": 0.12917268449773806
        }
    }
}