{
    "meanLatencyFromY": {
        "T10": {
            "st": 0.1161456775062165,
            "conf": 0.0272069819460235
        }
    },
    "meanAvailabilityFromY": {
        "T10": {
            "st": 0.024001116059814937,
            "conf": 0.004187021708194648
        }
    },
    "meanResponseGFastLatency": {
        "T10": {
            "st": 0.05580197452296219,
            "conf": 0.015003997498305447
        }
    },
    "meanResponseGMediumLatency": {
        "T10": {
            "st": 0.0655202752154094,
            "conf": 0.0161104276570935
        }
    },
    "meanResponseGSlowLatency": {
        "T10": {
            "st": 0.05990395018055711,
            "conf": 0.015471718585617543
        }
    },
    "meanResponseGFastAvailability": {
        "T10": {
            "st": 0.018123035249229546,
            "conf": 0.0024168073972494204
        }
    },
    "meanResponseGMediumAvailability": {
        "T10": {
            "st": 0.01779237072098059,
            "conf": 0.0029826635222958324
        }
    },
    "meanResponseGSlowAvailability": {
        "T10": {
            "st": 0.020938632464807892,
            "conf": 0.0033449609254960697
        }
    }
}