{
    "meanLatencyFromY": {
        "T10": {
            "st": [
                0.9060450446841529,
                0.0,
                0.0,
                0.1161456775062165
            ],
            "conf": [
                0.09181763606126876,
                0.0,
                0.0,
                0.0272069819460235
            ]
        }
    },
    "meanAvailabilityFromY": {
        "T10": {
            "st": [
                0.9890700689371685,
                0.0003084541475362262,
                0.08568484616967388,
                0.024001116059814937
            ],
            "conf": [
                0.10253336647222167,
                0.00012385226307803018,
                0.01357561576852207,
                0.004187021708194648
            ]
        }
    },
    "meanResponseGFastLatency": {
        "T10": {
            "st": [
                1.0254214089469236,
                5.21516386411586e-07,
                0.00017912760734006814,
                0.05580197452296219
            ],
            "conf": [
                0.08774121362662735,
                5.219372510324838e-07,
                5.674701801355994e-05,
                0.015003997498305447
            ]
        }
    },
    "meanResponseGMediumLatency": {
        "T10": {
            "st": [
                1.0006734917444162,
                2.596044720197543e-07,
                0.00018007074716362627,
                0.0655202752154094
            ],
            "conf": [
                0.0928739190714918,
                3.737486585258525e-07,
                3.745251073536077e-05,
                0.0161104276570935
            ]
        }
    },
    "meanResponseGSlowLatency": {
        "T10": {
            "st": [
                1.0101056815551537,
                4.659512836675986e-07,
                0.00017153973927956724,
                0.05990395018055711
            ],
            "conf": [
                0.08602417733873391,
                6.353096451374029e-07,
                3.199571018591014e-05,
                0.015471718585617543
            ]
        }
    },
    "meanResponseGFastAvailability": {
        "T10": {
            "st": [
                0.9950478007054064,
                0.000303772075906759,
                0.04080049490798305,
                0.018123035249229546
            ],
            "conf": [
                0.09334208069824994,
                0.00015962251414575228,
                0.006992017490912534,
                0.0024168073972494204
            ]
        }
    },
    "meanResponseGMediumAvailability": {
        "T10": {
            "st": [
                1.0171942290664961,
                0.00021323798964010366,
                0.05237421543732251,
                0.01779237072098059
            ],
            "conf": [
                0.09991244308537182,
                0.00012091400470396636,
                0.008176059019351298,
                0.0029826635222958324
            ]
        }
    },
    "meanResponseGSlowAvailability": {
        "T10": {
            "st": [
                0.9665106925876121,
                0.00026236955726495687,
                0.10264474766969564,
                0.020938632464807892
            ],
            "conf": [
                0.10689445671064261,
                0.00021573215577723473,
                0.017643280493344432,
                0.0033449609254960697
            ]
        }
    }
}