{
    "meanLatencyFromY": {
        "EndingNMean": {
            "st": [
                0.8770040551332292,
                1.2260184946231827,
                0.8715708930528097,
                1.0593026519779103
            ],
            "conf": [
                0.33324111160946535,
                0.47758143735011516,
                0.27322065816989627,
                0.4495653036885023
            ]
        }
    },
    "meanAvailabilityFromY": {
        "EndingNMean": {
            "st": [
                0.25199382098344164,
                0.006836918752602409,
                0.8541046138398406,
                0.00895544330957352
            ],
            "conf": [
                0.11933252897748743,
                0.002532167038786232,
                0.23773763238481596,
                0.003808212455385056
            ]
        }
    }
}