{
    "meanAvailabilityFromY": {
        "EndingNMean": {
            "st": [
                0.1384157580104637,
                0.2909884304646331,
                0.5563116782271877,
                0.4232128433517967
            ],
            "conf": [
                0.10142382118460398,
                0.27641539738866766,
                0.36558864253937523,
                0.3210202448148946
            ]
        }
    },
    "loadFromY": {
        "EndingNMean": {
            "st": [
                0.25671086712535957,
                0.5227386750550717,
                0.0007888706998470847,
                0.3926331652451916
            ],
            "conf": [
                0.13773360129049117,
                0.25678762155110013,
                0.0009534230031483881,
                0.18537344654718957
            ]
        }
    }
}