{
    "meanAvailabilityFromY": {
        "T10": {
            "st": [
                0.8862278830714386,
                0.7887734550055031,
                0.7739779215633914,
                0.9038014542301718
            ],
            "conf": [
                0.20379268766235753,
                0.18747940729772816,
                0.19313164285387557,
                0.17494361538939987
            ]
        }
    },
    "loadFromY": {
        "T10": {
            "st": [
                0.3397774340255636,
                0.00033091934532336717,
                0.0003285526873958857,
                0.676601664466977
            ],
            "conf": [
                0.0914273726043515,
                0.0001167652038893101,
                0.00012378608054422176,
                0.1748414066943844
            ]
        }
    },
    "meanResponseP1Availability": {
        "T10": {
            "st": [
                0.9137026063825161,
                0.9147063525241116,
                0.8715573227602202,
                0.9304344353968653
            ],
            "conf": [
                0.21798450398082553,
                0.21635757698523728,
                0.17728360958667744,
                0.22035436739445083
            ]
        }
    },
    "meanResponseP2Availability": {
        "T10": {
            "st": [
                0.8642077399242639,
                1.0404620868134908,
                0.8719794954463198,
                0.8128376707289539
            ],
            "conf": [
                0.2246575589915216,
                0.28271304150663423,
                0.18965420446195425,
                0.18476452349346043
            ]
        }
    },
    "meanResponseP3Availability": {
        "T10": {
            "st": [
                0.9737302650093048,
                0.8118659381530252,
                1.0118647592105032,
                0.7510439445562239
            ],
            "conf": [
                0.2612658855834728,
                0.21886604101176751,
                0.27045498814929414,
                0.17041750121386318
            ]
        }
    }
}