{
    "meanAvailabilityFromY": {
        "T10": {
            "st": 0.9038014542301718,
            "conf": 0.17494361538939987
        }
    },
    "loadFromY": {
        "T10": {
            "st": 0.676601664466977,
            "conf": 0.1748414066943844
        }
    },
    "meanResponseP1Availability": {
        "T10": {
            "st": 0.9304344353968653,
            "conf": 0.22035436739445083
        }
    },
    "meanResponseP2Availability": {
        "T10": {
            "st": 0.8128376707289539,
            "conf": 0.18476452349346043
        }
    },
    "meanResponseP3Availability": {
        "T10": {
            "st": 0.7510439445562239,
            "conf": 0.17041750121386318
        }
    }
}