{
    "meanAvailabilityFromY": {
        "T10": {
            "st": [
                0.8862278830714386,
                0.7887734550055031,
                0.7739779215633914,
                0.9038014542301718
            ],
            "conf": [
                0.2227347591141273,
                0.20018058953337486,
                0.19611899857702372,
                0.15786701169139875
            ]
        }
    },
    "loadFromY": {
        "T10": {
            "st": [
                0.3397774340255636,
                0.00033091934532336717,
                0.0003285526873958857,
                0.676601664466977
            ],
            "conf": [
                0.08853147497249493,
                0.00011805122712549688,
                0.00013089705839019843,
                0.16778866458150865
            ]
        }
    },
    "meanResponseP1Availability": {
        "T10": {
            "st": [
                0.9137026063825161,
                0.9147063525241116,
                0.8715573227602202,
                0.9304344353968653
            ],
            "conf": [
                0.2262379970008177,
                0.18738836938924727,
                0.20939589348546392,
                0.21502010434750854
            ]
        }
    },
    "meanResponseP2Availability": {
        "T10": {
            "st": [
                0.8642077399242639,
                1.0404620868134908,
                0.8719794954463198,
                0.8128376707289539
            ],
            "conf": [
                0.21650479262877226,
                0.3182083881662697,
                0.17447351836491978,
                0.23148452597124441
            ]
        }
    },
    "meanResponseP3Availability": {
        "T10": {
            "st": [
                0.9737302650093048,
                0.8118659381530252,
                1.0118647592105032,
                0.7510439445562239
            ],
            "conf": [
                0.298246113941312,
                0.2370185315776174,
                0.2857278694293176,
                0.18850750773489702
            ]
        }
    }
}