{
    "meanLatencyFromY": {
        "EndingNMean": [
            1.1116919722832617,
            0.008111123792991299,
            0.006313951281259751,
            0.004061731997523823,
            0.0859093602850221
        ]
    },
    "meanAvailabilityFromY": {
        "EndingNMean": [
            0.22024502787153494,
            0.035188028632760895,
            0.010871030117382923,
            0.9279884439587702,
            0.006347795531323689
        ]
    }
}