{
    "meanLatencyFromY": {
        "EndingNMean": [
            1.115577881937256,
            0.006485046830430652,
            0.0036726579642042405,
            0.0029049025039556285,
            0.08080346494813309
        ]
    },
    "meanAvailabilityFromY": {
        "EndingNMean": [
            0.21368530458715448,
            0.03322881693316917,
            0.009764560495241312,
            0.9456082846849334,
            0.0035692270121958337
        ]
    }
}