{
    "meanLatencyFromY": {
        "CrossCorr": [
            1.0332675815625794,
            0.06684156653469306,
            0.605361864066726,
            0.03960611464093949,
            0.7107262250780355
        ],
        "TimeSeriesCrossCorr": [
            1.01859844710062,
            0.11113717279422383,
            0.6360433330835948,
            0.0692476941503275,
            0.7195376483415896
        ],
        "TimeSeriesCrossCorrOffset": [
            0.8695381744674235,
            0.6083035297776394,
            0.8421707354999224,
            0.5946198102938889,
            0.774996112579692
        ],
        "EndingNMean": [
            1.115577881937256,
            0.006485046830430652,
            0.0036726579642042405,
            0.0029049025039556285,
            0.08080346494813309
        ],
        "EndingNSlope": [
            1.257705783368005,
            1.0530079867452786,
            1.0370479738907425,
            0.7914602054972669,
            0.7282831158445835
        ],
        "StartEndMeanDiff": [
            1.0484463923212815,
            0.8377258787271854,
            0.9701684281229441,
            0.6524354505670844,
            0.8739896726263869
        ],
        "M0": [
            0.9896936017626637,
            0.009648954591480558,
            0.16437923691277623,
            0.003621781980105223,
            0.0028351242275630813
        ],
        "M1": [
            1.054997165917516,
            2.2488433986460703e-05,
            1.1177445472960476e-05,
            7.776963438366329e-06,
            0.00028791479035853454
        ],
        "M2": [
            1.123493731630617,
            1.3042220501191774e-06,
            3.16342839782458e-06,
            1.695416788218917e-06,
            5.8120590489300366e-05
        ],
        "M3": [
            1.0004271195038412,
            1.48590069364496e-06,
            1.342261690592562e-06,
            1.3432467831236235e-06,
            4.522983622258765e-05
        ],
        "M4": [
            1.0122391773787758,
            2.3067138060692583e-06,
            1.0566628897252662e-06,
            9.171681774873155e-07,
            4.1560896154430504e-05
        ],
        "M5": [
            0.9751113867220464,
            5.094939003893377e-07,
            2.9473349292813255e-07,
            6.043583474540884e-07,
            4.227243339345811e-05
        ],
        "S0": [
            0.7966860533981501,
            0.2165897631596494,
            0.46898042561404757,
            0.2035108862994345,
            0.3117416783720437
        ],
        "S1": [
            0.8212566061152238,
            0.8359232567440645,
            0.9541271290964639,
            0.8875829655644862,
            0.7106754778230605
        ],
        "S2": [
            0.7183218148895456,
            1.0555401665451156,
            0.5755114952867505,
            0.729934401693103,
            0.6239397268142749
        ],
        "S3": [
            1.6879471442790006,
            1.5135703090784687,
            0.5187628292810496,
            1.816870380627969,
            1.795458677464077
        ],
        "S4": [
            1.2264954243776127,
            1.6348977818991608,
            1.2263754567687672,
            1.491979481266321,
            1.2469876456909132
        ],
        "S5": [
            0.8908720818698875,
            0.7987913655749094,
            0.5760518347747069,
            1.246551076897474,
            1.1398512828445797
        ]
    },
    "meanAvailabilityFromY": {
        "CrossCorr": [
            0.047894210525278196,
            0.019204047006340725,
            0.6870317851771722,
            0.05024374959265372,
            0.7014352861491099
        ],
        "TimeSeriesCrossCorr": [
            0.059429158049341284,
            0.03279204948069249,
            0.683196750305551,
            0.07282573920018415,
            0.7095665715046103
        ],
        "TimeSeriesCrossCorrOffset": [
            0.14986791302580776,
            0.4927860191018085,
            0.6680552733184312,
            0.24639300955090426,
            0.3098963625279414
        ],
        "EndingNMean": [
            0.21368530458715448,
            0.03322881693316917,
            0.009764560495241312,
            0.9456082846849334,
            0.0035692270121958337
        ],
        "EndingNSlope": [
            0.855013623684003,
            1.0165226939337686,
            1.2513998044421022,
            0.8563347932962272,
            0.9264440443708546
        ],
        "StartEndMeanDiff": [
            0.3670501219300769,
            0.17560194215174313,
            0.22881304536634098,
            0.8983797495984173,
            0.152490894971248
        ],
        "M0": [
            0.3184063805645677,
            0.0532335592941735,
            0.011082366108755898,
            0.7738965002792043,
            0.004661773341596043
        ],
        "M1": [
            0.5972226089274758,
            0.020332066448403373,
            0.005053665872916753,
            0.5437626194372784,
            0.0017966758582365475
        ],
        "M2": [
            0.9891470430653524,
            0.002927688088484139,
            0.0020973809760127817,
            0.2419987510599921,
            0.0015094348959894656
        ],
        "M3": [
            0.9798561166880048,
            0.001880359136375678,
            0.0012296161421045451,
            0.23731523564539514,
            0.0013824339019218703
        ],
        "M4": [
            1.0175520776524793,
            0.0008982686963621221,
            0.0012276129513050607,
            0.19956232188507897,
            0.0021387894503759708
        ],
        "M5": [
            0.9402699329029323,
            0.0011598110367470435,
            0.0018631684307907834,
            0.17992680497805616,
            0.0016021771579341902
        ],
        "S0": [
            0.29718895212617197,
            0.09624770154668999,
            0.07418692588752723,
            0.880552099852025,
            0.052773951624747316
        ],
        "S1": [
            0.8800081535529684,
            0.7311249012667473,
            0.7775196609588602,
            0.7829682632316465,
            0.9688642041583685
        ],
        "S2": [
            1.0088694052015634,
            0.8724881840197539,
            0.6755399585526578,
            0.7467317023154499,
            1.1337528394012535
        ],
        "S3": [
            1.2244638321573433,
            1.5534387735574628,
            1.1324369779077343,
            0.9927379348158698,
            0.8828385876361204
        ],
        "S4": [
            1.1225328410731399,
            1.2648638901541864,
            1.004467554879884,
            0.7965557969000717,
            0.8834565672363278
        ],
        "S5": [
            0.6316179502080407,
            0.7333443550833479,
            0.700929529915606,
            0.5758788996028611,
            0.8396245374190491
        ]
    }
}