{
    "meanLatencyFromY": {
        "CrossCorr": [
            1.0332675815625794,
            0.06684156653469306,
            0.605361864066726,
            0.03960611464093949,
            0.7107262250780355
        ],
        "TimeSeriesCrossCorr": [
            1.01859844710062,
            0.11113717279422383,
            0.6360433330835948,
            0.0692476941503275,
            0.7195376483415896
        ],
        "TimeSeriesCrossCorrOffset": [
            0.8695381744674235,
            0.6083035297776394,
            0.8421707354999224,
            0.5946198102938889,
            0.774996112579692
        ],
        "EndingNMean": [
            1.115577881937256,
            0.006485046830430652,
            0.0036726579642042405,
            0.0029049025039556285,
            0.08080346494813309
        ],
        "EndingNSlope": [
            1.257705783368005,
            1.0530079867452786,
            1.0370479738907425,
            0.7914602054972669,
            0.7282831158445835
        ],
        "StartEndMeanDiff": [
            1.0484463923212815,
            0.8377258787271854,
            0.9701684281229441,
            0.6524354505670844,
            0.8739896726263869
        ]
    },
    "meanAvailabilityFromY": {
        "CrossCorr": [
            0.047894210525278196,
            0.019204047006340725,
            0.6870317851771722,
            0.05024374959265372,
            0.7014352861491099
        ],
        "TimeSeriesCrossCorr": [
            0.059429158049341284,
            0.03279204948069249,
            0.683196750305551,
            0.07282573920018415,
            0.7095665715046103
        ],
        "TimeSeriesCrossCorrOffset": [
            0.14986791302580776,
            0.4927860191018085,
            0.6680552733184312,
            0.24639300955090426,
            0.3098963625279414
        ],
        "EndingNMean": [
            0.21368530458715448,
            0.03322881693316917,
            0.009764560495241312,
            0.9456082846849334,
            0.0035692270121958337
        ],
        "EndingNSlope": [
            0.855013623684003,
            1.0165226939337686,
            1.2513998044421022,
            0.8563347932962272,
            0.9264440443708546
        ],
        "StartEndMeanDiff": [
            0.3670501219300769,
            0.17560194215174313,
            0.22881304536634098,
            0.8983797495984173,
            0.152490894971248
        ]
    }
}