{
    "meanAvailabilityFromY": {
        "EndingNMean": {
            "st": [
                0.003621095808697611,
                0.001089414980574852,
                0.001082033759842495,
                1.0044597273609157
            ],
            "conf": [
                0.0017070693844324584,
                0.0004069305290037642,
                0.0011153528641488887,
                0.13455130009175065
            ]
        }
    },
    "loadFromY": {
        "EndingNMean": {
            "st": [
                0.9743113807429803,
                0.0,
                0.0,
                0.0
            ],
            "conf": [
                0.12156432141309939,
                0.0,
                0.0,
                0.0
            ]
        }
    }
}