{
    "meanLatencyFromY": {
        "T10": {
            "st": [
                0.984383665035466,
                0.0,
                0.0,
                0.01086065036157432
            ],
            "conf": [
                0.10080853131742322,
                0.0,
                0.0,
                0.0031473231482147517
            ]
        }
    },
    "meanAvailabilityFromY": {
        "T10": {
            "st": [
                0.07143748687921482,
                3.1305127165350555e-05,
                0.004290359696319682,
                0.9349474015138984
            ],
            "conf": [
                0.019668398982331668,
                1.5432304923380695e-05,
                0.0013121430698217246,
                0.07419940699015103
            ]
        }
    },
    "meanResponseGFastLatency": {
        "T10": {
            "st": [
                0.9448309213656191,
                0.0,
                3.959557238810554e-06,
                0.054154151683127934
            ],
            "conf": [
                0.08828054367327622,
                0.0,
                1.5059570240103042e-06,
                0.017157375349133308
            ]
        }
    },
    "meanResponseGMediumLatency": {
        "T10": {
            "st": [
                0.9529368655898988,
                0.0,
                7.675197480621034e-06,
                0.054575796922802025
            ],
            "conf": [
                0.08544995501474101,
                0.0,
                1.9818103369573154e-06,
                0.01379439790811789
            ]
        }
    },
    "meanResponseGSlowLatency": {
        "T10": {
            "st": [
                0.9760340336808148,
                0.0,
                7.4405546621012505e-06,
                0.05731572663548108
            ],
            "conf": [
                0.09519632888380465,
                0.0,
                2.8116338549928794e-06,
                0.015908518732524735
            ]
        }
    },
    "meanResponseGFastAvailability": {
        "T10": {
            "st": [
                1.0052851419487576,
                0.000328715574406271,
                0.03154004583119947,
                0.011225287532249844
            ],
            "conf": [
                0.08995546488907821,
                0.00025689667928924665,
                0.00454039324756753,
                0.001709773370717119
            ]
        }
    },
    "meanResponseGMediumAvailability": {
        "T10": {
            "st": [
                0.675338490837702,
                0.0001528797508474472,
                0.05511733190644067,
                0.3325797215622466
            ],
            "conf": [
                0.10752776415734816,
                8.832784240007748e-05,
                0.009825841125231287,
                0.07533922922924445
            ]
        }
    },
    "meanResponseGSlowAvailability": {
        "T10": {
            "st": [
                0.034404865774162185,
                2.2559833086242144e-05,
                0.004108659432358691,
                0.9546010649728642
            ],
            "conf": [
                0.011007885057468688,
                1.7760207354150234e-05,
                0.0013058262377442194,
                0.08814962633608646
            ]
        }
    }
}