{
    "meanAvailabilityFromY": {
        "T10": {
            "st": [
                0.3767985550751452,
                0.1145499522876166,
                0.04862258148714736,
                0.2046059883066524
            ],
            "conf": [
                0.5157809586571924,
                0.15540995258769855,
                0.07276492924019984,
                0.2821968639366618
            ]
        }
    },
    "loadFromY": {
        "T10": {
            "st": [
                0.0784035919170011,
                0.7007239530579081,
                7.225661884716109e-05,
                0.20525796042191255
            ],
            "conf": [
                0.07657905823152013,
                0.38200472191841767,
                7.546305169587335e-05,
                0.21021155366988717
            ]
        }
    },
    "meanResponseP1Availability": {
        "T10": {
            "st": [
                0.4965388994901828,
                0.2646278879622713,
                0.20381919169937252,
                0.23650019919804308
            ],
            "conf": [
                0.3477612773555365,
                0.24050103064128814,
                0.14420705286035138,
                0.15313943215752757
            ]
        }
    },
    "meanResponseP2Availability": {
        "T10": {
            "st": [
                0.4220086673877385,
                0.18065613878664835,
                0.19822054399957068,
                0.24799420857949828
            ],
            "conf": [
                0.3819559031237851,
                0.19039498692575224,
                0.21156880682424434,
                0.26428448459886666
            ]
        }
    },
    "meanResponseP3Availability": {
        "T10": {
            "st": [
                0.4272619211298312,
                0.28189656438367505,
                0.2678826493018032,
                0.3663457417352087
            ],
            "conf": [
                0.42257092468993895,
                0.2702680519000036,
                0.2803819594212959,
                0.35527358243687135
            ]
        }
    }
}