{
    "meanAvailabilityFromY": {
        "T10": {
            "st": [
                0.8389851972641549,
                0.8562393200957426,
                0.36269996289332623,
                0.9602237059099471
            ],
            "conf": [
                0.2247387684508887,
                0.1956706306692558,
                0.14953371120054954,
                0.2563253955942828
            ]
        }
    },
    "loadFromY": {
        "T10": {
            "st": [
                0.9756221558803213,
                0.00028478434386045726,
                8.22387014742579e-05,
                0.017447730247944094
            ],
            "conf": [
                0.17425268399872224,
                9.783583744522261e-05,
                5.097879541579468e-05,
                0.005225141832657572
            ]
        }
    },
    "meanResponseP1Availability": {
        "T10": {
            "st": [
                0.7453085282450649,
                0.8828110864461189,
                0.31516313803956597,
                1.0186235080437116
            ],
            "conf": [
                0.20988039205147807,
                0.22074328967725035,
                0.1657883749081677,
                0.264867104273994
            ]
        }
    },
    "meanResponseP2Availability": {
        "T10": {
            "st": [
                0.7757837392260752,
                0.7376469430240439,
                0.24642259710921008,
                0.6653540749327693
            ],
            "conf": [
                0.2063771767063163,
                0.21237150772728192,
                0.08485550699620614,
                0.18642105101357823
            ]
        }
    },
    "meanResponseP3Availability": {
        "T10": {
            "st": [
                0.8175404085112363,
                0.7484735799203761,
                0.23303686621466815,
                0.80524627645514
            ],
            "conf": [
                0.20650832991640952,
                0.18931004368775975,
                0.06742225617091238,
                0.13912472923457667
            ]
        }
    }
}