{
    "meanAvailabilityFromY": {
        "T10": {
            "st": [
                0.8389851972641549,
                0.8562393200957426,
                0.36269996289332623,
                0.9602237059099471
            ],
            "conf": [
                0.20475187648586268,
                0.20278457012235815,
                0.161470186701795,
                0.20812480031382477
            ]
        }
    },
    "loadFromY": {
        "T10": {
            "st": [
                0.9756221558803213,
                0.00028478434386045726,
                8.22387014742579e-05,
                0.017447730247944094
            ],
            "conf": [
                0.16324996129433056,
                8.692696888738357e-05,
                4.5519285954093414e-05,
                0.005344731965391397
            ]
        }
    },
    "meanResponseP1Availability": {
        "T10": {
            "st": [
                0.7453085282450649,
                0.8828110864461189,
                0.31516313803956597,
                1.0186235080437116
            ],
            "conf": [
                0.22823853928780752,
                0.19973316305614056,
                0.1648173836155426,
                0.26773444317204564
            ]
        }
    },
    "meanResponseP2Availability": {
        "T10": {
            "st": [
                0.7757837392260752,
                0.7376469430240439,
                0.24642259710921008,
                0.6653540749327693
            ],
            "conf": [
                0.23277918383052543,
                0.2113611766190143,
                0.08775088010233599,
                0.1840587980055984
            ]
        }
    },
    "meanResponseP3Availability": {
        "T10": {
            "st": [
                0.8175404085112363,
                0.7484735799203761,
                0.23303686621466815,
                0.80524627645514
            ],
            "conf": [
                0.18500304059418327,
                0.201873836166412,
                0.0731673652511205,
                0.17650767744215495
            ]
        }
    }
}