{
    "meanAvailabilityFromY": {
        "T10": {
            "st": 0.9602237059099471,
            "conf": 0.2563253955942828
        }
    },
    "loadFromY": {
        "T10": {
            "st": 0.017447730247944094,
            "conf": 0.005225141832657572
        }
    },
    "meanResponseP1Availability": {
        "T10": {
            "st": 1.0186235080437116,
            "conf": 0.264867104273994
        }
    },
    "meanResponseP2Availability": {
        "T10": {
            "st": 0.6653540749327693,
            "conf": 0.18642105101357823
        }
    },
    "meanResponseP3Availability": {
        "T10": {
            "st": 0.80524627645514,
            "conf": 0.13912472923457667
        }
    }
}