{
    "loadFromY": {
        "EndingNMean": [
            1.094449513949113e-05,
            5.802328999901437e-07,
            1.2546056387839391e-05,
            5.802328999901437e-07,
            1.0152254512776362
        ]
    },
    "meanLatencyFromY": {
        "EndingNMean": [
            1.625298119916614e-05,
            0.09199828984467351,
            0.9465004666489635,
            1.6177391190865072e-05,
            0.0011660772286852994
        ]
    }
}