{
    "loadFromY": {
        "EndingNMean": [
            1.0868259083506813e-06,
            0.0,
            0.0,
            0.0,
            1.015787720637016
        ]
    },
    "meanLatencyFromY": {
        "EndingNMean": [
            3.0887445698919826e-05,
            0.09194702963227248,
            0.9482542960305493,
            3.04711336519086e-05,
            0.0011897813545501085
        ]
    }
}