{
    "loadFromY": {
        "CrossCorr": [
            0.17384544119463183,
            6.555439148407733e-13,
            9.251873368354182e-13,
            6.555439148407733e-13,
            0.5613521002806767
        ],
        "TimeSeriesCrossCorr": [
            0.7148315316645186,
            2.567035325685959e-13,
            3.6229282627169526e-13,
            2.567035325685959e-13,
            0.714857416979017
        ],
        "TimeSeriesCrossCorrOffset": [
            0.38626609442060084,
            0.0,
            0.0,
            0.0,
            0.4055793991416309
        ],
        "EndingNMean": [
            1.094449513949113e-05,
            5.802328999901437e-07,
            1.2546056387839391e-05,
            5.802328999901437e-07,
            1.0152254512776362
        ],
        "EndingNSlope": [
            1.579528887582726,
            0.07365904438634466,
            1.8214269266716474,
            0.07365904438634466,
            1.1964146779285814
        ],
        "StartEndMeanDiff": [
            1.5650128282769176,
            0.07228400369548632,
            1.7874251464417483,
            0.07228400369548632,
            1.1740804083321839
        ],
        "M0": [
            1.015493945236216,
            0.0,
            0.0,
            0.0,
            0.0
        ],
        "M1": [
            0.07421120016319217,
            0.0,
            0.0,
            0.0,
            0.9951341097105935
        ],
        "M2": [
            0.3534087862215466,
            0.0,
            0.0,
            0.0,
            0.8922245013493401
        ],
        "M3": [
            0.48277536588148395,
            0.0,
            0.0,
            0.0,
            0.9541174305909322
        ],
        "M4": [
            0.44055301757109444,
            0.0,
            0.0,
            0.0,
            0.8436239844652572
        ],
        "M5": [
            0.2704606076793987,
            0.0,
            0.0,
            0.0,
            0.9780594369127946
        ],
        "S0": [
            0.4942940001200649,
            0.0,
            0.0,
            0.0,
            0.49598129539879887
        ],
        "S1": [
            0.922909880564604,
            0.0,
            0.0,
            0.0,
            0.9029087376421515
        ],
        "S2": [
            0.47746941211578625,
            0.0,
            0.0,
            0.0,
            0.895255147717099
        ],
        "S3": [
            0.22535211267605632,
            0.0,
            0.0,
            0.0,
            0.676056338028169
        ],
        "S4": [
            0.4363636363636363,
            0.0,
            0.0,
            0.0,
            1.018181818181818
        ],
        "S5": [
            0.6768189509306259,
            0.0,
            0.0,
            0.0,
            0.6768189509306259
        ]
    },
    "meanLatencyFromY": {
        "CrossCorr": [
            0.4807587330746835,
            0.9485570591897294,
            0.5536999798570558,
            0.3430273829657509,
            0.31335408481637583
        ],
        "TimeSeriesCrossCorr": [
            0.5673565412558649,
            0.9299557980764278,
            0.6723996046365678,
            0.37990810516643325,
            0.48720382819206526
        ],
        "TimeSeriesCrossCorrOffset": [
            0.8579577223242856,
            1.0271060136916146,
            0.8241280640508197,
            0.7216993765006038,
            0.925617038871217
        ],
        "EndingNMean": [
            1.625298119916614e-05,
            0.09199828984467351,
            0.9465004666489635,
            1.6177391190865072e-05,
            0.0011660772286852994
        ],
        "EndingNSlope": [
            0.9539096369498328,
            0.8052837151185929,
            0.9657866515220864,
            0.8956666170185429,
            0.8183168157254294
        ],
        "StartEndMeanDiff": [
            0.877535720708554,
            0.8596363417915703,
            1.0507726267005801,
            0.7887376105308777,
            0.910504744472788
        ],
        "M0": [
            0.010278569895066656,
            0.08567588944068266,
            0.9503320452949484,
            1.926813052001249e-05,
            1.6472890866870786e-05
        ],
        "M1": [
            0.02520667612054933,
            0.08983102593312932,
            0.9191774169321876,
            2.0319195442872657e-05,
            0.08002018359496403
        ],
        "M2": [
            0.1261219705790898,
            0.0019095046719224589,
            0.3099992649783741,
            8.89591325440972e-06,
            0.8069199592437121
        ],
        "M3": [
            0.12264736346652255,
            8.315172370137797e-06,
            0.22643778535880307,
            4.610090646291936e-06,
            0.9746801532575501
        ],
        "M4": [
            0.4629244234390875,
            7.447218207832653e-06,
            0.2258731979370584,
            7.438731670276883e-06,
            1.1376770533082985
        ],
        "M5": [
            0.34813069509936734,
            7.041576669897684e-06,
            0.1340948006517582,
            5.152949774159014e-06,
            1.2524193127939376
        ],
        "S0": [
            0.5860050196634283,
            0.357425885899913,
            0.17608950808130178,
            0.02905064613211902,
            0.1015209386097749
        ],
        "S1": [
            1.003691299282957,
            0.8597203460821,
            1.0471184618754104,
            1.0552847698190788,
            1.1415214257371087
        ],
        "S2": [
            1.364984211941043,
            1.2669836645751877,
            1.7531221844585063,
            1.1037220647242219,
            1.3419188765145316
        ],
        "S3": [
            2.116009898856011,
            1.149673299601315,
            1.5308770349233274,
            0.8571471552752554,
            0.9651184348723083
        ],
        "S4": [
            1.603874536261444,
            1.1394614901670124,
            1.218006708780037,
            1.0495078437232968,
            0.9932542607501521
        ],
        "S5": [
            0.8640135321546317,
            0.3428632731488376,
            0.6859821811069546,
            0.8426484106606428,
            0.47190475126515674
        ]
    }
}