{
    "meanLatencyFromY": {
        "T10": {
            "st": 0.1180321421440534,
            "conf": 0.048133152176637266
        }
    },
    "meanAvailabilityFromY": {
        "T10": {
            "st": 0.0329817359120995,
            "conf": 0.012986573042693274
        }
    },
    "meanResponseGFastLatency": {
        "T10": {
            "st": 0.035072715722271726,
            "conf": 0.012395504733678434
        }
    },
    "meanResponseGMediumLatency": {
        "T10": {
            "st": 0.04469388238868794,
            "conf": 0.02011408921015489
        }
    },
    "meanResponseGSlowLatency": {
        "T10": {
            "st": 0.03783872245080535,
            "conf": 0.020364400814431742
        }
    },
    "meanResponseGFastAvailability": {
        "T10": {
            "st": 0.014680087314272793,
            "conf": 0.00483130543665302
        }
    },
    "meanResponseGMediumAvailability": {
        "T10": {
            "st": 0.026495417883264465,
            "conf": 0.0087440883560578
        }
    },
    "meanResponseGSlowAvailability": {
        "T10": {
            "st": 0.025963295433271357,
            "conf": 0.00882610182027005
        }
    }
}