{
    "meanLatencyFromY": {
        "T10": {
            "st": [
                0.8513064676965252,
                0.0,
                0.0,
                0.1180321421440534
            ],
            "conf": [
                0.15548429019462792,
                0.0,
                0.0,
                0.06089742284146499
            ]
        }
    },
    "meanAvailabilityFromY": {
        "T10": {
            "st": [
                1.0527942871253697,
                0.00029923594931594667,
                0.07198924690262039,
                0.0329817359120995
            ],
            "conf": [
                0.20403583645547543,
                0.00018642923912126343,
                0.022971446647970784,
                0.0120790946491613
            ]
        }
    },
    "meanResponseGFastLatency": {
        "T10": {
            "st": [
                0.8900704669013065,
                0.0,
                0.00015029868721707664,
                0.035072715722271726
            ],
            "conf": [
                0.20108551517347628,
                0.0,
                7.74513513589062e-05,
                0.015952829592271307
            ]
        }
    },
    "meanResponseGMediumLatency": {
        "T10": {
            "st": [
                0.9124754737431544,
                0.0,
                0.00015230570753984525,
                0.04469388238868794
            ],
            "conf": [
                0.19263681554219983,
                0.0,
                6.555927403306821e-05,
                0.01987470379133593
            ]
        }
    },
    "meanResponseGSlowLatency": {
        "T10": {
            "st": [
                0.913382991421483,
                1.0929628699571731e-06,
                0.00020365996047774193,
                0.03783872245080535
            ],
            "conf": [
                0.1949736325954574,
                1.615516795664877e-06,
                9.688132173202287e-05,
                0.0202349351296679
            ]
        }
    },
    "meanResponseGFastAvailability": {
        "T10": {
            "st": [
                0.9850685007097538,
                0.00018495360423135363,
                0.03175208659267071,
                0.014680087314272793
            ],
            "conf": [
                0.1635460801239478,
                0.00019663561561541703,
                0.008653338241114954,
                0.005105058866741134
            ]
        }
    },
    "meanResponseGMediumAvailability": {
        "T10": {
            "st": [
                1.0144570953827405,
                0.0003675688345650205,
                0.07492311942150152,
                0.026495417883264465
            ],
            "conf": [
                0.2020177931076985,
                0.00031648341934720046,
                0.02190569875324315,
                0.010113209101921964
            ]
        }
    },
    "meanResponseGSlowAvailability": {
        "T10": {
            "st": [
                0.9479332708349333,
                0.0002997344271617492,
                0.12254295816691542,
                0.025963295433271357
            ],
            "conf": [
                0.21031007506749363,
                0.0004015116225855803,
                0.04233688153166218,
                0.008878189238156779
            ]
        }
    }
}