{
    "meanLatencyFromY": {
        "T10": {
            "st": [
                0.8513064676965252,
                0.0,
                0.0,
                0.1180321421440534
            ],
            "conf": [
                0.16188119825584574,
                0.0,
                0.0,
                0.048133152176637266
            ]
        }
    },
    "meanAvailabilityFromY": {
        "T10": {
            "st": [
                1.0527942871253697,
                0.00029923594931594667,
                0.07198924690262039,
                0.0329817359120995
            ],
            "conf": [
                0.2180056308169764,
                0.00019076967737131215,
                0.02113910985039452,
                0.012986573042693274
            ]
        }
    },
    "meanResponseGFastLatency": {
        "T10": {
            "st": [
                0.8900704669013065,
                0.0,
                0.00015029868721707664,
                0.035072715722271726
            ],
            "conf": [
                0.1925260845385287,
                0.0,
                6.869858245417973e-05,
                0.012395504733678434
            ]
        }
    },
    "meanResponseGMediumLatency": {
        "T10": {
            "st": [
                0.9124754737431544,
                0.0,
                0.00015230570753984525,
                0.04469388238868794
            ],
            "conf": [
                0.19350590366627035,
                0.0,
                8.170710506887466e-05,
                0.02011408921015489
            ]
        }
    },
    "meanResponseGSlowLatency": {
        "T10": {
            "st": [
                0.913382991421483,
                1.0929628699571731e-06,
                0.00020365996047774193,
                0.03783872245080535
            ],
            "conf": [
                0.19485446026951836,
                1.5704659977210042e-06,
                8.439471611788432e-05,
                0.020364400814431742
            ]
        }
    },
    "meanResponseGFastAvailability": {
        "T10": {
            "st": [
                0.9850685007097538,
                0.00018495360423135363,
                0.03175208659267071,
                0.014680087314272793
            ],
            "conf": [
                0.16166429827680295,
                0.00020571124210318423,
                0.008868900887901267,
                0.00483130543665302
            ]
        }
    },
    "meanResponseGMediumAvailability": {
        "T10": {
            "st": [
                1.0144570953827405,
                0.0003675688345650205,
                0.07492311942150152,
                0.026495417883264465
            ],
            "conf": [
                0.16968717163631872,
                0.0002834734509147068,
                0.02104517795767807,
                0.0087440883560578
            ]
        }
    },
    "meanResponseGSlowAvailability": {
        "T10": {
            "st": [
                0.9479332708349333,
                0.0002997344271617492,
                0.12254295816691542,
                0.025963295433271357
            ],
            "conf": [
                0.17822074833408916,
                0.0003511491115718858,
                0.049221939795262105,
                0.00882610182027005
            ]
        }
    }
}