{
    "loadFromY": {
        "EndingNMean": {
            "st": [
                0.03995255858161995,
                0.1538211399526582,
                0.0,
                0.9981561479026192
            ],
            "conf": [
                0.02138268868088995,
                0.05169338447175241,
                0.0,
                0.1683624663402464
            ]
        }
    },
    "meanLatencyFromY": {
        "EndingNMean": {
            "st": [
                0.5599895056255554,
                0.7713546284827865,
                0.0,
                0.1284275424740402
            ],
            "conf": [
                0.18455348626653612,
                0.2412595287499863,
                0.0,
                0.06551439912809509
            ]
        }
    }
}