{
    "meanLatencyFromY": {
        "EndingNMean": {
            "st": [
                0.14308150309534157,
                0.6005453581594451,
                0.3729994013458322,
                0.001772456896510068
            ],
            "conf": [
                0.022867077168757608,
                0.08550976563753411,
                0.061269994429638645,
                0.0012356694545026213
            ]
        }
    },
    "meanAvailabilityFromY": {
        "EndingNMean": {
            "st": [
                0.14236248146292999,
                0.5956698457293222,
                0.37540525926047374,
                0.005211901796261653
            ],
            "conf": [
                0.02302976655745459,
                0.08121494458092247,
                0.05328131329663135,
                0.002729620704184417
            ]
        }
    },
    "meanResponseGFastLatency": {
        "EndingNMean": {
            "st": [
                0.14152397212776086,
                0.5954102605521148,
                0.40230670790525747,
                0.0018468037154137223
            ],
            "conf": [
                0.022699295348541353,
                0.08205613648603975,
                0.05707134866622358,
                0.0010699595717296767
            ]
        }
    },
    "meanResponseGMediumLatency": {
        "EndingNMean": {
            "st": [
                0.183179657425723,
                0.6047657616114297,
                0.3485758305371126,
                0.00207980736062158
            ],
            "conf": [
                0.027722250799723878,
                0.08514170341643164,
                0.054324138233878896,
                0.001298065591792859
            ]
        }
    },
    "meanResponseGSlowLatency": {
        "EndingNMean": {
            "st": [
                0.13396536610649704,
                0.6030968251813669,
                0.388157126904704,
                0.0021383404192791495
            ],
            "conf": [
                0.021241199707433135,
                0.07774383028463208,
                0.05393922542148164,
                0.0012406228327106748
            ]
        }
    },
    "meanResponseGFastAvailability": {
        "EndingNMean": {
            "st": [
                0.14117428554885067,
                0.5949510951307821,
                0.40244515820659393,
                0.0022596008314477722
            ],
            "conf": [
                0.021462610979265495,
                0.08948991538131727,
                0.055134847736563186,
                0.0009621808165955812
            ]
        }
    },
    "meanResponseGMediumAvailability": {
        "EndingNMean": {
            "st": [
                0.18102166749964277,
                0.5987032446863435,
                0.3523821275954409,
                0.007647362957348003
            ],
            "conf": [
                0.030385400631083758,
                0.0930312353985585,
                0.05422788767625315,
                0.0035128863351476807
            ]
        }
    },
    "meanResponseGSlowAvailability": {
        "EndingNMean": {
            "st": [
                0.13321900838466377,
                0.5951802773597208,
                0.39152185864911876,
                0.007531172793304658
            ],
            "conf": [
                0.027884824725753536,
                0.08100390895033537,
                0.05951208479255407,
                0.003598026463125902
            ]
        }
    }
}