{
    "meanAvailabilityFromY": {
        "T10": {
            "st": [
                0.0015850628615833994,
                0.001183567534112442,
                0.0011572905884201206,
                1.0428251223321938
            ],
            "conf": [
                0.0007522455931490976,
                0.0004272820688094002,
                0.00044397486389192265,
                0.23500121802188356
            ]
        }
    },
    "loadFromY": {
        "T10": {
            "st": [
                0.8266919732859093,
                0.00021168403489502048,
                0.0001737063833265394,
                0.14000089961574244
            ],
            "conf": [
                0.2318287109980891,
                9.296122525708777e-05,
                6.0026827109154845e-05,
                0.06110503716142573
            ]
        }
    },
    "meanResponseP1Availability": {
        "T10": {
            "st": [
                0.005036117906536749,
                0.005195530607156255,
                0.005450585430841194,
                1.072603066215479
            ],
            "conf": [
                0.002871668791292382,
                0.0030184857198125954,
                0.0030854888921923716,
                0.2500099623645854
            ]
        }
    },
    "meanResponseP2Availability": {
        "T10": {
            "st": [
                0.00449360831777349,
                0.004250951053870586,
                0.005350322704162371,
                1.0435872479699628
            ],
            "conf": [
                0.0015593961315308537,
                0.0017875414292537577,
                0.0020925804388770633,
                0.22007517858844097
            ]
        }
    },
    "meanResponseP3Availability": {
        "T10": {
            "st": [
                0.0043207571254004155,
                0.00618867038250225,
                0.006100149436415901,
                1.0123601265621525
            ],
            "conf": [
                0.002168902295003,
                0.0031145417765552487,
                0.0030258524124060215,
                0.1934069229164887
            ]
        }
    }
}