{
    "meanLatencyFromY": {
        "EndingNMean": {
            "st": [
                0.04564580346400625,
                0.05415727570306604,
                0.12619494742778142,
                0.8287695466759752
            ],
            "conf": [
                0.008274159083357047,
                0.013930400517921021,
                0.023209827186779632,
                0.08583324222190179
            ]
        }
    },
    "meanAvailabilityFromY": {
        "EndingNMean": {
            "st": [
                0.029918893379788928,
                0.03728636918148555,
                0.5691941194698686,
                0.4566981391613069
            ],
            "conf": [
                0.005543906973209873,
                0.008881592114635113,
                0.07814990238477512,
                0.07919917304958736
            ]
        }
    },
    "meanResponseGFastLatency": {
        "EndingNMean": {
            "st": [
                0.049511462441795134,
                0.056868581621115744,
                0.13866934218116653,
                0.8196953161461296
            ],
            "conf": [
                0.008760655735977535,
                0.013292474306528914,
                0.0231036118154055,
                0.10301622755270624
            ]
        }
    },
    "meanResponseGMediumLatency": {
        "EndingNMean": {
            "st": [
                0.05243049688681832,
                0.0531005782826182,
                0.11917323099408836,
                0.8301001131617528
            ],
            "conf": [
                0.010609974249662322,
                0.01511294971558942,
                0.02469523313665801,
                0.0826513461246404
            ]
        }
    },
    "meanResponseGSlowLatency": {
        "EndingNMean": {
            "st": [
                0.042642996066247996,
                0.05855803853145876,
                0.12900579860747782,
                0.831345439364808
            ],
            "conf": [
                0.008868239542940144,
                0.012567339896513157,
                0.024637823759595206,
                0.08990377108586335
            ]
        }
    },
    "meanResponseGFastAvailability": {
        "EndingNMean": {
            "st": [
                0.03636021499523581,
                0.0408936479889062,
                0.5581603561635479,
                0.47156729442283907
            ],
            "conf": [
                0.007716427398604257,
                0.009764813828153697,
                0.06831629132725142,
                0.07704735785495317
            ]
        }
    },
    "meanResponseGMediumAvailability": {
        "EndingNMean": {
            "st": [
                0.034360975977232734,
                0.03702915348438938,
                0.5665113952040923,
                0.4558141265713982
            ],
            "conf": [
                0.007300868946698513,
                0.009931868432530667,
                0.07488614006331673,
                0.07233974318995277
            ]
        }
    },
    "meanResponseGSlowAvailability": {
        "EndingNMean": {
            "st": [
                0.028474247343974215,
                0.040361981602792016,
                0.5818015318017133,
                0.44718178612331505
            ],
            "conf": [
                0.005388843064495267,
                0.01118034053296112,
                0.07674936034940705,
                0.08093273759728613
            ]
        }
    }
}