{
    "meanLatencyFromY": {
        "T10": {
            "st": [
                0.9218789655329618,
                0.0,
                0.0,
                0.12715534513456328
            ],
            "conf": [
                0.08879885857569877,
                0.0,
                0.0,
                0.03293424668578134
            ]
        }
    },
    "meanAvailabilityFromY": {
        "T10": {
            "st": [
                1.0262831591138801,
                0.000222208788168689,
                0.057106009027572326,
                0.023938404097380565
            ],
            "conf": [
                0.105968971975173,
                9.920298075974263e-05,
                0.007863722484332895,
                0.0037369088818626772
            ]
        }
    },
    "meanResponseGFastLatency": {
        "T10": {
            "st": [
                1.028205567125172,
                4.910280541116699e-07,
                0.0001463203532275177,
                0.046633113851959854
            ],
            "conf": [
                0.0782692678954406,
                4.6459392621855007e-07,
                3.085264522154826e-05,
                0.012697072390420611
            ]
        }
    },
    "meanResponseGMediumLatency": {
        "T10": {
            "st": [
                1.013126036268974,
                5.799751926804296e-07,
                0.00022153949378219976,
                0.04945854178782194
            ],
            "conf": [
                0.0853607353378949,
                5.295989567788318e-07,
                4.068445968642097e-05,
                0.01387526130038711
            ]
        }
    },
    "meanResponseGSlowLatency": {
        "T10": {
            "st": [
                1.0123252148390063,
                4.984787435195744e-08,
                0.00015890736791876752,
                0.04285799852568548
            ],
            "conf": [
                0.09678165819505018,
                9.251313450283037e-08,
                3.34177467429326e-05,
                0.012415845425639975
            ]
        }
    },
    "meanResponseGFastAvailability": {
        "T10": {
            "st": [
                1.0206408811344752,
                0.0001139147871516894,
                0.03003082469502667,
                0.008639060302448735
            ],
            "conf": [
                0.09568962828002069,
                8.618556137323676e-05,
                0.004008773195443714,
                0.0014067226390488167
            ]
        }
    },
    "meanResponseGMediumAvailability": {
        "T10": {
            "st": [
                0.9948184480700268,
                0.00017701713814012002,
                0.07902053834027889,
                0.01665947804324302
            ],
            "conf": [
                0.10820662963214873,
                9.514976626952992e-05,
                0.01120236504051771,
                0.0025695874702331297
            ]
        }
    },
    "meanResponseGSlowAvailability": {
        "T10": {
            "st": [
                0.9844722298030559,
                9.895177472085501e-05,
                0.12677262136303188,
                0.015618867404804818
            ],
            "conf": [
                0.10790224164063537,
                0.00012474660732065111,
                0.024152761854598755,
                0.002784167792337169
            ]
        }
    }
}