{
    "meanLatencyFromY": {
        "T10": {
            "st": 0.12715534513456328,
            "conf": 0.03293424668578134
        }
    },
    "meanAvailabilityFromY": {
        "T10": {
            "st": 0.023938404097380565,
            "conf": 0.0037369088818626772
        }
    },
    "meanResponseGFastLatency": {
        "T10": {
            "st": 0.046633113851959854,
            "conf": 0.012697072390420611
        }
    },
    "meanResponseGMediumLatency": {
        "T10": {
            "st": 0.04945854178782194,
            "conf": 0.01387526130038711
        }
    },
    "meanResponseGSlowLatency": {
        "T10": {
            "st": 0.04285799852568548,
            "conf": 0.012415845425639975
        }
    },
    "meanResponseGFastAvailability": {
        "T10": {
            "st": 0.008639060302448735,
            "conf": 0.0014067226390488167
        }
    },
    "meanResponseGMediumAvailability": {
        "T10": {
            "st": 0.01665947804324302,
            "conf": 0.0025695874702331297
        }
    },
    "meanResponseGSlowAvailability": {
        "T10": {
            "st": 0.015618867404804818,
            "conf": 0.002784167792337169
        }
    }
}