{
    "loadFromY": {
        "EndingNMean": [
            4.289572953867424e-06,
            0.0,
            0.0,
            0.0,
            1.0009696841066693
        ]
    },
    "meanLatencyFromY": {
        "EndingNMean": [
            2.7726414466884185e-05,
            0.0815886319940149,
            0.9446440966732017,
            3.337621836304323e-05,
            0.002783056019414479
        ]
    }
}