{
    "meanLatencyFromY": {
        "T10": {
            "st": [
                1.7048805172865214e-05,
                0.0,
                0.0,
                0.9994714577050156
            ],
            "conf": [
                2.3410544358021443e-06,
                0.0,
                0.0,
                0.0804842469450506
            ]
        }
    },
    "meanAvailabilityFromY": {
        "T10": {
            "st": [
                0.007349120822557727,
                0.0,
                0.9981189560124933,
                5.9213430188862143e-05
            ],
            "conf": [
                0.001209779754112564,
                0.0,
                0.08744620918727973,
                1.1110012308257561e-05
            ]
        }
    },
    "meanResponseGFastLatency": {
        "T10": {
            "st": [
                6.802503725842214e-05,
                0.0,
                3.0168030268341774e-09,
                0.9996053776780267
            ],
            "conf": [
                8.50341523734831e-06,
                0.0,
                4.418192383609294e-10,
                0.08795438834070933
            ]
        }
    },
    "meanResponseGMediumLatency": {
        "T10": {
            "st": [
                4.0588528900830974e-05,
                0.0,
                3.775716496147578e-09,
                0.9994495317239791
            ],
            "conf": [
                5.428423655137069e-06,
                0.0,
                5.747375097954175e-10,
                0.0899696324780353
            ]
        }
    },
    "meanResponseGSlowLatency": {
        "T10": {
            "st": [
                7.41535500413525e-05,
                0.0,
                4.776951396787704e-09,
                0.9994341313883985
            ],
            "conf": [
                8.141152263106065e-06,
                0.0,
                6.518303982588771e-10,
                0.08027777707409015
            ]
        }
    },
    "meanResponseGFastAvailability": {
        "T10": {
            "st": [
                0.036263811631000356,
                0.0,
                0.9762197393199066,
                0.0002417297300780685
            ],
            "conf": [
                0.005594651269990479,
                0.0,
                0.08208831373061329,
                6.140159070216239e-05
            ]
        }
    },
    "meanResponseGMediumAvailability": {
        "T10": {
            "st": [
                0.04921247424542408,
                0.0,
                0.9681108752586314,
                0.00020406684437948968
            ],
            "conf": [
                0.006741245619745781,
                0.0,
                0.0933092899730159,
                5.3858564942795403e-05
            ]
        }
    },
    "meanResponseGSlowAvailability": {
        "T10": {
            "st": [
                0.02467364482635934,
                0.0,
                0.9969637431553999,
                0.0001597578077928275
            ],
            "conf": [
                0.003954243284564417,
                0.0,
                0.08775422861218486,
                3.4269252355269195e-05
            ]
        }
    }
}