{
    "meanLatencyFromY": {
        "EndingNMean": [
            1.2657721698401772,
            1.1074045635871246,
            1.2045808005084797,
            0.9852404944204364,
            1.1008058445835955
        ]
    },
    "meanAvailabilityFromY": {
        "EndingNMean": [
            0.05676225417435228,
            0.026153897177381903,
            0.004908057104771148,
            0.7745937628603322,
            0.2062616995253626
        ]
    },
    "meanResponseGFastLatency": {
        "EndingNMean": [
            0.8544994586663714,
            0.009622876604933934,
            0.008780038585918462,
            0.006110644880151595,
            0.05351522639385693
        ]
    },
    "meanResponseGMediumLatency": {
        "EndingNMean": [
            0.8594742744387,
            0.009469000872083121,
            0.005549986872728594,
            0.0074401598802950305,
            0.05186570760488809
        ]
    },
    "meanResponseGSlowLatency": {
        "EndingNMean": [
            0.8528229505966066,
            0.011139354324584082,
            0.006454660582435497,
            0.01127451589049377,
            0.051470986337915296
        ]
    },
    "meanResponseGFastAvailability": {
        "EndingNMean": [
            0.06865910079392627,
            0.028691525391139595,
            0.01089045695343536,
            0.716912033767516,
            0.27959629715942164
        ]
    },
    "meanResponseGMediumAvailability": {
        "EndingNMean": [
            0.06688521642365369,
            0.03363120108909338,
            0.01198726613534376,
            0.772858810311357,
            0.22807855512880626
        ]
    },
    "meanResponseGSlowAvailability": {
        "EndingNMean": [
            0.04809922286484359,
            0.0326016701534378,
            0.0073247234933457635,
            0.8143975824401384,
            0.16372092328870624
        ]
    }
}