{
    "loadFromY": {
        "EndingNMean": [
            0.03617979259918197,
            0.016325513444747163,
            0.13870333469934654,
            7.149930228778009e-06,
            0.9284079960879111
        ]
    },
    "meanLatencyFromY": {
        "EndingNMean": [
            0.42248554696124296,
            0.057382617939815674,
            0.8380847396660309,
            9.270901211492659e-06,
            0.09768310492507744
        ]
    }
}