{
    "meanAvailabilityFromY": {
        "EndingNMean": {
            "st": [
                0.49047687806356977,
                0.014079665477799605,
                0.4014446489562776,
                0.3015401157051783
            ],
            "conf": [
                0.14047339308029097,
                0.004424697070214004,
                0.14470319750119137,
                0.10797678222727103
            ]
        }
    },
    "loadFromY": {
        "EndingNMean": {
            "st": [
                0.9740147446393486,
                0.0,
                0.0,
                0.0
            ],
            "conf": [
                0.14335647470940488,
                0.0,
                0.0,
                0.0
            ]
        }
    }
}