{
    "meanAvailabilityFromY": {
        "T10": {
            "st": [
                0.5947859340708924,
                1.0424690813266893,
                0.8451249059857,
                0.6539138613786287
            ],
            "conf": [
                0.15908670345311104,
                0.2906963339140569,
                0.2429693832991117,
                0.20307639970921867
            ]
        }
    },
    "loadFromY": {
        "T10": {
            "st": [
                0.027324899710763947,
                0.7882304198815304,
                0.00012159133838118656,
                0.12756374590254327
            ],
            "conf": [
                0.024918391059073352,
                0.2367567847566054,
                0.00011128200620871892,
                0.10772267660665392
            ]
        }
    },
    "meanResponseP1Availability": {
        "T10": {
            "st": [
                1.051706715848729,
                0.8951515650716534,
                0.9598078769093907,
                0.6045029675991231
            ],
            "conf": [
                0.27775713863260615,
                0.20431219494567035,
                0.21675049004569322,
                0.1633611650679294
            ]
        }
    },
    "meanResponseP2Availability": {
        "T10": {
            "st": [
                1.0163424596161834,
                1.1382981932140033,
                0.9849756486989607,
                0.8608377089113823
            ],
            "conf": [
                0.3159726851333438,
                0.3748787038331666,
                0.2745385217088619,
                0.2606486654975659
            ]
        }
    },
    "meanResponseP3Availability": {
        "T10": {
            "st": [
                0.9067883304379742,
                1.0742890299537613,
                0.922170135842047,
                0.7091969737516624
            ],
            "conf": [
                0.2460849414580628,
                0.3180585329402097,
                0.28608144995358303,
                0.18689894024911946
            ]
        }
    }
}