{
    "meanAvailabilityFromY": {
        "T10": {
            "st": [
                0.5947859340708924,
                1.0424690813266893,
                0.8451249059857,
                0.6539138613786287
            ],
            "conf": [
                0.15768062446139977,
                0.26848769832440095,
                0.23783832948727154,
                0.20105652521489845
            ]
        }
    },
    "loadFromY": {
        "T10": {
            "st": [
                0.027324899710763947,
                0.7882304198815304,
                0.00012159133838118656,
                0.12756374590254327
            ],
            "conf": [
                0.021490932451171774,
                0.2650614692906462,
                0.0001227926054303434,
                0.0845198924276621
            ]
        }
    },
    "meanResponseP1Availability": {
        "T10": {
            "st": [
                1.051706715848729,
                0.8951515650716534,
                0.9598078769093907,
                0.6045029675991231
            ],
            "conf": [
                0.3132138203909159,
                0.19235269854673176,
                0.25575419895995993,
                0.14700214515845328
            ]
        }
    },
    "meanResponseP2Availability": {
        "T10": {
            "st": [
                1.0163424596161834,
                1.1382981932140033,
                0.9849756486989607,
                0.8608377089113823
            ],
            "conf": [
                0.3214946547886364,
                0.34561502397049343,
                0.27374845737198633,
                0.254343676682905
            ]
        }
    },
    "meanResponseP3Availability": {
        "T10": {
            "st": [
                0.9067883304379742,
                1.0742890299537613,
                0.922170135842047,
                0.7091969737516624
            ],
            "conf": [
                0.2530997783844816,
                0.279494221268423,
                0.270698365990616,
                0.18366718113579195
            ]
        }
    }
}