{
    "meanAvailabilityFromY": {
        "T10": {
            "st": 0.6539138613786287,
            "conf": 0.20105652521489845
        }
    },
    "loadFromY": {
        "T10": {
            "st": 0.12756374590254327,
            "conf": 0.0845198924276621
        }
    },
    "meanResponseP1Availability": {
        "T10": {
            "st": 0.6045029675991231,
            "conf": 0.14700214515845328
        }
    },
    "meanResponseP2Availability": {
        "T10": {
            "st": 0.8608377089113823,
            "conf": 0.254343676682905
        }
    },
    "meanResponseP3Availability": {
        "T10": {
            "st": 0.7091969737516624,
            "conf": 0.18366718113579195
        }
    }
}