{
    "meanAvailabilityFromY": {
        "T10": {
            "st": [
                0.0034713956866630875,
                1.554560816996215e-05,
                0.0,
                0.9931616347899637
            ],
            "conf": [
                0.001225050719722528,
                5.858731440762896e-06,
                0.0,
                0.17767659315149892
            ]
        }
    },
    "loadFromY": {
        "T10": {
            "st": [
                0.9990593135685131,
                0.0,
                0.0,
                0.0
            ],
            "conf": [
                0.16317303774858685,
                0.0,
                0.0,
                0.0
            ]
        }
    },
    "meanResponseP1Availability": {
        "T10": {
            "st": [
                0.010804799309824961,
                5.240881072766088e-05,
                0.0,
                0.9933059734311411
            ],
            "conf": [
                0.002833972459041845,
                2.133548096213401e-05,
                0.0,
                0.18475552529558092
            ]
        }
    },
    "meanResponseP2Availability": {
        "T10": {
            "st": [
                0.008161795967269276,
                7.402005244519384e-05,
                0.0,
                0.9912083032524939
            ],
            "conf": [
                0.0024895633734362305,
                2.9044788185496903e-05,
                0.0,
                0.16459937460919763
            ]
        }
    },
    "meanResponseP3Availability": {
        "T10": {
            "st": [
                0.0060514315476144125,
                4.692576991267773e-05,
                0.0,
                0.9893570529126074
            ],
            "conf": [
                0.001866181743550283,
                1.63208186670277e-05,
                0.0,
                0.1722193223704108
            ]
        }
    }
}