{
    "meanAvailabilityFromY": {
        "T10": {
            "st": [
                0.0034713956866630875,
                1.554560816996215e-05,
                0.0,
                0.9931616347899637
            ],
            "conf": [
                0.0012730866546033983,
                5.908630324535925e-06,
                0.0,
                0.16736199462503054
            ]
        }
    },
    "loadFromY": {
        "T10": {
            "st": [
                0.9990593135685131,
                0.0,
                0.0,
                0.0
            ],
            "conf": [
                0.20233025456401088,
                0.0,
                0.0,
                0.0
            ]
        }
    },
    "meanResponseP1Availability": {
        "T10": {
            "st": [
                0.010804799309824961,
                5.240881072766088e-05,
                0.0,
                0.9933059734311411
            ],
            "conf": [
                0.00336678945609777,
                1.8393111942235532e-05,
                0.0,
                0.18989377864698107
            ]
        }
    },
    "meanResponseP2Availability": {
        "T10": {
            "st": [
                0.008161795967269276,
                7.402005244519384e-05,
                0.0,
                0.9912083032524939
            ],
            "conf": [
                0.001984009011493712,
                2.6356452617457823e-05,
                0.0,
                0.17581939913834174
            ]
        }
    },
    "meanResponseP3Availability": {
        "T10": {
            "st": [
                0.0060514315476144125,
                4.692576991267773e-05,
                0.0,
                0.9893570529126074
            ],
            "conf": [
                0.0019317846448586276,
                1.5952498751701484e-05,
                0.0,
                0.17147401481149654
            ]
        }
    }
}