{
    "meanLatencyFromY": {
        "T10": {
            "st": [
                0.00382584880768456,
                0.0030070268600749157,
                0.003469475249306222,
                1.0063154040208293
            ],
            "conf": [
                0.0007210460727049246,
                0.0005718430548520024,
                0.0005523713849033769,
                0.08167863192538706
            ]
        }
    },
    "meanAvailabilityFromY": {
        "T10": {
            "st": [
                0.024657163667216445,
                0.021620795479145305,
                0.5585538363466859,
                0.4726755339282887
            ],
            "conf": [
                0.005621973939450552,
                0.004132660500525212,
                0.08514298802682901,
                0.07370125395118755
            ]
        }
    },
    "meanResponseGFastLatency": {
        "T10": {
            "st": [
                0.008595187966616263,
                0.007997275438314381,
                0.0101311847617152,
                0.9988630407349789
            ],
            "conf": [
                0.0014506718114023686,
                0.0017913739393026573,
                0.0021034373952369696,
                0.08476585646109341
            ]
        }
    },
    "meanResponseGMediumLatency": {
        "T10": {
            "st": [
                0.010496284719567005,
                0.00792632171878998,
                0.008836862767084683,
                1.0126246983169838
            ],
            "conf": [
                0.002118778028038496,
                0.0015624446647272453,
                0.001372540108294386,
                0.0925537724257106
            ]
        }
    },
    "meanResponseGSlowLatency": {
        "T10": {
            "st": [
                0.00925716294383419,
                0.007174392035379017,
                0.007306041490776004,
                0.9992083818698206
            ],
            "conf": [
                0.0017134037128132297,
                0.0010767133021633447,
                0.0012192812100428941,
                0.08375876344715066
            ]
        }
    },
    "meanResponseGFastAvailability": {
        "T10": {
            "st": [
                0.03753601434546049,
                0.029904237678528855,
                0.2389394960032514,
                0.7973564099632373
            ],
            "conf": [
                0.007479098470265588,
                0.007948221031211431,
                0.05177745848708772,
                0.09037520522961333
            ]
        }
    },
    "meanResponseGMediumAvailability": {
        "T10": {
            "st": [
                0.10069940750013244,
                0.09001113502634525,
                0.8626705957942905,
                0.19809983260214908
            ],
            "conf": [
                0.014824753235520252,
                0.01752594637527209,
                0.10191441167134392,
                0.0421820221560924
            ]
        }
    },
    "meanResponseGSlowAvailability": {
        "T10": {
            "st": [
                0.09691169977313605,
                0.08733398059262294,
                0.8690674045212841,
                0.16771034135023682
            ],
            "conf": [
                0.012752404788169965,
                0.015055395916788585,
                0.10778624158056638,
                0.040944953492688084
            ]
        }
    }
}