{
    "meanAvailabilityFromY": {
        "EndingNMean": {
            "st": [
                0.0009489698794383872,
                0.0007126941927122703,
                0.00066342409291401,
                0.9983215619875487
            ],
            "conf": [
                0.0002202050108278513,
                0.00017342548121325541,
                0.00016668435886082425,
                0.09633428442171074
            ]
        }
    },
    "loadFromY": {
        "EndingNMean": {
            "st": [
                0.6709176895686264,
                0.00018396965503178744,
                0.00019416446660604165,
                0.3877784077257796
            ],
            "conf": [
                0.08511979217677186,
                3.873998262237485e-05,
                3.561567777963882e-05,
                0.058461234818263215
            ]
        }
    },
    "meanResponseP1Availability": {
        "EndingNMean": {
            "st": [
                0.0027624061034919227,
                0.0025307841402609295,
                0.002954749129592157,
                0.9955954057562328
            ],
            "conf": [
                0.0005534698209327905,
                0.000627738065317755,
                0.0008551516221395732,
                0.08135653842746532
            ]
        }
    },
    "meanResponseP2Availability": {
        "EndingNMean": {
            "st": [
                0.0025845243119821063,
                0.0023004133671210318,
                0.002097492882731737,
                0.9929698007608574
            ],
            "conf": [
                0.0004966211479313992,
                0.0005769630687857338,
                0.000612009149019967,
                0.09223575719640226
            ]
        }
    },
    "meanResponseP3Availability": {
        "EndingNMean": {
            "st": [
                0.0023346521790442425,
                0.0018669201147402923,
                0.0021102739202942256,
                1.0066115344271875
            ],
            "conf": [
                0.000421878374079117,
                0.0003315333489482923,
                0.00038715735651308973,
                0.08731614759101898
            ]
        }
    }
}