{
    "meanAvailabilityFromY": {
        "T10": {
            "st": [
                0.7371568552709823,
                0.2886944020912208,
                0.126049726216064,
                0.27026101240717565
            ],
            "conf": [
                0.3637507399690913,
                0.17677792794568553,
                0.0739623549773794,
                0.14553259675619382
            ]
        }
    },
    "loadFromY": {
        "T10": {
            "st": [
                0.9528799037509488,
                0.00014572142087295606,
                2.0814133616099146e-05,
                0.005735084553437873
            ],
            "conf": [
                0.16379794800666184,
                8.424073828374868e-05,
                2.0654717657793214e-05,
                0.0025684223341199356
            ]
        }
    },
    "meanResponseP1Availability": {
        "T10": {
            "st": [
                0.8511643053875769,
                0.4734385942078645,
                0.1814844823958552,
                0.38174933123138743
            ],
            "conf": [
                0.2738938502115148,
                0.20554844477352552,
                0.08055262560409829,
                0.13740138414322398
            ]
        }
    },
    "meanResponseP2Availability": {
        "T10": {
            "st": [
                0.7688100891573236,
                0.5447809058910567,
                0.24885091920749922,
                0.49455426478596926
            ],
            "conf": [
                0.37738872785310407,
                0.2297522064881227,
                0.16513128757358728,
                0.24431714704690516
            ]
        }
    },
    "meanResponseP3Availability": {
        "T10": {
            "st": [
                0.8769108777689558,
                0.578629822689518,
                0.21078763321922395,
                0.7410773727182735
            ],
            "conf": [
                0.3062023543215121,
                0.3017203742915886,
                0.10428796205573525,
                0.3213945917780411
            ]
        }
    }
}