{
    "meanAvailabilityFromY": {
        "T10": {
            "st": 0.8530199647298714,
            "conf": 0.1090861988961397
        }
    },
    "loadFromY": {
        "T10": {
            "st": 0.2167857998577953,
            "conf": 0.07478234085881116
        }
    },
    "meanResponseP1Availability": {
        "T10": {
            "st": 0.8738954626034589,
            "conf": 0.12471369199303879
        }
    },
    "meanResponseP2Availability": {
        "T10": {
            "st": 0.7932520667008894,
            "conf": 0.09438056758422442
        }
    },
    "meanResponseP3Availability": {
        "T10": {
            "st": 0.8676359073849309,
            "conf": 0.10643971500357659
        }
    }
}