{
    "meanAvailabilityFromY": {
        "T10": {
            "st": [
                0.8694380693178754,
                1.103727070326059,
                0.40125342583579626,
                0.8651171240138386
            ],
            "conf": [
                0.25317671448113266,
                0.31914582894087407,
                0.1343219745450685,
                0.21491292051474198
            ]
        }
    },
    "loadFromY": {
        "T10": {
            "st": [
                0.7442397019335592,
                0.4511816821669125,
                3.848973422750115e-05,
                0.011856253013171903
            ],
            "conf": [
                0.17538147297077078,
                0.1632240883949883,
                1.5748003374788674e-05,
                0.004132423011453253
            ]
        }
    },
    "meanResponseP1Availability": {
        "T10": {
            "st": [
                0.5876721759862696,
                0.835849572641566,
                0.321457575474055,
                0.6749939371238847
            ],
            "conf": [
                0.13508453195580888,
                0.2327608858765786,
                0.11303242625191733,
                0.18264506648088405
            ]
        }
    },
    "meanResponseP2Availability": {
        "T10": {
            "st": [
                0.8627449102481306,
                0.8154156764593025,
                0.3238939811071017,
                0.8942989243068499
            ],
            "conf": [
                0.21871327364971074,
                0.2703441488342325,
                0.1079334956256883,
                0.23184563364234806
            ]
        }
    },
    "meanResponseP3Availability": {
        "T10": {
            "st": [
                0.9756926873196731,
                0.9546763305612077,
                0.42987337091802563,
                0.8433936274884275
            ],
            "conf": [
                0.24144016032758203,
                0.2125694077285654,
                0.1303731650677069,
                0.22689341582706982
            ]
        }
    }
}