{
    "meanAvailabilityFromY": {
        "T10": {
            "st": 0.8651171240138386,
            "conf": 0.21299506399961435
        }
    },
    "loadFromY": {
        "T10": {
            "st": 0.011856253013171903,
            "conf": 0.003998410748042518
        }
    },
    "meanResponseP1Availability": {
        "T10": {
            "st": 0.6749939371238847,
            "conf": 0.16608715865471113
        }
    },
    "meanResponseP2Availability": {
        "T10": {
            "st": 0.8942989243068499,
            "conf": 0.22268175526749925
        }
    },
    "meanResponseP3Availability": {
        "T10": {
            "st": 0.8433936274884275,
            "conf": 0.23075488205107364
        }
    }
}