{
    "meanAvailabilityFromY": {
        "T10": {
            "st": [
                0.8694380693178754,
                1.103727070326059,
                0.40125342583579626,
                0.8651171240138386
            ],
            "conf": [
                0.27562722142941104,
                0.28561621798355635,
                0.12813854373432745,
                0.21299506399961435
            ]
        }
    },
    "loadFromY": {
        "T10": {
            "st": [
                0.7442397019335592,
                0.4511816821669125,
                3.848973422750115e-05,
                0.011856253013171903
            ],
            "conf": [
                0.16460143950110132,
                0.18863217644084307,
                1.5910943796327083e-05,
                0.003998410748042518
            ]
        }
    },
    "meanResponseP1Availability": {
        "T10": {
            "st": [
                0.5876721759862696,
                0.835849572641566,
                0.321457575474055,
                0.6749939371238847
            ],
            "conf": [
                0.14553961875851185,
                0.24628773646338512,
                0.11083106281994023,
                0.16608715865471113
            ]
        }
    },
    "meanResponseP2Availability": {
        "T10": {
            "st": [
                0.8627449102481306,
                0.8154156764593025,
                0.3238939811071017,
                0.8942989243068499
            ],
            "conf": [
                0.21322511404182912,
                0.27866199260921265,
                0.13348738331029514,
                0.22268175526749925
            ]
        }
    },
    "meanResponseP3Availability": {
        "T10": {
            "st": [
                0.9756926873196731,
                0.9546763305612077,
                0.42987337091802563,
                0.8433936274884275
            ],
            "conf": [
                0.22215943847622585,
                0.25071248868912904,
                0.13170005088886377,
                0.23075488205107364
            ]
        }
    }
}