{
    "meanAvailabilityFromY": {
        "EndingNMean": {
            "st": [
                0.5005116972049127,
                6.165925665062859e-05,
                0.4422067580218433,
                0.31507901543681466
            ],
            "conf": [
                0.09497542567865828,
                1.5461220125794545e-05,
                0.08996578079263409,
                0.07091890086319143
            ]
        }
    },
    "loadFromY": {
        "EndingNMean": {
            "st": [
                0.9999273967943121,
                0.0,
                0.0,
                0.0
            ],
            "conf": [
                0.08964457355638258,
                0.0,
                0.0,
                0.0
            ]
        }
    },
    "meanResponseP1Availability": {
        "EndingNMean": {
            "st": [
                0.5437065475984315,
                0.00017262399074981894,
                0.3653230695758966,
                0.29502612638857967
            ],
            "conf": [
                0.08199470838336742,
                3.928595696914161e-05,
                0.07380627742257406,
                0.06885290318520089
            ]
        }
    },
    "meanResponseP2Availability": {
        "EndingNMean": {
            "st": [
                0.48321433970158173,
                0.0002204435045060353,
                0.4544945952508171,
                0.33437043077773115
            ],
            "conf": [
                0.07798514887786483,
                6.104944387750052e-05,
                0.09825512551418447,
                0.07326976846499855
            ]
        }
    },
    "meanResponseP3Availability": {
        "EndingNMean": {
            "st": [
                0.5286230501617245,
                0.00020292046858133076,
                0.49570286913306516,
                0.3009455827719829
            ],
            "conf": [
                0.08350650602161387,
                5.18492701694745e-05,
                0.10472259874582984,
                0.056137490695624695
            ]
        }
    }
}