{
    "loadFromY": {
        "EndingNMean": {
            "st": [
                0.032731044901836724,
                0.16674550515329958,
                0.0,
                0.9763343696410574
            ],
            "conf": [
                0.025281542484026955,
                0.0723769238156593,
                0.0,
                0.2212799407782851
            ]
        }
    },
    "meanLatencyFromY": {
        "EndingNMean": {
            "st": [
                0.5544621833349805,
                0.8587546462039447,
                0.0,
                0.12424828818168249
            ],
            "conf": [
                0.22749282941692398,
                0.2917560082438759,
                0.0,
                0.07480260069380935
            ]
        }
    },
    "meanResponseP1Latency": {
        "EndingNMean": {
            "st": [
                0.5545359833291827,
                0.858822854977498,
                4.896811263254349e-12,
                0.12423177030766679
            ],
            "conf": [
                0.2365188813600922,
                0.3253573619006179,
                2.6443369924833123e-12,
                0.0653177484951098
            ]
        }
    },
    "meanResponseP2Latency": {
        "EndingNMean": {
            "st": [
                0.5545509490554553,
                0.85915877266118,
                4.8857291371127946e-12,
                0.12433685713631673
            ],
            "conf": [
                0.23755110551707487,
                0.30523077516529606,
                3.0179459153657153e-12,
                0.0874902527508771
            ]
        }
    },
    "meanResponseP3Latency": {
        "EndingNMean": {
            "st": [
                0.554384217203882,
                0.8582806289003488,
                4.559511170802988e-12,
                0.1241427823597094
            ],
            "conf": [
                0.2330887621613591,
                0.2834569497231141,
                2.0116373491305607e-12,
                0.07291780226290118
            ]
        }
    }
}