{
    "loadFromY": {
        "EndingNMean": {
            "st": [
                0.032731044901836724,
                0.16674550515329958,
                0.0,
                0.9763343696410574
            ],
            "conf": [
                0.024953157304872683,
                0.0591136380667525,
                0.0,
                0.22071572492597397
            ]
        }
    },
    "meanLatencyFromY": {
        "EndingNMean": {
            "st": [
                0.5544621833349805,
                0.8587546462039447,
                0.0,
                0.12424828818168249
            ],
            "conf": [
                0.2304773278402553,
                0.27425179183473747,
                0.0,
                0.07001824403761728
            ]
        }
    },
    "meanResponseP1Availability": {
        "EndingNMean": {
            "st": [
                0.0041274602122064255,
                0.0030318974315872815,
                0.9993094686017348,
                0.003581867218901313
            ],
            "conf": [
                0.0023026697744736578,
                0.000988038487489365,
                0.16913914841688224,
                0.0012617102990144413
            ]
        }
    },
    "meanResponseP2Availability": {
        "EndingNMean": {
            "st": [
                0.0038490491461156853,
                0.004321031493867262,
                1.002319851871237,
                0.0038643181241635144
            ],
            "conf": [
                0.0012619390524237265,
                0.0022796793941883505,
                0.1791448674511063,
                0.0012640990444697606
            ]
        }
    },
    "meanResponseP3Availability": {
        "EndingNMean": {
            "st": [
                0.003017080510055217,
                0.002550706872786865,
                1.0047949625055135,
                0.003076386932028947
            ],
            "conf": [
                0.0012304479550543479,
                0.0007080134177829478,
                0.18005177158880226,
                0.001087728110996036
            ]
        }
    }
}